num_acc,datetime,nom_com,an,mois,jour,hrmn,lum,agg,int,atm,col,dep,com,insee,adr,lat,long,code_postal,num,coordonnees,pr,surf,v1,circ,vosp,env1,voie,larrout,v2,lartpc,nbv,catr,pr1,plan,prof,infra,situ,an_nais,sexe,actp,grav,secu,secu_utl,locp,num_veh,place,catu,etatp,trajet,choc,manv,senc,obsm,obs,catv,occutc,gps,date,year_georef,com_name,dep_code,dep_name,epci_code,epci_name,reg_code,reg_name,com_arm_name,com_code
201600021996,2016-05-27T09:55:00+00:00,Concarneau,2016,05,27,11:55,Plein jour,Hors agglomération,1,Normale,Autre collision,29,039,29039,TRICHARD (RUE YVES),4787847,-385402,29900,,"{'lon': -3.866417, 'lat': 47.878744}",2,normale,,Bidirectionnelle,,00,122,56.0,,0.0,2.0,Route Départementale,700.0,Partie rectiligne,Plat,,Sur accotement,['1932'],['Masculin'],['Se déplaçant'],['Blessé'],['Ceinture'],['Oui'],,A01,['1'],['Conducteur'],,['Domicile – travail'],['Avant droit'],['Déporté A droite'],PK ou PR ou numéro d’adresse postale croissant,,['Autre obstacle fixe sur trottoir ou accotement'],['VL seul'],,Métropole,,2016,Concarneau,29,Finistère,242900769,CA Concarneau Cornouaille Agglomération,53,Bretagne,Concarneau,29039
201600022118,2016-05-01T02:34:00+00:00,Ergue-gaberic,2016,05,01,04:34,Nuit sans éclairage public,Hors agglomération,1,Normale,Sans collision,29,051,29051,ROUTE d'ELLIANT,4799047,-398900,29500,,"{'lon': -4.048554, 'lat': 47.994312}",6,normale,,Bidirectionnelle,,00,115,60.0,E,0.0,2.0,Route Départementale,200.0,En courbe à droite,Sommet de côte,,Sur chaussée,"['1995', '1989', '1992']","['Masculin', 'Masculin', 'Masculin']","['Se déplaçant', 'Se déplaçant', 'Se déplaçant']","['Blessé', 'Blessé', 'Blessé']","['Ceinture', 'Ceinture', 'Ceinture']","['Oui', 'Oui', 'Oui']",,A01,"['3', '2', '1']","['Passager', 'Passager', 'Conducteur']",,"['Autre', 'Autre', 'Autre']",,,PK ou PR ou numéro d’adresse postale croissant,,['Fossé'],['VL seul'],,Métropole,,2016,Ergué-Gabéric,29,Finistère,242900728,CA Quimper Communauté,53,Bretagne,Ergué-Gabéric,29051
201600020081,2016-06-20T07:15:00+00:00,Fontaine-la-soret,2016,06,20,09:15,Plein jour,Hors agglomération,1,Pluie légère,Deux véhicules - frontale,27,253,27253,,4915482,0072572,27550,,"{'lon': 0.716605, 'lat': 49.146918}",59,normale,,Bidirectionnelle,,00,613,0.0,,0.0,2.0,Route Départementale,700.0,En courbe à gauche,Pente,,Sur chaussée,"['1953', '1960']","['Masculin', 'Masculin']","['Se déplaçant', 'Se déplaçant']","['Tué', 'Indemne']","['Ceinture', 'Ceinture']","['Non déterminable', 'Oui']",,"A01,B02","['1', '1']","['Conducteur', 'Conducteur']",,"['Promenade – loisirs', 'Utilisation professionnelle']","['Avant', 'Avant']","['A contresens', 'Sans changement de direction']","PK ou PR ou numéro d’adresse postale croissant,PK ou PR ou numéro d’adresse postale décroissant","['Véhicule', 'Véhicule']",,"['VL seul', 'PL seul > 7']",,Métropole,,2016,Fontaine-la-Soret,27,Eure,200041671,CC Intercom Risle et Charentonne,28,Normandie,Fontaine-la-Soret,27253
201600020231,2016-12-25T17:00:00+00:00,Montoire-sur-le-loir,2016,12,25,18:00,Nuit sans éclairage public,En agglomération,1,Pluie légère,Autre collision,41,149,41149,avenue du château,4775067,0085729,41800,,"{'lon': 0.855722, 'lat': 47.749881}",16,mouillée,,Bidirectionnelle,,99,9,65.0,,0.0,0.0,Route Départementale,50.0,En courbe à gauche,Pente,,Sur chaussée,"['1948', '1997']","['Masculin', 'Masculin']","['Traversant', 'Se déplaçant']","['Blessé', 'Indemne']",['Ceinture'],['Oui'],['Sur chaussée - A + 50 m du passage piéton'],A01,['1'],"['Piéton', 'Conducteur']",['En groupe'],"['Promenade – loisirs', 'Promenade – loisirs']",['Avant'],['Déporté A gauche'],PK ou PR ou numéro d’adresse postale décroissant,['Piéton'],,['VL seul'],,Métropole,,2016,Montoire-sur-le-Loir,41,Loir-et-Cher,200040780,CC Vallées Loir et Braye,24,Centre-Val de Loire,Montoire-sur-le-Loir,41149
201600019560,2016-12-11T04:30:00+00:00,Melesse,2016,12,11,05:30,Nuit sans éclairage public,Hors agglomération,1,Normale,Autre collision,35,173,35173,LIEU-DIT GAULON,4821660,-172442,35520,,"{'lon': -1.724575, 'lat': 48.216648}",26,normale,,Bidirectionnelle,,99,28,0.0,,56.0,2.0,Route Départementale,700.0,Partie rectiligne,Plat,,Sur accotement,['1990'],['Masculin'],['Se déplaçant'],['Blessé'],['Ceinture'],['Non'],,A01,['1'],['Conducteur'],,['Promenade – loisirs'],['Avant'],['Sans changement de direction'],,,['Fossé'],['VL seul'],,Métropole,,2016,Melesse,35,Ille-et-Vilaine,243500667,CC du Val d'Ille,53,Bretagne,Melesse,35173
201600022705,2016-01-20T07:35:00+00:00,Toulouse,2016,01,20,08:35,Plein jour,En agglomération,1,Normale,Deux véhicules – par le coté,31,555,31555,"153, RUE HENRI DESBALS",,,31000,153,"{'lon': 1.442442, 'lat': 43.598018}",,normale,,Bidirectionnelle,,00,0,0.0,,0.0,2.0,Voie Communale,,Partie rectiligne,Plat,,Sur chaussée,"['1944', '1975']","['Féminin', 'Masculin']","['Se déplaçant', 'Se déplaçant']","['Indemne', 'Blessé']","['Ceinture', 'Casque']","['Oui', 'Oui']",,"A01,B01","['1', '1']","['Conducteur', 'Conducteur']",,"['Promenade – loisirs', 'Domicile – travail']","['Avant gauche', 'Avant']",['Sans changement de direction'],"PK ou PR ou numéro d’adresse postale croissant,PK ou PR ou numéro d’adresse postale décroissant","['Véhicule', 'Véhicule']",,"['VL seul', 'Scooter > 50 cm3 et <= 125 cm3']",,,,2016,Toulouse,31,Haute-Garonne,243100518,Toulouse Métropole,76,Languedoc-Roussillon-Midi-Pyrénées,Toulouse,31555
201700058518,2017-10-24T06:55:00+00:00,Paris-20e-arrondissement,2017,10,24,08:55,Plein jour,En agglomération,1,Pluie légère,Trois véhicules et plus – en chaîne,75,120,75120,PORTE DE MONTREUIL,4885940,0241404,75020,,"{'lon': 2.411499, 'lat': 48.85382}",30,mouillée,,A sens unique,,00,0,140.0,,15.0,4.0,Voie Communale,400.0,Partie rectiligne,Plat,,Sur chaussée,"['1959', '1984', '1976', '1983']","['Masculin', 'Masculin', 'Masculin', 'Masculin']","['Se déplaçant', 'Se déplaçant', 'Se déplaçant', 'Se déplaçant']","['Indemne', 'Indemne', 'Blessé', 'Indemne']","['Ceinture', 'Ceinture', 'Ceinture', 'Ceinture']","['Oui', 'Oui', 'Oui', 'Oui']",,"B01,C01,A01,D01","['1', '1', '1', '1']","['Conducteur', 'Conducteur', 'Conducteur', 'Conducteur']",,"['Utilisation professionnelle', 'Utilisation professionnelle', 'Domicile – travail', 'Utilisation professionnelle']","['Arrière', 'Arrière', 'Avant', 'Arrière']",,"PK ou PR ou numéro d’adresse postale croissant,PK ou PR ou numéro d’adresse postale croissant,PK ou PR ou numéro d’adresse postale croissant,PK ou PR ou numéro d’adresse postale croissant","['Véhicule', 'Véhicule', 'Véhicule', 'Véhicule']",,"['VL seul', 'VU seul 1', 'VL seul', 'VU seul 1']",,Métropole,,2017,Paris,75,Paris,200054781,Métropole du Grand Paris,11,Île-de-France,Paris 20e Arrondissement,75120
201700058654,2017-02-11T02:20:00+00:00,Vieux-habitants,2017,02,11,03:20,Nuit sans éclairage public,Hors agglomération,1,Normale,Sans collision,97,134,97134,371 section géry bel air,,,97119,371,,,normale,,Bidirectionnelle,,99,7,36.0,,0.0,2.0,Voie Communale,,,Sommet de côte,,Sur chaussée,"['1984', '1996', '1996']","['Masculin', 'Masculin', 'Féminin']","['Se déplaçant', 'Se déplaçant', 'Se déplaçant']","['Indemne', 'Blessé', 'Blessé']","['Ceinture', 'Casque', 'Casque']","['Non déterminable', 'Non déterminable', 'Oui']",,"A01,B01","['1', '1', '2']","['Conducteur', 'Conducteur', 'Passager']",,"['Promenade – loisirs', 'Promenade – loisirs', 'Promenade – loisirs']","['Avant', 'Avant']","['Sans changement de direction', 'A contresens']","PK ou PR ou numéro d’adresse postale croissant,PK ou PR ou numéro d’adresse postale décroissant","['Véhicule', 'Véhicule']",,"['Scooter < 50 cm3', 'VL seul']",,Antilles (Martinique ou Guadeloupe),,2017,Vieux-Habitants,971,Guadeloupe,249710070,CA Grand Sud Caraïbe,01,Guadeloupe,Vieux-Habitants,97134
201600025599,2016-12-02T08:40:00+00:00,Chateauroux,2016,12,02,09:40,Plein jour,En agglomération,2,Normale,Deux véhicules – par le coté,36,044,36044,BD C NORMAND/AV KENNEDY,4680420,0169180,36000,,"{'lon': 1.69231, 'lat': 46.799329}",,normale,,A sens unique,,00,,0.0,,0.0,1.0,Voie Communale,,Partie rectiligne,Plat,,Sur chaussée,"['1992', '1974']","['Féminin', 'Masculin']","['Se déplaçant', 'Se déplaçant']","['Indemne', 'Blessé']","['Ceinture', 'Ceinture']","['Oui', 'Oui']",,"B01,A01","['1', '1']","['Conducteur', 'Conducteur']",,['Domicile – travail'],['Avant gauche'],['Sans changement de direction'],,['Véhicule'],,"['VL seul', 'VL seul']",,Métropole,,2016,Châteauroux,36,Indre,243600327,CA Châteauroux Métropole,24,Centre-Val de Loire,Châteauroux,36044
201600017366,2016-09-08T20:30:00+00:00,Aurec-sur-loire,2016,09,08,22:30,Nuit sans éclairage public,Hors agglomération,1,Normale,Deux véhicules – par le coté,43,012,43012,"LIEU DIT ""LA SEMENE""",4538360,0422712,43110,,"{'lon': 4.223793, 'lat': 45.382274}",25,normale,,Bidirectionnelle,,00,46,75.0,,0.0,2.0,Route Départementale,500.0,Partie rectiligne,Pente,,Sur chaussée,"['1989', '1979']","['Masculin', 'Masculin']","['Se déplaçant', 'Se déplaçant']","['Blessé', 'Blessé']","['Ceinture', 'Ceinture']","['Oui', 'Oui']",,"B02,A01","['1', '1']","['Conducteur', 'Conducteur']",,"['Promenade – loisirs', 'Domicile – travail']","['Côté droit', 'Avant droit']","['Sans changement de direction', 'Déporté A gauche']","PK ou PR ou numéro d’adresse postale décroissant,PK ou PR ou numéro d’adresse postale croissant","['Véhicule', 'Véhicule']",,"['VL seul', 'VL seul']",,Métropole,,2016,Aurec-sur-Loire,43,Haute-Loire,244301131,CC Loire et Semène,84,Auvergne-Rhône-Alpes,Aurec-sur-Loire,43012
201600017732,2016-07-29T17:15:00+00:00,Tende,2016,07,29,19:15,Plein jour,Hors agglomération,1,Normale,Autre collision,06,163,06163,,4406900,0758900,06430,,"{'lon': 7.592787, 'lat': 44.087061}",21,normale,,Bidirectionnelle,,99,6204,67.0,,0.0,2.0,Route Départementale,250.0,En courbe à gauche,Pente,,Sur accotement,"['1956', '1959']","['Masculin', 'Féminin']","['Se déplaçant', 'Se déplaçant']","['Tué', 'Indemne']","['Casque', 'Casque']","['Oui', 'Oui']",,A01,"['1', '2']","['Conducteur', 'Passager']",,['Promenade – loisirs'],['Avant'],,PK ou PR ou numéro d’adresse postale décroissant,,['Poteau'],['Motocyclette > 125 cm3'],,Métropole,,2016,Tende,06,Alpes-Maritimes,240600551,CA de la Riviera Française,93,Provence-Alpes-Côte d'Azur,Tende,06163
201600018222,2016-12-02T07:00:00+00:00,La Chapelle-erbree,2016,12,02,08:00,Nuit sans éclairage public,Hors agglomération,1,Temps couvert,Deux véhicules - frontale,35,061,35061,la revaudais,4813556,-107684,35500,,"{'lon': -1.077206, 'lat': 48.137841}",67,mouillée,,Bidirectionnelle,,99,34,40.0,,0.0,2.0,Route Départementale,430.0,En courbe à gauche,Plat,,Sur chaussée,"['1962', '1984']","['Féminin', 'Masculin']","['Se déplaçant', 'Se déplaçant']","['Tué', 'Indemne']","['Casque', 'Ceinture']","['Oui', 'Oui']",,"B01,A01","['1', '1']","['Conducteur', 'Conducteur']",,"['Domicile – travail', 'Domicile – travail']","['Avant', 'Avant gauche']","['Sans changement de direction', 'Sans changement de direction']","PK ou PR ou numéro d’adresse postale décroissant,PK ou PR ou numéro d’adresse postale croissant",['Véhicule'],['Fossé'],"['Motocyclette > 125 cm3', 'VL seul']",,Métropole,,2016,La Chapelle-Erbrée,35,Ille-et-Vilaine,200039022,CA Vitré Communauté,53,Bretagne,La Chapelle-Erbrée,35061
201600038425,2016-11-26T15:55:00+00:00,Issy-les-moulineaux,2016,11,26,16:55,Crépuscule ou aube,En agglomération,1,Normale,Deux véhicules – par le coté,92,040,92040,"150, VERDUN (AVENUE DE)",,,92130,150,"{'lon': 2.254337, 'lat': 48.819122}",,normale,,A chaussées séparées,,00,0,0.0,,0.0,2.0,Voie Communale,,Partie rectiligne,Plat,,Sur chaussée,"['1988', '1970']","['Masculin', 'Masculin']","['Se déplaçant', 'Se déplaçant']","['Blessé', 'Indemne']","['Casque', 'Ceinture']","['Oui', 'Oui']",,"B01,A01","['1', '1']","['Conducteur', 'Conducteur']",,"['Promenade – loisirs', 'Autre']","['Avant droit', 'Avant']",,,"['Véhicule', 'Véhicule']",,"['Motocyclette > 125 cm3', 'VL seul']",,,,2016,Issy-les-Moulineaux,92,Hauts-de-Seine,200054781,Métropole du Grand Paris,11,Île-de-France,Issy-les-Moulineaux,92040
201600039909,2016-01-04T23:45:00+00:00,Bobigny,2016,01,05,00:45,Nuit avec éclairage public allumé,En agglomération,3,Normale,Deux véhicules – par le coté,93,008,93008,"302, VAILLANT COUTURIER",,,93000,302,"{'lon': 2.456422, 'lat': 48.906177}",,normale,,A sens unique,,00,0,0.0,,0.0,3.0,Voie Communale,,Partie rectiligne,Plat,,Sur chaussée,"['1996', '1967', '1996']","['Féminin', 'Masculin', 'Féminin']","['Se déplaçant', 'Se déplaçant', 'Se déplaçant']","['Indemne', 'Indemne', 'Blessé']","['Ceinture', 'Ceinture', 'Ceinture']","['Oui', 'Oui', 'Oui']",,"B01,A01","['1', '1', '2']","['Conducteur', 'Conducteur', 'Passager']",,['Utilisation professionnelle'],"['Avant gauche', 'Avant droit']","['Sans changement de direction', 'Changeant de file A droite']","PK ou PR ou numéro d’adresse postale croissant,PK ou PR ou numéro d’adresse postale croissant","['Véhicule', 'Véhicule']",,"['VL seul', 'VU seul 1']",,,,2016,Bobigny,93,Seine-Saint-Denis,200054781,Métropole du Grand Paris,11,Île-de-France,Bobigny,93008
201600040057,2016-06-19T12:00:00+00:00,Les Pavillons-sous-bois,2016,06,19,14:00,Plein jour,En agglomération,1,Normale,Deux véhicules – par le coté,93,057,93057,"161, JAURES (AV. JEAN) 1",,,93320,161,"{'lon': 2.507082, 'lat': 48.903399}",,normale,,Bidirectionnelle,,00,0,0.0,,0.0,2.0,Voie Communale,,Partie rectiligne,Plat,,Sur chaussée,"['1957', '1941']","['Masculin', 'Masculin']","['Se déplaçant', 'Se déplaçant']","['Blessé', 'Indemne']","['Casque', 'Autre']","['Oui', 'Non déterminable']",,"A01,B01","['1', '1']","['Conducteur', 'Conducteur']",,,"['Avant droit', 'Avant']","['En faisant demi-tour sur la chaussée', 'Sans changement de direction']",,"['Véhicule', 'Véhicule']",,"['VL seul', 'Motocyclette > 125 cm3']",,,,2016,Les Pavillons-sous-Bois,93,Seine-Saint-Denis,200054781,Métropole du Grand Paris,11,Île-de-France,Les Pavillons-sous-Bois,93057
201600032656,2016-10-14T11:15:00+00:00,Illkirch-graffenstaden,2016,10,14,13:15,Plein jour,En agglomération,2,Normale,Deux véhicules - frontale,67,218,67218,"0, ERCKMANN CHATRIAN",4852224,0772172,67400,0,"{'lon': 7.722076, 'lat': 48.522292}",,normale,,Bidirectionnelle,,00,0,40.0,,0.0,2.0,Voie Communale,,Partie rectiligne,Plat,,Sur chaussée,"['1999', '1963']","['Masculin', 'Féminin']","['Se déplaçant', 'Se déplaçant']","['Blessé', 'Indemne']","['Casque', 'Ceinture']","['Oui', 'Oui']",,"B01,A01","['1', '1']","['Conducteur', 'Conducteur']",,,"['Côté droit', 'Avant']","['Sans changement de direction', 'Sans changement de direction']","PK ou PR ou numéro d’adresse postale croissant,PK ou PR ou numéro d’adresse postale croissant","['Véhicule', 'Véhicule']",,"['Bicyclette', 'VL seul']",,Métropole,,2016,Illkirch-Graffenstaden,67,Bas-Rhin,246700488,EuroMétropole de Strasbourg,44,Alsace-Champagne-Ardenne-Lorraine,Illkirch-Graffenstaden,67218
201600033200,2016-12-15T13:00:00+00:00,Saint-priest,2016,12,15,14:00,Plein jour,En agglomération,1,Normale,Deux véhicules – par le coté,69,290,69290,GRENOBLE (DE)  -  RN 6,4571540,0496264,69800,6,"{'lon': 4.968505, 'lat': 45.713334}",,,,A chaussées séparées,,00,306,144.0,,20.0,1.0,Route Départementale,,,,,Sur chaussée,"['1968', '1981']","['Masculin', 'Masculin']","['Se déplaçant', 'Se déplaçant']","['Blessé', 'Indemne']","['Ceinture', 'Ceinture']","['Oui', 'Oui']",,"A01,B01","['1', '1']","['Conducteur', 'Conducteur']",,['Promenade – loisirs'],"['Avant gauche', 'Avant droit']","['Changeant de file A gauche', 'Sans changement de direction']","PK ou PR ou numéro d’adresse postale croissant,PK ou PR ou numéro d’adresse postale croissant","['Véhicule', 'Véhicule']",,"['VL seul', 'VL seul']",,Métropole,,2016,Saint-Priest,69,Rhône,200046977,Métropole de LYON,84,Auvergne-Rhône-Alpes,Saint-Priest,69290
201600040412,2016-02-13T15:35:00+00:00,Villetaneuse,2016,02,13,16:35,Plein jour,En agglomération,3,Pluie légère,Deux véhicules – par le coté,93,079,93079,"0, SAINT LEU (ROUTE)",,,93430,0,"{'lon': 2.337926, 'lat': 48.952389}",,mouillée,,A chaussées séparées,Piste cyclable,99,328,0.0,N,0.0,1.0,Route Départementale,,Partie rectiligne,Plat,,Sur piste cyclable,"['1983', '1991']","['Masculin', 'Féminin']","['Se déplaçant', 'Se déplaçant']","['Blessé', 'Indemne']","['Casque', 'Ceinture']","['Oui', 'Oui']",,"B01,A01","['1', '1']","['Conducteur', 'Conducteur']",,['Promenade – loisirs'],"['Côté droit', 'Côté gauche']","['Tournant A droite', 'Entre 2 files']",,['Véhicule'],,"['VL seul', 'Scooter > 50 cm3 et <= 125 cm3']",,,,2016,Villetaneuse,93,Seine-Saint-Denis,200054781,Métropole du Grand Paris,11,Île-de-France,Villetaneuse,93079
201600034957,2016-07-27T07:00:00+00:00,Salouel,2016,07,27,09:00,Plein jour,En agglomération,1,Normale,Sans collision,80,725,80725,Parking CHU SUD,4986992,0225364,80480,,,0,,,,,00,0,0.0,,0.0,0.0,Parc de stationnement ouvert à la circulation publique,,,Plat,,,"['1968', '1988']","['Féminin', 'Féminin']","['Se déplaçant', 'Traversant']","['Indemne', 'Blessé']",['Ceinture'],['Oui'],,A01,['1'],"['Conducteur', 'Piéton']",['Seul'],"['Domicile – travail', 'Domicile – travail']",,,,['Piéton'],,['VL seul'],,Métropole,,2016,Salouël,80,Somme,248000531,CA Amiens Métropole,32,Nord-Pas-de-Calais-Picardie,Salouël,80725
201600036301,2016-11-29T08:50:00+00:00,Auxerre,2016,11,29,09:50,Plein jour,Hors agglomération,1,Normale,Deux véhicules – par l’arrière,89,024,89024,"00, PERRIGNY (RUE DE)",4781476,0355774,89290,00,"{'lon': 3.589809, 'lat': 47.756018}",,normale,,Bidirectionnelle,,99,0,60.0,,0.0,2.0,Voie Communale,,Partie rectiligne,Plat,,Sur chaussée,"['1939', '1961']","['Masculin', 'Féminin']","['Se déplaçant', 'Se déplaçant']","['Blessé', 'Indemne']","['Casque', 'Ceinture']","['Non', 'Oui']",,"B01,A01","['1', '1']","['Conducteur', 'Conducteur']",,"['Promenade – loisirs', 'Promenade – loisirs']","['Arrière', 'Avant droit']","['Sans changement de direction', 'Sans changement de direction']",,"['Véhicule', 'Véhicule']",,"['Bicyclette', 'VL seul']",,Métropole,,2016,Auxerre,89,Yonne,248900532,CA de l'Auxerrois,27,Bourgogne-Franche-Comté,Auxerre,89024
201600042854,2016-07-14T12:45:00+00:00,Villejuif,2016,07,14,14:45,Plein jour,En agglomération,2,Normale,Deux véhicules – par le coté,94,076,94076,"55, MAXIME GORKI (R)",,,94800,55,"{'lon': 2.368835, 'lat': 48.795454}",,normale,,Bidirectionnelle,,00,,0.0,,0.0,2.0,Route Nationale,,Partie rectiligne,Plat,,Sur chaussée,"['1990', '1990']","['Masculin', 'Masculin']","['Se déplaçant', 'Se déplaçant']","['Blessé', 'Blessé']","['Ceinture', 'Casque']","['Non déterminable', 'Non déterminable']",,"A01,B01","['1', '1']","['Conducteur', 'Conducteur']",,"['Autre', 'Utilisation professionnelle']","['Côté gauche', 'Avant']","['En marche arrière', 'Sans changement de direction']",,"['Véhicule', 'Véhicule']",,"['VL seul', 'Cyclomoteur <50cm3']",,,,2016,Villejuif,94,Val-de-Marne,200054781,Métropole du Grand Paris,11,Île-de-France,Villejuif,94076
201600043864,2016-01-26T06:30:00+00:00,Vitry-sur-seine,2016,01,26,07:30,Nuit avec éclairage public allumé,En agglomération,2,Normale,Deux véhicules – par l’arrière,94,081,94081,COUTURIER / NEUVE,4879600,0239808,94400,,"{'lon': 2.399099, 'lat': 48.795506}",,normale,,Bidirectionnelle,,03,155,75.0,,0.0,2.0,Route Départementale,,Partie rectiligne,Plat,,Sur chaussée,"['1988', '1965']","['Masculin', 'Féminin']","['Se déplaçant', 'Se déplaçant']","['Blessé', 'Indemne']","['Casque', 'Ceinture']","['Oui', 'Non déterminable']",,"A01,B01","['1', '1']","['Conducteur', 'Conducteur']",,"['Domicile – travail', 'Domicile – école']","['Arrière droit', 'Côté gauche']","['Sans changement de direction', 'Manœuvre de stationnement']","PK ou PR ou numéro d’adresse postale décroissant,PK ou PR ou numéro d’adresse postale décroissant","['Véhicule', 'Véhicule']",,"['VL seul', 'Motocyclette > 125 cm3']",,Métropole,,2016,Vitry-sur-Seine,94,Val-de-Marne,200054781,Métropole du Grand Paris,11,Île-de-France,Vitry-sur-Seine,94081
201600011214,2016-08-24T08:15:00+00:00,Nice,2016,08,24,10:15,Plein jour,En agglomération,1,Normale,Deux véhicules – par le coté,06,088,06088,"41, SEMARD (BD PIERRE)",4343015,0717251,06200,41,"{'lon': 7.199376, 'lat': 43.68118}",,normale,,,,00,0,78.0,,0.0,0.0,Voie Communale,,Partie rectiligne,Plat,,,"['1963', '1991']","['Féminin', 'Masculin']","['Se déplaçant', 'Se déplaçant']","['Blessé', 'Indemne']","['Casque', 'Ceinture']","['Non', 'Non']",,"B01,A01","['1', '1']","['Conducteur', 'Conducteur']",,"['Domicile – travail', 'Autre']","['Avant', 'Avant gauche']","['Sans changement de direction', 'En stationnement (avec occupants)']","PK ou PR ou numéro d’adresse postale croissant,PK ou PR ou numéro d’adresse postale décroissant","['Véhicule', 'Autre']",['Véhicule en stationnement'],"['Bicyclette', 'VL seul']",,Métropole,,2016,Nice,06,Alpes-Maritimes,200030195,Métropole Nice Côte d'Azur,93,Provence-Alpes-Côte d'Azur,Nice,06088
201600012986,2016-11-07T06:00:00+00:00,Reichstett,2016,11,07,07:00,Crépuscule ou aube,Hors agglomération,9,Normale,Trois véhicules et plus – en chaîne,67,389,67389,,,,67116,,"{'lon': 7.751007, 'lat': 48.645538}",,normale,,A chaussées séparées,,00,63,0.0,,0.0,2.0,Route Départementale,,,Plat,Carrefour aménagé,Sur chaussée,"['1955', '1986', '1963', '1985', '1963', '1969']","['Masculin', 'Masculin', 'Féminin', 'Masculin', 'Masculin', 'Féminin']","['Se déplaçant', 'Se déplaçant', 'Se déplaçant', 'Se déplaçant', 'Se déplaçant', 'Se déplaçant']","['Indemne', 'Blessé', 'Blessé', 'Indemne', 'Indemne', 'Indemne']","['Ceinture', 'Ceinture', 'Ceinture', 'Ceinture', 'Ceinture', 'Ceinture']","['Oui', 'Oui', 'Oui', 'Oui', 'Oui', 'Oui']",,"C03,D04,A01,B02,F06,E05","['1', '1', '1', '1', '1', '1']","['Conducteur', 'Conducteur', 'Conducteur', 'Conducteur', 'Conducteur', 'Conducteur']",,"['Domicile – travail', 'Domicile – travail', 'Domicile – travail', 'Utilisation professionnelle', 'Domicile – travail', 'Domicile – travail']","['Arrière', 'Arrière', 'Avant', 'Arrière', 'Arrière', 'Arrière']","['Arrêté (hors stationnement)', 'Arrêté (hors stationnement)', 'Même sens', 'Arrêté (hors stationnement)', 'Arrêté (hors stationnement)', 'Arrêté (hors stationnement)']",,"['Autre', 'Véhicule']","['Véhicule en stationnement', 'Véhicule en stationnement', 'Véhicule en stationnement', 'Véhicule en stationnement']","['VL seul', 'VL seul', 'PL seul > 7', 'VL seul', 'VL seul', 'VL seul']",,Métropole,,2016,Reichstett,67,Bas-Rhin,246700488,EuroMétropole de Strasbourg,44,Alsace-Champagne-Ardenne-Lorraine,Reichstett,67389
201600052661,2016-07-25T08:00:00+00:00,Paris-9e-arrondissement,2016,07,25,10:00,Plein jour,En agglomération,2,Normale,Deux véhicules – par le coté,75,109,75109,"30, RUE DE PROVENCE",4887410,0233904,75009,30,"{'lon': 2.337887, 'lat': 48.877008}",,normale,,A sens unique,,00,,50.0,,0.0,1.0,Voie Communale,,Partie rectiligne,Plat,,Sur chaussée,"['1985', '1977']","['Féminin', 'Masculin']","['Se déplaçant', 'Se déplaçant']","['Blessé', 'Indemne']","['Casque', 'Ceinture']","['Non déterminable', 'Non déterminable']",,"A01,B01","['1', '1']","['Conducteur', 'Conducteur']",,"['Domicile – travail', 'Utilisation professionnelle']","['Côté droit', 'Avant']","['Sans changement de direction', 'Dans le couloir bus']","PK ou PR ou numéro d’adresse postale croissant,PK ou PR ou numéro d’adresse postale décroissant","['Véhicule', 'Véhicule']",,"['Bicyclette', 'VU seul 1']",,Métropole,,2016,Paris,75,Paris,200054781,Métropole du Grand Paris,11,Île-de-France,Paris 9e Arrondissement,75109
201600053237,2016-10-20T22:30:00+00:00,Paris-11e-arrondissement,2016,10,21,00:30,Nuit avec éclairage public allumé,En agglomération,2,Normale,Deux véhicules – par le coté,75,111,75111,"/, RUE OBERKAMPF",4886380,0237010,75011,,"{'lon': 2.376698, 'lat': 48.86542}",,,,,,00,,0.0,,0.0,2.0,Voie Communale,,,Plat,,,"['1991', '1990']","['Masculin', 'Masculin']","['Se déplaçant', 'Se déplaçant']","['Blessé', 'Indemne']","['Casque', 'Ceinture']","['Oui', 'Oui']",,"A01,B01","['1', '1']","['Conducteur', 'Conducteur']",,['Promenade – loisirs'],"['Avant', 'Côté gauche']","['Tournant A gauche', 'Sans changement de direction']","PK ou PR ou numéro d’adresse postale croissant,PK ou PR ou numéro d’adresse postale décroissant","['Véhicule', 'Véhicule']",,"['VL seul', 'Scooter < 50 cm3']",,Métropole,,2016,Paris,75,Paris,200054781,Métropole du Grand Paris,11,Île-de-France,Paris 11e Arrondissement,75111
201600053363,2016-03-01T14:15:00+00:00,Paris-12e-arrondissement,2016,03,01,15:15,Plein jour,En agglomération,5,Pluie légère,Sans collision,75,112,75112,BOULEVARD SOULT,4884700,0241119,75012,,"{'lon': 2.409048, 'lat': 48.840923}",,mouillée,,A sens unique,,00,,0.0,,0.0,2.0,Voie Communale,,Partie rectiligne,Plat,,Sur chaussée,['1959'],['Féminin'],['Se déplaçant'],['Blessé'],['Casque'],['Oui'],,A01,['1'],['Conducteur'],,['Promenade – loisirs'],['Côté droit'],['Sans changement de direction'],PK ou PR ou numéro d’adresse postale croissant,,,['Scooter < 50 cm3'],,Métropole,,2016,Paris,75,Paris,200054781,Métropole du Grand Paris,11,Île-de-France,Paris 12e Arrondissement,75112