num_acc,datetime,nom_com,an,mois,jour,hrmn,lum,agg,int,atm,col,dep,com,insee,adr,lat,long,code_postal,num,coordonnees,pr,surf,v1,circ,vosp,env1,voie,larrout,v2,lartpc,nbv,catr,pr1,plan,prof,infra,situ,an_nais,sexe,actp,grav,secu,secu_utl,locp,num_veh,place,catu,etatp,trajet,choc,manv,senc,obsm,obs,catv,occutc,gps,date,year_georef,com_name,dep_code,dep_name,epci_code,epci_name,reg_code,reg_name,com_arm_name,com_code
201600054084,2016-11-24T14:45:00+00:00,Paris-13e-arrondissement,2016,11,24,15:45,Plein jour,En agglomération,2,Normale,Autre collision,75,113,75113,"155, BOULEVARD DE L HOPI",4883320,0235679,75013,155,"{'lon': 2.365001, 'lat': 48.8302}",,normale,,,,03,,0.0,,0.0,0.0,Voie Communale,,Partie rectiligne,Plat,,,['1961'],['Masculin'],['Se déplaçant'],['Blessé'],['Ceinture'],['Oui'],,A01,['1'],['Conducteur'],,['Utilisation professionnelle'],['Avant gauche'],['Sans changement de direction'],PK ou PR ou numéro d’adresse postale décroissant,,['Ilot'],['VL seul'],,Métropole,,2016,Paris,75,Paris,200054781,Métropole du Grand Paris,11,Île-de-France,Paris 13e Arrondissement,75113
201400021626,2014-08-25T12:50:00+00:00,Val-de-reuil,2014,08,25,14:50,Plein jour,En agglomération,2,Pluie légère,Deux véhicules – par le coté,27,701,27701,"1, ANDELLE (CHAUSSEE D')",4916100,0114000,27100,1,"{'lon': 1.223021, 'lat': 49.284439}",,mouillée,,Bidirectionnelle,,99,0,73.0,,0.0,2.0,Route Départementale,,Partie rectiligne,Plat,,Sur chaussée,"['1992', '1970', '1986', '1973', '1990']","['Masculin', 'Masculin', 'Féminin', 'Masculin', 'Féminin']","['Se déplaçant', 'Se déplaçant', 'Se déplaçant', 'Se déplaçant']","['Blessé', 'Blessé', 'Blessé', 'Blessé', 'Blessé']","['Ceinture', 'Ceinture', 'Ceinture', 'Ceinture', 'Ceinture']","['Oui', 'Oui', 'Oui', 'Oui', 'Oui']",,"A01,B01","['1', '1', '2', '2', '3']","['Conducteur', 'Conducteur', 'Passager', 'Passager', 'Passager']",,"['Promenade – loisirs', 'Promenade – loisirs', 'Promenade – loisirs', 'Promenade – loisirs']","['Avant droit', 'Avant gauche']","['Sans changement de direction', 'Sans changement de direction']",,,,"['VU seul 1', 'VL seul']",,Métropole,,2015,Val-de-Reuil,27,Eure,200035665,CA Seine Eure,23,Haute-Normandie,Val-de-Reuil,27701
201700012220,2017-05-17T16:00:00+00:00,Brie-sous-mortagne,2017,05,17,18:00,Plein jour,Hors agglomération,2,Pluie légère,Deux véhicules - frontale,17,068,17068,RD 144,4550649,-073266,17120,144,"{'lon': -0.743813, 'lat': 45.493887}",1,normale,,Bidirectionnelle,,,144,48.0,,0.0,2.0,Route Départementale,701.0,,Plat,,,"['1991', '2005', '1984', '1999', '2016']","['Masculin', 'Masculin', 'Féminin', 'Féminin', 'Féminin']","['Se déplaçant', 'Se déplaçant', 'Se déplaçant', 'Se déplaçant', 'Se déplaçant']","['Blessé', 'Blessé', 'Blessé', 'Blessé', 'Blessé']","['Ceinture', 'Ceinture', 'Ceinture', 'Ceinture', 'Dispositif enfants']","['Oui', 'Oui', 'Oui', 'Oui', 'Oui']",,"B01,A01","['1', '9', '1', '2', '2']","['Conducteur', 'Passager', 'Conducteur', 'Passager', 'Passager']",,"['Promenade – loisirs', 'Promenade – loisirs', 'Promenade – loisirs', 'Promenade – loisirs', 'Autre']","['Avant droit', 'Avant gauche']","['Sans changement de direction', 'Sans changement de direction']","PK ou PR ou numéro d’adresse postale décroissant,PK ou PR ou numéro d’adresse postale croissant","['Véhicule', 'Véhicule']",,"['VL seul', 'VL seul']",,Métropole,,2017,Brie-sous-Mortagne,17,Charente-Maritime,241700640,CA Royan Atlantique,75,Nouvelle-Aquitaine,Brie-sous-Mortagne,17068
201700012487,2017-02-28T17:30:00+00:00,Gisors,2017,02,28,18:30,Crépuscule ou aube,En agglomération,3,Normale,Trois véhicules et plus – en chaîne,27,284,27284,Intersection CD 14 bis e,4927371,0177553,27140,14,,,normale,2,Bidirectionnelle,,,14,10.0,,12.0,2.0,Route Départementale,,,Plat,,,"['1989', '1973', '1960']","['Masculin', 'Féminin', 'Masculin']","['Se déplaçant', 'Se déplaçant', 'Se déplaçant']","['Indemne', 'Blessé', 'Indemne']","['Ceinture', 'Ceinture', 'Ceinture']","['Oui', 'Oui', 'Oui']",,"C01,B01,A01","['1', '1', '1']","['Conducteur', 'Conducteur', 'Conducteur']",,['Domicile – travail'],"['Avant', 'Arrière', 'Arrière']","['Même sens', 'Même sens', 'Tournant A gauche']",,"['Véhicule', 'Véhicule', 'Véhicule']",,"['VL seul', 'VL seul', 'VL seul']",,Métropole,,2017,Gisors,27,Eure,200071843,CC du Vexin Normand,28,Normandie,Gisors,27284
201700012601,2017-09-02T15:40:00+00:00,Saint-hilaire-des-loges,2017,09,02,17:40,Plein jour,Hors agglomération,1,Normale,Sans collision,85,227,85227,,4650575,-064756,85240,,"{'lon': -0.666085, 'lat': 46.470925}",5,normale,,Bidirectionnelle,,99,3,57.0,,0.0,2.0,Route Départementale,75.0,En courbe à gauche,Sommet de côte,,Sur accotement,['1997'],['Masculin'],['Se déplaçant'],['Tué'],['Casque'],['Oui'],,A01,['1'],['Conducteur'],,['Promenade – loisirs'],['Avant'],['Sans changement de direction'],PK ou PR ou numéro d’adresse postale croissant,,['Poteau'],['Motocyclette > 125 cm3'],,Métropole,2017-01-01,2017,Saint-Hilaire-des-Loges,85,Vendée,248500563,"CC Vendée,Sèvre,Autise",52,Pays de la Loire,Saint-Hilaire-des-Loges,85227
201400011085,2014-05-13T11:42:00+00:00,Nice,2014,05,13,13:42,Plein jour,En agglomération,1,Normale,Deux véhicules – par le coté,06,088,06088,"0, BAREL (PLACE MAX)",,,06200,0,,,normale,,Bidirectionnelle,,00,0,0.0,,0.0,2.0,Voie Communale,,En courbe à droite,Pente,,Sur chaussée,"['1994', '1962']","['Féminin', 'Féminin']","['Se déplaçant', 'Se déplaçant']","['Blessé', 'Indemne']","['Casque', 'Ceinture']","['Oui', 'Oui']",,"B01,A01","['1', '1']","['Conducteur', 'Conducteur']",,"['Domicile – travail', 'Autre']",,,,['Véhicule'],,"['VL seul', 'Cyclomoteur <50cm3']",,,,2015,Nice,06,Alpes-Maritimes,200030195,Métropole Nice Côte d'Azur,93,Provence-Alpes-Côte d'Azur,Nice,06088
201300014221,2013-01-29T16:00:00+00:00,,2013,01,29,17:00,Plein jour,En agglomération,1,Normale,Deux véhicules – par le coté,13,055,13055,"151, VLO GOUFFONE PROLON",,,,151,"{'lon': 4.195646, 'lat': 44.260727}",,normale,,Bidirectionnelle,,99,,60.0,,0.0,1.0,Voie Communale,,,Pente,,Sur chaussée,"['1953', '1997']","['Masculin', 'Masculin']","['Se déplaçant', 'Se déplaçant']","['Indemne', 'Blessé']","['Ceinture', 'Casque']","['Oui', 'Oui']",,"B01,A01","['1', '1']","['Conducteur', 'Conducteur']",,"['Promenade – loisirs', 'Promenade – loisirs']","['Avant', 'Avant droit']","['Sans changement de direction', 'Changeant de file A gauche']",,"['Véhicule', 'Véhicule']",['Véhicule en stationnement'],"['Cyclomoteur <50cm3', 'VL seul']",,,,2015,Marseille,13,Bouches-du-Rhône,241300391,CU de Marseille Provence Métropole (Mpm),93,Provence-Alpes-Côte d'Azur,,13055
201300016543,2013-11-12T08:45:00+00:00,Vitrolles,2013,11,12,09:45,Plein jour,En agglomération,1,Normale,Deux véhicules – par l’arrière,13,117,13117,"18, ROME  (AVENUE DE)",4343316,0525391,13127,18,"{'lon': 5.253734, 'lat': 43.433388}",,normale,,Bidirectionnelle,,99,0,70.0,,0.0,2.0,Voie Communale,,Partie rectiligne,Pente,,Sur chaussée,"['1973', '1992']","['Masculin', 'Masculin']","['Se déplaçant', 'Se déplaçant']","['Indemne', 'Blessé']","['Autre', 'Ceinture']","['Non déterminable', 'Oui']",,"A01,B01","['1', '1']","['Conducteur', 'Conducteur']",,"['Utilisation professionnelle', 'Utilisation professionnelle']","['Avant droit', 'Arrière gauche']",['Sans changement de direction'],,,['Véhicule en stationnement'],"['VL seul', 'Autre véhicule']",,Métropole,,2015,Vitrolles,13,Bouches-du-Rhône,241300276,CA du Pays d'Aix en Provence (Capa),93,Provence-Alpes-Côte d'Azur,Vitrolles,13117
201300017116,2013-10-26T12:30:00+00:00,Flee,2013,10,26,14:30,Nuit sans éclairage public,Hors agglomération,1,Normale,Deux véhicules - frontale,21,272,21272,,4745700,0433700,21140,,"{'lon': 4.328099, 'lat': 47.435075}",2,normale,,Bidirectionnelle,,00,103,68.0,Z,0.0,2.0,Route Départementale,350.0,Partie rectiligne,Plat,,Sur chaussée,"['1962', '1996']","['Masculin', 'Féminin']","['Se déplaçant', 'Se déplaçant']","['Indemne', 'Blessé']","['Ceinture', 'Casque']","['Oui', 'Oui']",,"A01,B02","['1', '1']","['Conducteur', 'Conducteur']",,"['Domicile – travail', 'Domicile – travail']","['Avant droit', 'Avant']","['Dépassant A gauche', 'Sans changement de direction']",,"['Véhicule', 'Véhicule']",,"['VL seul', 'Scooter < 50 cm3']",,Métropole,,2015,Flée,21,Côte-d'Or,242100345,CC du Sinemurien,26,Bourgogne,Flée,21272
201300019766,2013-07-21T08:00:00+00:00,Vieil-hesdin,2013,07,21,10:00,Plein jour,Hors agglomération,1,Normale,Trois véhicules et plus – en chaîne,62,850,62850,,,,62770,,"{'lon': 2.097637, 'lat': 50.357202}",128,normale,,A chaussées séparées,,99,939,148.0,,12.0,4.0,Route Départementale,800.0,Partie rectiligne,Sommet de côte,,Sur chaussée,"['2008', '1993', '1985', '1961', '1994', '1961', '1999', '1987', '2000', '1996', '1992', '1989', '1987', '1987', '1994', '1985', '1992', '1992', '1996', '1991', '1997', '1990', '1986', '1992', '1995', '1997', '1988', '1991', '1995']","['Masculin', 'Féminin', 'Masculin', 'Masculin', 'Masculin', 'Féminin', 'Féminin', 'Masculin', 'Féminin', 'Féminin', 'Masculin', 'Féminin', 'Masculin', 'Féminin', 'Masculin', 'Masculin', 'Masculin', 'Masculin', 'Féminin', 'Masculin', 'Masculin', 'Masculin', 'Masculin', 'Masculin', 'Féminin', 'Masculin', 'Féminin', 'Masculin', 'Féminin']","['Se déplaçant', 'Se déplaçant', 'Se déplaçant', 'Se déplaçant', 'Se déplaçant', 'Se déplaçant', 'Se déplaçant', 'Se déplaçant', 'Se déplaçant', 'Se déplaçant', 'Se déplaçant', 'Se déplaçant', 'Se déplaçant', 'Se déplaçant', 'Se déplaçant', 'Se déplaçant', 'Se déplaçant', 'Se déplaçant', 'Se déplaçant', 'Se déplaçant', 'Se déplaçant', 'Se déplaçant', 'Se déplaçant', 'Se déplaçant', 'Se déplaçant', 'Se déplaçant', 'Se déplaçant', 'Se déplaçant', 'Se déplaçant']","['Indemne', 'Indemne', 'Indemne', 'Indemne', 'Indemne', 'Indemne', 'Indemne', 'Indemne', 'Indemne', 'Blessé', 'Indemne', 'Indemne', 'Indemne', 'Indemne', 'Blessé', 'Indemne', 'Indemne', 'Indemne', 'Blessé', 'Indemne', 'Indemne', 'Indemne', 'Indemne', 'Indemne', 'Indemne', 'Indemne', 'Indemne', 'Indemne', 'Indemne']","['Ceinture', 'Ceinture', 'Ceinture', 'Ceinture', 'Ceinture', 'Ceinture', 'Ceinture', 'Ceinture', 'Ceinture', 'Ceinture', 'Ceinture', 'Ceinture', 'Ceinture', 'Ceinture', 'Ceinture', 'Ceinture', 'Ceinture', 'Ceinture', 'Ceinture', 'Ceinture', 'Ceinture', 'Ceinture', 'Ceinture', 'Ceinture', 'Ceinture', 'Ceinture', 'Ceinture', 'Ceinture', 'Ceinture']","['Oui', 'Oui', 'Oui', 'Oui', 'Oui', 'Oui', 'Oui', 'Oui', 'Oui', 'Oui', 'Oui', 'Oui', 'Oui', 'Oui', 'Oui', 'Oui', 'Oui', 'Oui', 'Oui', 'Oui', 'Oui', 'Oui', 'Oui', 'Oui', 'Oui', 'Oui', 'Oui', 'Oui', 'Oui']",,"E05,D04,C03,B02,G07,A01,F06,H08","['4', '3', '1', '2', '1', '5', '5', '1', '3', '2', '3', '1', '2', '2', '2', '1', '1', '4', '5', '4', '3', '4', '1', '1', '2', '4', '2', '2', '3']","['Passager', 'Passager', 'Conducteur', 'Passager', 'Conducteur', 'Passager', 'Passager', 'Conducteur', 'Passager', 'Passager', 'Passager', 'Conducteur', 'Passager', 'Passager', 'Passager', 'Conducteur', 'Conducteur', 'Passager', 'Passager', 'Passager', 'Passager', 'Passager', 'Conducteur', 'Conducteur', 'Passager', 'Passager', 'Passager', 'Passager', 'Passager']",,"['Promenade – loisirs', 'Promenade – loisirs', 'Promenade – loisirs', 'Promenade – loisirs', 'Promenade – loisirs', 'Promenade – loisirs', 'Promenade – loisirs', 'Promenade – loisirs']","['Arrière', 'Arrière', 'Arrière', 'Avant', 'Côté droit', 'Avant', 'Arrière', 'Arrière']","['Sans changement de direction', 'Sans changement de direction', 'Sans changement de direction', 'Sans changement de direction', 'Sans changement de direction', 'Sans changement de direction', 'Sans changement de direction', 'Sans changement de direction']",,"['Véhicule', 'Véhicule', 'Véhicule', 'Véhicule', 'Véhicule', 'Véhicule', 'Véhicule', 'Véhicule']",,"['VL seul', 'VL seul', 'VL seul', 'VL seul', 'VL seul', 'VL seul', 'VL seul', 'VL seul']",,Métropole,,2015,Vieil-Hesdin,62,Pas-de-Calais,200044030,CC des 7 Vallées,31,Nord-Pas-de-Calais,Vieil-Hesdin,62850
201400040321,2014-02-09T20:10:00+00:00,Montrouge,2014,02,09,21:10,Nuit avec éclairage public allumé,En agglomération,1,Normale,Autre collision,92,049,92049,"105, VERDIER AVENUE AUTR",,,92120,105,"{'lon': 2.309282, 'lat': 48.816126}",,normale,,Bidirectionnelle,,99,0,0.0,,0.0,2.0,Route Départementale,,Partie rectiligne,Plat,,Sur chaussée,['1988'],['Masculin'],['Se déplaçant'],['Blessé'],['Casque'],['Oui'],,A01,['1'],['Conducteur'],,['Utilisation professionnelle'],['Avant'],['Sans changement de direction'],,,['Véhicule en stationnement'],['Scooter < 50 cm3'],,,,2015,Montrouge,92,Hauts-de-Seine,249200072,CC de Châtillon - Montrouge,11,Île-de-France,Montrouge,92049
201600001213,2016-06-25T19:00:00+00:00,Plescop,2016,06,25,21:00,Crépuscule ou aube,Hors agglomération,2,Normale,Deux véhicules - frontale,56,158,56158,,,,56890,,"{'lon': -2.80624, 'lat': 47.698253}",11,,,Bidirectionnelle,,00,127,60.0,,0.0,0.0,Route Départementale,681.0,Partie rectiligne,,,,"['1998', '1997', '1992', '2001', '1999']","['Masculin', 'Masculin', 'Masculin', 'Féminin', 'Féminin']","['Se déplaçant', 'Se déplaçant', 'Se déplaçant', 'Se déplaçant', 'Se déplaçant']","['Blessé', 'Blessé', 'Blessé', 'Blessé', 'Blessé']","['Ceinture', 'Ceinture', 'Ceinture', 'Ceinture', 'Ceinture']","['Oui', 'Oui', 'Oui', 'Oui', 'Oui']",,"B02,A01","['2', '1', '1', '3', '4']","['Passager', 'Conducteur', 'Conducteur', 'Passager', 'Passager']",,['Promenade – loisirs'],"['Avant gauche', 'Avant']","['Tournant A gauche', 'Sans changement de direction']","PK ou PR ou numéro d’adresse postale croissant,PK ou PR ou numéro d’adresse postale décroissant","['Véhicule', 'Véhicule']",,"['VU seul 1', 'VU seul 1']",,Métropole,,2016,Plescop,56,Morbihan,245600366,CA Vannes Agglo,53,Bretagne,Plescop,56158
201600002033,2016-06-24T23:45:00+00:00,Lire,2016,06,25,01:45,Nuit avec éclairage public allumé,En agglomération,1,Normale,Autre collision,49,177,49177,rue d'anjou,4734464,-116285,,,"{'lon': -1.158152, 'lat': 47.344679}",95,normale,,Bidirectionnelle,,99,751,63.0,,0.0,2.0,Route Départementale,400.0,En courbe à droite,,,Sur chaussée,"['1962', '1998']","['Masculin', 'Masculin']","['Se déplaçant', 'Se déplaçant']","['Tué', 'Tué']","['Ceinture', 'Ceinture']","['Oui', 'Oui']",,A01,"['1', '2']","['Conducteur', 'Passager']",,['Promenade – loisirs'],['Avant'],['Sans changement de direction'],PK ou PR ou numéro d’adresse postale croissant,,['Bâtiment'],['VL seul'],,Métropole,,2016,,,,,,,,,49177
201700059588,2017-02-01T08:55:00+00:00,Fort-de-france,2017,02,01,09:55,Plein jour,Hors agglomération,1,Normale,Autre collision,97,209,97209,"3, BALATA (ROUTE DE)",,,97200,3,"{'lon': -61.070513, 'lat': 14.621977}",1,normale,,Bidirectionnelle,,99,3,0.0,,0.0,2.0,Route Nationale,200.0,Partie rectiligne,Plat,,,"['1978', '1990']","['Masculin', 'Féminin']","['Se déplaçant', 'Autre']","['Indemne', 'Blessé']","['Ceinture', 'Autre']","['Oui', 'Non déterminable']",,A01,['1'],"['Conducteur', 'Piéton']",['Seul'],"['Courses – achats', 'Domicile – travail']",['Arrière'],['En marche arrière'],PK ou PR ou numéro d’adresse postale décroissant,['Piéton'],,['VL seul'],,,,2017,Fort-de-France,972,Martinique,249720061,CA du Centre de la Martinique,02,Martinique,Fort-de-France,97209
201600006841,2016-06-12T15:45:00+00:00,Illzach,2016,06,12,17:45,Plein jour,En agglomération,1,Normale,Autre collision,68,154,68154,rue des jonquilles,4776358,0736686,68110,,"{'lon': 7.366101, 'lat': 47.762714}",0,normale,,Bidirectionnelle,,00,0,66.0,,0.0,2.0,Voie Communale,0.0,Partie rectiligne,Plat,,Sur chaussée,"['1992', '2002']","['Masculin', 'Masculin']","['Se déplaçant', 'Jouant – courant']","['Indemne', 'Blessé']",['Ceinture'],['Oui'],['Sur chaussée - A – 50 m du passage piéton'],A01,['1'],"['Conducteur', 'Piéton']",['En groupe'],"['Promenade – loisirs', 'Autre']",['Arrière droit'],['Sans changement de direction'],,['Piéton'],,['VU seul 1'],,Métropole,,2016,Illzach,68,Haut-Rhin,200023281,CA Mulhouse Alsace Agglomération (M2a),44,Alsace-Champagne-Ardenne-Lorraine,Illzach,68154
201700021840,2017-02-12T19:54:00+00:00,Trouy,2017,02,12,20:54,Nuit avec éclairage public allumé,En agglomération,2,Normale,Deux véhicules – par l’arrière,18,267,18267,CHATEAUNEUF (ROUTE,4706236,0238548,18570,,"{'lon': 2.383648, 'lat': 47.060607}",0,normale,,Bidirectionnelle,,00,73,62.0,,0.0,2.0,Route Départementale,54.0,Partie rectiligne,Plat,Carrefour aménagé,Sur chaussée,"['1954', '1992']","['Masculin', 'Masculin']","['Se déplaçant', 'Se déplaçant']","['Indemne', 'Blessé']","['Ceinture', 'Casque']","['Oui', 'Oui']",,"A01,B01","['1', '1']","['Conducteur', 'Conducteur']",,"['Promenade – loisirs', 'Utilisation professionnelle']","['Avant', 'Arrière']","['Même sens', 'Arrêté (hors stationnement)']","PK ou PR ou numéro d’adresse postale décroissant,PK ou PR ou numéro d’adresse postale croissant","['Véhicule', 'Véhicule']",,"['VL seul', 'Cyclomoteur <50cm3']",,Métropole,,2017,Trouy,18,Cher,241800507,CA Bourges Plus,24,Centre-Val de Loire,Trouy,18267
201700021882,2017-01-15T19:45:00+00:00,Conan,2017,01,15,20:45,Nuit avec éclairage public allumé,En agglomération,1,Pluie légère,Autre collision,41,057,41057,24 rue croix des vignes,4774885,0129079,41290,24,"{'lon': 1.290562, 'lat': 47.748555}",2,mouillée,,Bidirectionnelle,,99,69,0.0,,60.0,2.0,Route Départementale,880.0,En courbe à gauche,Plat,,Sur trottoir,['1966'],['Masculin'],['Se déplaçant'],['Tué'],['Ceinture'],['Non'],,A01,['1'],['Conducteur'],,,['Avant gauche'],['Sans changement de direction'],PK ou PR ou numéro d’adresse postale croissant,,['Bâtiment'],['VL seul'],,Métropole,,2017,Conan,41,Loir-et-Cher,200055481,CC Beauce Val de Loire,24,Centre-Val de Loire,Conan,41057
201700021954,2017-08-01T12:45:00+00:00,Fozieres,2017,08,01,14:45,Plein jour,Hors agglomération,1,Normale,Autre collision,34,106,34106,A75,4374515,0333079,34700,75,"{'lon': 3.357518, 'lat': 43.751636}",272,normale,,A sens unique,,99,75,90.0,,10.0,4.0,Autoroute,800.0,En courbe à gauche,Pente,Pont - autopont,Sur bande d’arrêt d’urgence,"['1943', '1945']","['Féminin', 'Masculin']","['Se déplaçant', 'Se déplaçant']","['Blessé', 'Blessé']","['Ceinture', 'Ceinture']","['Oui', 'Oui']",,A01,"['1', '2']","['Conducteur', 'Passager']",,"['Promenade – loisirs', 'Promenade – loisirs']",['Avant gauche'],,PK ou PR ou numéro d’adresse postale décroissant,,['Glissière béton'],['VL seul'],,Métropole,,2017,Fozières,34,Hérault,200017341,CC Lodévois et Larzac,76,Occitanie,Fozières,34106
201700021668,2017-04-19T12:20:00+00:00,Frevent,2017,04,19,14:20,Plein jour,En agglomération,7,Normale,Autre collision,62,361,62361,place du marché,5027717,0229083,62270,,"{'lon': 2.29046, 'lat': 50.277327}",,,,,,,0,10.0,,0.0,0.0,Parc de stationnement ouvert à la circulation publique,,,Plat,,,"['1935', '1944']","['Féminin', 'Masculin']","['Se déplaçant Sens véhicule heurtant', 'Se déplaçant']","['Blessé', 'Indemne']","['Autre', 'Ceinture']","['Non déterminable', 'Oui']",,A01,['1'],"['Piéton', 'Conducteur']",['Seul'],['Utilisation professionnelle'],,,,['Piéton'],,['VL seul'],,Métropole,,2017,Frévent,62,Pas-de-Calais,200069672,CC du Ternois,32,Hauts-de-France,Frévent,62361
201400031228,2014-03-30T02:15:00+00:00,Roncq,2014,03,30,04:15,Nuit avec éclairage public allumé,En agglomération,3,Normale,Deux véhicules – par le coté,59,508,59508,LATTE PROLONGEE (RUE DE,,,59223,,"{'lon': 3.13306, 'lat': 50.748155}",,normale,,Bidirectionnelle,,00,0,70.0,,0.0,2.0,Voie Communale,,Partie rectiligne,Plat,,,"['1969', '1976']","['Féminin', 'Masculin']","['Se déplaçant', 'Se déplaçant']","['Indemne', 'Blessé']","['Ceinture', 'Casque']","['Oui', 'Oui']",,"B01,A01","['1', '1']","['Conducteur', 'Conducteur']",,,"['Avant gauche', 'Avant']","['En s’insérant', 'Sans changement de direction']",,['Véhicule'],,"['VL seul', 'Scooter < 50 cm3']",,,,2015,Roncq,59,Nord,245900410,Métropole Européenne de Lille,31,Nord-Pas-de-Calais,Roncq,59508
201400032957,2014-10-09T05:50:00+00:00,Tarbes,2014,10,09,07:50,Crépuscule ou aube,En agglomération,1,Pluie légère,Deux véhicules – par le coté,65,440,65440,FORGES (AVENUE DES),4323959,0008350,65000,,"{'lon': 0.080417, 'lat': 43.241111}",,mouillée,,Bidirectionnelle,,99,0,0.0,,0.0,2.0,Voie Communale,,Partie rectiligne,Plat,,Sur chaussée,"['1958', '1966']","['Masculin', 'Masculin']","['Se déplaçant', 'Se déplaçant']","['Indemne', 'Blessé']","['Ceinture', 'Autre']","['Oui', 'Non déterminable']",,"B01,A01","['1', '1']","['Conducteur', 'Conducteur']",,"['Domicile – travail', 'Domicile – travail']","['Côté gauche', 'Avant droit']","['Sans changement de direction', 'Tournant A gauche']",,"['Véhicule', 'Autre']",,"['Bicyclette', 'VL seul']",,Métropole,,2015,Tarbes,65,Hautes-Pyrénées,246500565,CA du Grand Tarbes,73,Midi-Pyrénées,Tarbes,65440
201400033256,2014-04-06T00:00:00+00:00,Strasbourg,2014,04,06,02:00,Nuit avec éclairage public allumé,En agglomération,2,Normale,Deux véhicules – par le coté,67,482,67482,VIENNE (ROUTE DE),,,67100,,"{'lon': 7.75465, 'lat': 48.575234}",,normale,,Bidirectionnelle,Piste cyclable,00,0,128.0,,0.0,2.0,Voie Communale,,Partie rectiligne,,,Sur chaussée,"['1990', '1990', '1992']","['Masculin', 'Masculin', 'Masculin']","['Se déplaçant', 'Se déplaçant', 'Se déplaçant']","['Indemne', 'Indemne', 'Blessé']","['Ceinture', 'Ceinture', 'Autre']","['Oui', 'Oui', 'Non déterminable']",,"A01,B01","['1', '2', '1']","['Conducteur', 'Passager', 'Conducteur']",,"['Utilisation professionnelle', 'Promenade – loisirs']","['Avant', 'Avant droit']","['Tournant A droite', 'Sans changement de direction']",,"['Véhicule', 'Véhicule']",,"['VL seul', 'Bicyclette']",,,,2015,Strasbourg,67,Bas-Rhin,246700488,EuroMétropole de Strasbourg,42,Alsace,Strasbourg,67482
201600013885,2016-01-11T14:30:00+00:00,,2016,01,11,15:30,Plein jour,En agglomération,1,Normale,Deux véhicules – par l’arrière,13,055,13055,"76, DOCTEUR HECKEL (RUE",4328622,0544235,,76,"{'lon': 5.442264, 'lat': 43.286243}",,normale,,Bidirectionnelle,,00,2,70.0,A,0.0,2.0,Route Départementale,,Partie rectiligne,Plat,,Sur chaussée,"['1973', '1955']","['Masculin', 'Masculin']","['Se déplaçant', 'Se déplaçant']","['Blessé', 'Indemne']","['Ceinture', 'Ceinture']","['Oui', 'Oui']",,"A01,B01","['1', '1']","['Conducteur', 'Conducteur']",,"['Courses – achats', 'Promenade – loisirs']","['Avant', 'Arrière']","['Même sens', 'Même sens']","PK ou PR ou numéro d’adresse postale croissant,PK ou PR ou numéro d’adresse postale croissant","['Véhicule', 'Véhicule']",,"['VL seul', 'VL seul']",,Métropole,,2016,Marseille,13,Bouches-du-Rhône,200054807,Métropole d'Aix-Marseille-Provence,93,Provence-Alpes-Côte d'Azur,,13055
201600013989,2016-01-24T11:15:00+00:00,,2016,01,24,12:15,Plein jour,En agglomération,3,Normale,Deux véhicules – par le coté,13,055,13055,"1, BOUGiE (BOULEVARD)",4332227,0539220,,1,"{'lon': 5.391374, 'lat': 43.322202}",,normale,,A chaussées séparées,,99,0,0.0,,0.0,3.0,Voie Communale,,Partie rectiligne,Plat,,Sur chaussée,['1994'],['Masculin'],['Se déplaçant'],['Blessé'],['Ceinture'],['Oui'],,"Z01,A01",['1'],['Conducteur'],,['Promenade – loisirs'],"['Avant', 'Avant gauche']","['A contresens', 'Tournant A gauche']","PK ou PR ou numéro d’adresse postale croissant,PK ou PR ou numéro d’adresse postale croissant","['Véhicule', 'Véhicule']",['Poteau'],"['VL seul', 'VL seul']",,Métropole,,2016,Marseille,13,Bouches-du-Rhône,200054807,Métropole d'Aix-Marseille-Provence,93,Provence-Alpes-Côte d'Azur,,13055
201600015135,2016-07-13T10:45:00+00:00,,2016,07,13,12:45,Plein jour,En agglomération,3,Normale,Deux véhicules – par le coté,13,055,13055,"00, AVIATEUR LE BRIX (RU",4325977,0540224,,00,"{'lon': 5.403091, 'lat': 43.260438}",,normale,,Bidirectionnelle,,00,0,0.0,,0.0,0.0,Voie Communale,,Partie rectiligne,Pente,,Sur chaussée,"['1952', '1965']","['Masculin', 'Masculin']","['Se déplaçant', 'Se déplaçant']","['Indemne', 'Blessé']","['Ceinture', 'Casque']","['Oui', 'Oui']",,"A01,B01","['1', '1']","['Conducteur', 'Conducteur']",,['Promenade – loisirs'],['Avant'],"['Tournant A gauche', 'Sans changement de direction']","PK ou PR ou numéro d’adresse postale croissant,PK ou PR ou numéro d’adresse postale croissant","['Véhicule', 'Véhicule']",,"['VL seul', 'Motocyclette > 125 cm3']",,Métropole,,2016,Marseille,13,Bouches-du-Rhône,200054807,Métropole d'Aix-Marseille-Provence,93,Provence-Alpes-Côte d'Azur,,13055
201600015395,2016-08-28T00:45:00+00:00,,2016,08,28,02:45,Nuit avec éclairage public allumé,En agglomération,1,Normale,Deux véhicules – par le coté,13,055,13055,"231, MENDES FRANCE (AVEN",4325002,0537530,,231,"{'lon': 0.63682, 'lat': 44.188739}",,normale,,A chaussées séparées,,00,0,120.0,,15.0,4.0,Voie Communale,,Partie rectiligne,Plat,,Sur chaussée,"['1995', '1996', '1995', '1987']","['Féminin', 'Féminin', 'Masculin', 'Masculin']","['Se déplaçant', 'Se déplaçant', 'Se déplaçant', 'Traversant']","['Blessé', 'Blessé', 'Indemne', 'Blessé']","['Ceinture', 'Ceinture', 'Ceinture']","['Oui', 'Oui', 'Oui']",['Sur passage piéton - Sans signalisation lumineuse'],"A01,B01","['2', '1', '1']","['Passager', 'Conducteur', 'Conducteur', 'Piéton']",['Seul'],"['Promenade – loisirs', 'Promenade – loisirs']","['Avant gauche', 'Avant']","['Sans changement de direction', 'Sans changement de direction']","PK ou PR ou numéro d’adresse postale décroissant,PK ou PR ou numéro d’adresse postale décroissant","['Véhicule', 'Piéton']",['Parapet'],"['VL seul', 'VL seul']",,Métropole,,2016,Marseille,13,Bouches-du-Rhône,200054807,Métropole d'Aix-Marseille-Provence,93,Provence-Alpes-Côte d'Azur,,13055