num_acc,datetime,nom_com,an,mois,jour,hrmn,lum,agg,int,atm,col,dep,com,insee,adr,lat,long,code_postal,num,coordonnees,pr,surf,v1,circ,vosp,env1,voie,larrout,v2,lartpc,nbv,catr,pr1,plan,prof,infra,situ,an_nais,sexe,actp,grav,secu,secu_utl,locp,num_veh,place,catu,etatp,trajet,choc,manv,senc,obsm,obs,catv,occutc,gps,date,year_georef,com_name,dep_code,dep_name,epci_code,epci_name,reg_code,reg_name,com_arm_name,com_code
201600015808,2016-10-25T21:00:00+00:00,,2016,10,25,23:00,Nuit avec éclairage public allumé,En agglomération,3,Normale,Deux véhicules – par le coté,13,055,13055,"300, SAINT PIERRE (RUE)",4329158,0540599,,300,"{'lon': 5.405846, 'lat': 43.291517}",,normale,,Bidirectionnelle,,00,0,70.0,,0.0,2.0,Voie Communale,,Partie rectiligne,Plat,,Sur chaussée,"['1993', '1993']","['Masculin', 'Masculin']","['Se déplaçant', 'Se déplaçant']","['Blessé', 'Blessé']","['Ceinture', 'Ceinture']","['Oui', 'Oui']",,"B01,A01","['1', '2']","['Conducteur', 'Passager']",,['Autre'],"['Avant gauche', 'Avant droit']","['Tournant A droite', 'Sans changement de direction']","PK ou PR ou numéro d’adresse postale croissant,PK ou PR ou numéro d’adresse postale décroissant","['Véhicule', 'Véhicule']",,"['VL seul', 'VL seul']",,Métropole,,2016,Marseille,13,Bouches-du-Rhône,200054807,Métropole d'Aix-Marseille-Provence,93,Provence-Alpes-Côte d'Azur,,13055
201600016083,2016-12-07T08:00:00+00:00,Plan-de-cuques,2016,12,07,09:00,Plein jour,En agglomération,1,Normale,Trois véhicules et plus – en chaîne,13,075,13075,"56, FRDRIC CHEVILLON (",4334661,0546268,13380,56,"{'lon': 5.462684, 'lat': 43.346555}",,normale,,Bidirectionnelle,,00,908,60.0,,0.0,2.0,Route Départementale,,Partie rectiligne,Plat,,Sur chaussée,"['1988', '1991', '1953']","['Masculin', 'Masculin', 'Masculin']","['Se déplaçant', 'Se déplaçant', 'Se déplaçant']","['Blessé', 'Indemne', 'Indemne']","['Ceinture', 'Ceinture', 'Ceinture']","['Oui', 'Oui', 'Oui']",,"A01,B01,C01","['1', '1', '1']","['Conducteur', 'Conducteur', 'Conducteur']",,"['Autre', 'Autre', 'Autre']","['Avant', 'Arrière', 'Arrière']","['Sans changement de direction', 'Sans changement de direction', 'Tournant A gauche']","PK ou PR ou numéro d’adresse postale croissant,PK ou PR ou numéro d’adresse postale croissant,PK ou PR ou numéro d’adresse postale croissant","['Véhicule', 'Véhicule', 'Véhicule']",,"['VL seul', 'VL seul', 'VL seul']",,Métropole,,2016,Plan-de-Cuques,13,Bouches-du-Rhône,200054807,Métropole d'Aix-Marseille-Provence,93,Provence-Alpes-Côte d'Azur,Plan-de-Cuques,13075
201600030641,2016-09-24T08:00:00+00:00,Merxheim,2016,09,24,10:00,Plein jour,En agglomération,1,Normale,Sans collision,68,203,68203,RD47,4790439,0731003,68500,47,"{'lon': 7.292297, 'lat': 47.910575}",1,normale,,Bidirectionnelle,,99,47,70.0,,10.0,2.0,Route Départementale,800.0,Partie rectiligne,Plat,,Sur chaussée,['1997'],['Féminin'],['Se déplaçant'],['Blessé'],['Casque'],['Oui'],,A01,['1'],['Conducteur'],,['Promenade – loisirs'],,['Sans changement de direction'],PK ou PR ou numéro d’adresse postale croissant,,,['Scooter < 50 cm3'],,Métropole,,2016,Merxheim,68,Haut-Rhin,246800569,CC de la Région de Guebwiller,44,Alsace-Champagne-Ardenne-Lorraine,Merxheim,68203
201600030754,2016-07-07T22:05:00+00:00,Creil,2016,07,08,00:05,Nuit avec éclairage public allumé,En agglomération,6,Normale,Autre collision,60,175,60175,"1, JAURES (RUE JEAN)",4926251,0247141,60100,1,"{'lon': 2.470919, 'lat': 49.261926}",,normale,,A chaussées séparées,,00,,0.0,,0.0,2.0,Voie Communale,,,Plat,,Sur chaussée,"['1997', '1989']","['Masculin', 'Féminin']","['Se déplaçant', 'Se déplaçant']","['Blessé', 'Indemne']",['Ceinture'],['Oui'],,A01,['1'],"['Piéton', 'Conducteur']",,,['Avant'],,PK ou PR ou numéro d’adresse postale croissant,['Piéton'],,['VL seul'],,Métropole,,2016,Creil,60,Oise,246000111,CA Creilloise,32,Nord-Pas-de-Calais-Picardie,Creil,60175
201600029235,2016-07-02T16:45:00+00:00,Lorient,2016,07,02,18:45,Plein jour,En agglomération,1,Normale,Autre collision,56,121,56121,"0, FERRY ( PL. JULES )",4774662,-336559,56100,0,"{'lon': -3.364683, 'lat': 47.746226}",,,,,,00,0,0.0,,0.0,0.0,autre,,,,,Sur accotement,"['1996', '1946']","['Masculin', 'Féminin']","['Se déplaçant', 'Se déplaçant Sens véhicule heurtant']","['Indemne', 'Blessé']",['Ceinture'],['Oui'],,A01,['1'],"['Conducteur', 'Piéton']",['Seul'],,['Arrière'],['Manœuvre de stationnement'],,['Piéton'],,['VL seul'],,Métropole,,2016,Lorient,56,Morbihan,200042174,CA Lorient Agglomération,53,Bretagne,Lorient,56121
201600032360,2016-02-27T09:15:00+00:00,Strasbourg,2016,02,27,10:15,Plein jour,En agglomération,1,Normale,Autre collision,67,482,67482,"0, SAINT GUILLAUME (RUE)",4858250,0775736,67100,0,"{'lon': 7.748275, 'lat': 48.568796}",,normale,,A sens unique,,00,0,80.0,,0.0,1.0,Voie Communale,,Partie rectiligne,Plat,,Sur chaussée,"['1969', '1985']","['Masculin', 'Masculin']","['Traversant', 'Se déplaçant']","['Blessé', 'Indemne']",['Ceinture'],['Oui'],['Sur passage piéton - Sans signalisation lumineuse'],A01,['1'],"['Piéton', 'Conducteur']",['Seul'],"['Promenade – loisirs', 'Promenade – loisirs']",['Arrière'],['En marche arrière'],PK ou PR ou numéro d’adresse postale croissant,['Piéton'],,['VL seul'],,Métropole,,2016,Strasbourg,67,Bas-Rhin,246700488,EuroMétropole de Strasbourg,44,Alsace-Champagne-Ardenne-Lorraine,Strasbourg,67482
201400026059,2014-07-29T18:00:00+00:00,Deols,2014,07,29,20:00,Plein jour,Hors agglomération,3,Normale,Deux véhicules – par le coté,36,063,36063,RD956/ROUTE DE VILLERS,4683930,0167549,36130,956,"{'lon': 1.693648, 'lat': 46.833172}",,normale,,Bidirectionnelle,,99,956,0.0,,0.0,2.0,Route Départementale,,Partie rectiligne,Plat,,Sur chaussée,"['1994', '1956']","['Masculin', 'Féminin']","['Se déplaçant', 'Se déplaçant']","['Indemne', 'Blessé']","['Ceinture', 'Ceinture']","['Oui', 'Oui']",,"B01,A01","['1', '1']","['Conducteur', 'Conducteur']",,"['Promenade – loisirs', 'Promenade – loisirs']","['Avant', 'Avant droit']","['Sans changement de direction', 'Traversant la chaussée']",,"['Véhicule', 'Véhicule']",,"['VL seul', 'VL seul']",,Métropole,,2015,Déols,36,Indre,243600327,CA Castelroussine,24,Centre,Déols,36063
201700015124,2017-05-07T09:45:00+00:00,Deauville,2017,05,07,11:45,Plein jour,En agglomération,1,Normale,Sans collision,14,220,14220,MORNY (PLACE),4935973,0007677,14800,,"{'lon': 0.077405, 'lat': 49.359535}",499,normale,,A sens unique,,00,0,0.0,,0.0,1.0,Voie Communale,0.0,Partie rectiligne,Plat,,Sur chaussée,"['1929', '1974']","['Masculin', 'Masculin']","['Se déplaçant', 'Traversant']","['Indemne', 'Blessé']",['Ceinture'],['Oui'],['Sur passage piéton - Sans signalisation lumineuse'],A01,['1'],"['Conducteur', 'Piéton']",['Seul'],"['Promenade – loisirs', 'Domicile – travail']",['Avant'],['Sans changement de direction'],PK ou PR ou numéro d’adresse postale croissant,['Piéton'],,['VL seul'],,Métropole,,2017,Deauville,14,Calvados,241400415,CC Coeur Côte Fleurie,28,Normandie,Deauville,14220
201700029396,2017-08-24T19:30:00+00:00,Saint-sylvain-d'anjou,2017,08,24,21:30,Nuit avec éclairage public non allumé,Hors agglomération,1,Normale,Deux véhicules – par l’arrière,49,323,49323,"00, A87N",4750174,-049388,49112,00,"{'lon': -0.476043, 'lat': 47.516334}",,normale,,Bidirectionnelle,,00,87,0.0,,0.0,3.0,Autoroute,,Partie rectiligne,Plat,,Sur chaussée,"['1959', '1998']","['Masculin', 'Féminin']","['Se déplaçant', 'Se déplaçant']","['Blessé', 'Blessé']","['Ceinture', 'Ceinture']","['Oui', 'Oui']",,"A01,B01","['1', '1']","['Conducteur', 'Conducteur']",,['Utilisation professionnelle'],"['Avant', 'Arrière']","['Changeant de file A droite', 'Sans changement de direction']",,"['Véhicule', 'Véhicule']",,"['PL > 3', 'VL seul']",,Métropole,,2017,Verrières-en-Anjou,49,Maine-et-Loire,244900015,CU Angers Loire Métropole,52,Pays de la Loire,Verrières-en-Anjou,49323
201700034073,2017-04-21T20:10:00+00:00,Strasbourg,2017,04,21,22:10,Nuit avec éclairage public allumé,En agglomération,2,Normale,Sans collision,67,482,67482,"0, MEINAU (ROUTE DE LA)",4855219,0775170,67100,0,"{'lon': 7.751069, 'lat': 48.552469}",,normale,,Bidirectionnelle,,00,0,100.0,,0.0,2.0,Voie Communale,,Partie rectiligne,Plat,,Sur chaussée,['1998'],['Masculin'],['Se déplaçant'],['Blessé'],['Ceinture'],['Oui'],,A01,['1'],['Conducteur'],,['Promenade – loisirs'],['Avant'],['Tournant A droite'],PK ou PR ou numéro d’adresse postale croissant,,['Mobilier urbain'],['VL seul'],,Métropole,,2017,Strasbourg,67,Bas-Rhin,246700488,Eurométropole de Strasbourg,44,Grand Est,Strasbourg,67482
201700025740,2017-04-25T21:00:00+00:00,Merignac,2017,04,25,23:00,Nuit avec éclairage public allumé,En agglomération,2,Normale,Deux véhicules - frontale,33,281,33281,DASSAULT (AVE MARCEL),4484351,-067298,33700,,"{'lon': -0.718916, 'lat': 44.846994}",16,normale,,A sens unique,,00,630,0.0,,0.0,1.0,Autoroute,0.0,Partie rectiligne,Bas de côte,Bretelle d’échangeur ou de raccordement,Sur chaussée,"['1996', '1985']","['Masculin', 'Masculin']","['Se déplaçant', 'Se déplaçant']","['Blessé', 'Blessé']","['Ceinture', 'Ceinture']","['Non déterminable', 'Non déterminable']",,"A01,B01","['1', '1']","['Conducteur', 'Conducteur']",,,"['Avant', 'Avant']","['Tournant A gauche', 'Sans changement de direction']","PK ou PR ou numéro d’adresse postale décroissant,PK ou PR ou numéro d’adresse postale décroissant","['Véhicule', 'Véhicule']",,"['VL seul', 'VL seul']",,Métropole,,2017,Mérignac,33,Gironde,243300316,Bordeaux Métropole,75,Nouvelle-Aquitaine,Mérignac,33281
201700036759,2017-12-08T15:30:00+00:00,Louveciennes,2017,12,08,16:30,Crépuscule ou aube,En agglomération,1,Neige - grêle,Autre collision,78,350,78350,"1, MACHINE (RUE)",4886484,0211561,78430,1,"{'lon': 2.115564, 'lat': 48.864898}",2,enneigée,,Bidirectionnelle,,00,102,70.0,,0.0,1.0,Route Départementale,105.0,En courbe à gauche,Plat,,Sur chaussée,"['1980', '1939']","['Féminin', 'Féminin']","['Se déplaçant', 'Traversant']","['Indemne', 'Tué']",['Ceinture'],['Non déterminable'],['Sur chaussée - A – 50 m du passage piéton'],A01,['1'],"['Conducteur', 'Piéton']",['Seul'],,['Avant'],['Même sens'],PK ou PR ou numéro d’adresse postale décroissant,['Piéton'],,['VL seul'],,Métropole,,2017,Louveciennes,78,Yvelines,200058519,CA Saint-Germain Boucles de Seine,11,Île-de-France,Louveciennes,78350
201700036773,2017-05-31T18:05:00+00:00,Sartrouville,2017,05,31,20:05,Plein jour,En agglomération,3,Normale,Deux véhicules – par le coté,78,586,78586,ROBERT SCHUMAN (AVENUE),4894477,0218383,78500,,"{'lon': 2.193757, 'lat': 48.948485}",,normale,,A chaussées séparées,,99,0,106.0,,51.0,4.0,Voie Communale,,Partie rectiligne,Plat,Carrefour aménagé,Sur chaussée,"['1980', '1975', '1987']","['Masculin', 'Masculin', 'Féminin']","['Se déplaçant', 'Se déplaçant', 'Se déplaçant']","['Indemne', 'Blessé', 'Blessé']","['Ceinture', 'Ceinture', 'Ceinture']","['Oui', 'Oui', 'Oui']",,"A01,B01","['1', '1', '2']","['Conducteur', 'Conducteur', 'Passager']",,"['Domicile – travail', 'Courses – achats', 'Courses – achats']","['Avant droit', 'Avant']","['Sans changement de direction', 'Tournant A gauche']","PK ou PR ou numéro d’adresse postale croissant,PK ou PR ou numéro d’adresse postale décroissant","['Véhicule', 'Véhicule']",,"['VL seul', 'VL seul']",,Métropole,,2017,Sartrouville,78,Yvelines,200058519,CA Saint-Germain Boucles de Seine,11,Île-de-France,Sartrouville,78586
201400018834,2014-09-02T10:45:00+00:00,Crissey,2014,09,02,12:45,Plein jour,En agglomération,6,Normale,Deux véhicules – par le coté,71,154,71154,rue Paul Sabatier,,,71530,,"{'lon': 4.863865, 'lat': 46.822279}",4,normale,,,,99,5,0.0,,0.0,0.0,Route Départementale,0.0,En courbe à gauche,Plat,Carrefour aménagé,Sur chaussée,"['1956', '1960']","['Masculin', 'Masculin']","['Se déplaçant', 'Se déplaçant']","['Indemne', 'Blessé']","['Ceinture', 'Casque']","['Oui', 'Oui']",,"B02,A01","['1', '1']","['Conducteur', 'Conducteur']",,"['Utilisation professionnelle', 'Domicile – travail']","['Côté droit', 'Côté droit']","['Sans changement de direction', 'En s’insérant']",,"['Véhicule', 'Autre']",,"['Bicyclette', 'VL seul']",,Métropole,,2015,Crissey,71,Saône-et-Loire,247100589,CA Chalon - Val de Bourgogne,26,Bourgogne,Crissey,71154
201400019105,2014-09-23T05:30:00+00:00,Bretignolles,2014,09,23,07:30,Crépuscule ou aube,Hors agglomération,1,Normale,Deux véhicules – par le coté,79,050,79050,,,,79140,,"{'lon': -0.607172, 'lat': 46.862188}",59,normale,,Bidirectionnelle,,00,149,720.0,,0.0,2.0,Route Nationale,900.0,Partie rectiligne,Plat,,Sur chaussée,"['1986', '1967']","['Masculin', 'Masculin']","['Se déplaçant', 'Se déplaçant']","['Tué', 'Tué']","['Casque', 'Ceinture']","['Oui', 'Oui']",,"B02,A01","['1', '1']","['Conducteur', 'Conducteur']",,"['Domicile – travail', 'Promenade – loisirs']","['Avant', 'Côté gauche']","['Sans changement de direction', 'En faisant demi-tour sur la chaussée']",,['Véhicule'],,"['Motocyclette > 125 cm3', 'VL seul']",,Métropole,,2015,Bretignolles,79,Deux-Sèvres,200040244,CA du Bocage Bressuirais,54,Poitou-Charentes,Bretignolles,79050
201400019680,2014-12-06T12:45:00+00:00,Rochefort,2014,12,06,13:45,Plein jour,En agglomération,2,Normale,Deux véhicules – par le coté,17,299,17299,"75, GAMBETTA RUE",4594015,-097114,17300,75,"{'lon': -0.971017, 'lat': 45.94015}",,normale,,Bidirectionnelle,,99,0,65.0,,0.0,2.0,Voie Communale,,Partie rectiligne,Plat,,Sur chaussée,"['1995', '1982']","['Masculin', 'Féminin']","['Se déplaçant', 'Se déplaçant']","['Blessé', 'Indemne']","['Casque', 'Ceinture']","['Oui', 'Oui']",,"A01,B01","['1', '1']","['Conducteur', 'Conducteur']",,"['Domicile – travail', 'Utilisation professionnelle']","['Avant', 'Avant gauche']","['Sans changement de direction', 'Tournant A gauche']",,"['Véhicule', 'Véhicule']",,"['Cyclomoteur <50cm3', 'VL seul']",,Métropole,,2015,Rochefort,17,Charente-Maritime,200041762,CA Rochefort Océan,54,Poitou-Charentes,Rochefort,17299
201400027215,2014-08-04T16:35:00+00:00,Roanne,2014,08,04,18:35,Plein jour,En agglomération,2,Normale,Sans collision,42,187,42187,"0, RABELAIS (RUE FRANCOI",4604071,0405571,42300,0,"{'lon': 4.057865, 'lat': 46.040827}",,normale,,Bidirectionnelle,,00,0,63.0,,0.0,2.0,Voie Communale,,Partie rectiligne,Plat,,Sur chaussée,['1990'],['Masculin'],['Se déplaçant'],['Blessé'],['Casque'],['Oui'],,A01,['1'],['Conducteur'],,['Promenade – loisirs'],['Avant'],['Sans changement de direction'],,,,['Motocyclette > 125 cm3'],,Métropole,,2015,Roanne,42,Loire,200035731,CA Roannais Agglomération,82,Rhône-Alpes,Roanne,42187
201400057193,2014-09-28T03:05:00+00:00,Paris-20e-arrondissement,2014,09,28,05:05,Nuit avec éclairage public allumé,En agglomération,1,Normale,Trois véhicules et plus - collisions multiples,75,120,75120,"78, RUE DE BAGNOLET",,,75020,78,"{'lon': 2.400845, 'lat': 48.85837}",,normale,,Bidirectionnelle,,00,0,0.0,,0.0,1.0,Voie Communale,,Partie rectiligne,Plat,,Sur chaussée,"['1974', '1988']","['Masculin', 'Masculin']","['Se déplaçant', 'Se déplaçant']","['Blessé', 'Indemne']","['Casque', 'Ceinture']","['Oui', 'Oui']",,"Z01,C01,B01","['1', '1']","['Conducteur', 'Conducteur']",,"['Promenade – loisirs', 'Promenade – loisirs']","['Avant gauche', 'Avant gauche']","['Sans changement de direction', 'Sans changement de direction', 'Sans changement de direction']",PK ou PR ou numéro d’adresse postale décroissant,"['Véhicule', 'Véhicule', 'Véhicule']",,"['VL seul', 'VL seul', 'Scooter > 125 cm3']",,,,2015,Paris,75,Paris,,,11,Île-de-France,Paris 20e Arrondissement,75120
201400057518,2014-08-02T17:50:00+00:00,Paris-7e-arrondissement,2014,08,02,19:50,Plein jour,En agglomération,7,Normale,Deux véhicules – par le coté,75,107,75107,QUAI D ORSAY,,,75007,,"{'lon': 2.307205, 'lat': 48.862275}",,normale,,Bidirectionnelle,,00,0,197.0,,0.0,4.0,Voie Communale,,Partie rectiligne,Plat,,Sur chaussée,"['1991', '1965']","['Masculin', 'Masculin']","['Se déplaçant', 'Se déplaçant']","['Indemne', 'Blessé']","['Ceinture', 'Casque']","['Oui', 'Oui']",,"B01,A01","['1', '1']","['Conducteur', 'Conducteur']",,"['Promenade – loisirs', 'Utilisation professionnelle']","['Avant', 'Côté droit']","['Sans changement de direction', 'Tournant A gauche']",,"['Véhicule', 'Véhicule']",,"['Scooter < 50 cm3', 'VL seul']",,,,2015,Paris,75,Paris,,,11,Île-de-France,Paris 7e Arrondissement,75107
201200044149,2012-06-29T12:40:00+00:00,Bobigny,2012,06,29,14:40,Plein jour,Hors agglomération,1,Normale,Deux véhicules – par l’arrière,93,008,93008,VAILLANT COUTURIER (AVEN,,,93000,,"{'lon': 2.451965, 'lat': 48.908414}",,normale,,A sens unique,,99,0,0.0,,0.0,0.0,Route Départementale,,,Plat,,Sur chaussée,"['1955', '1990']","['Masculin', 'Masculin']","['Se déplaçant', 'Se déplaçant']","['Blessé', 'Indemne']","['Ceinture', 'Ceinture']","['Oui', 'Oui']",,"B01,A01","['1', '1']","['Conducteur', 'Conducteur']",,,"['Arrière', 'Avant']",,,,,"['VL seul', 'VL seul']",,,,2015,Bobigny,93,Seine-Saint-Denis,200023430,CA Est Ensemble,11,Île-de-France,Bobigny,93008
201200050391,2012-10-01T06:30:00+00:00,Colombes,2012,10,01,08:30,Plein jour,Hors agglomération,1,Normale,Trois véhicules et plus - collisions multiples,92,025,92025,A86,,,92700,86,"{'lon': 2.252172, 'lat': 48.92315}",2,,,A chaussées séparées,,00,86,60.0,,15.0,2.0,Autoroute,700.0,,Pente,,,"['1972', '1955', '1947']","['Masculin', 'Féminin', 'Féminin']","['Se déplaçant', 'Se déplaçant', 'Se déplaçant']","['Indemne', 'Indemne', 'Blessé']","['Ceinture', 'Ceinture', 'Casque']","['Oui', 'Oui', 'Oui']",,"B01,C01,A01","['1', '1', '1']","['Conducteur', 'Conducteur', 'Conducteur']",,"['Domicile – travail', 'Domicile – école', 'Domicile – travail']","['Arrière droit', 'Arrière', 'Avant']","['Changeant de file A droite', 'Arrêté (hors stationnement)', 'Entre 2 files']",,"['Véhicule', 'Véhicule']",,"['VL seul', 'VL seul', 'Motocyclette > 125 cm3']",,,,2015,Colombes,92,Hauts-de-Seine,,,11,Île-de-France,Colombes,92025
201200051173,2012-07-21T00:58:00+00:00,,2012,07,21,02:58,Nuit avec éclairage public allumé,En agglomération,1,Normale,Deux véhicules – par le coté,20,033,20033,ROUTE ROYALE,,,,,"{'lon': 9.430446, 'lat': 42.678864}",1,normale,,Bidirectionnelle,,99,264,93.0,,0.0,3.0,Route Départementale,,Partie rectiligne,Pente,,Sur chaussée,"['1991', '1978']","['Masculin', 'Masculin']","['Se déplaçant', 'Se déplaçant']","['Blessé', 'Blessé']","['Ceinture', 'Ceinture']","['Oui', 'Oui']",,"A01,B01","['1', '1']","['Conducteur', 'Conducteur']",,"['Autre', 'Autre']","['Avant', 'Avant droit']","['Tournant A gauche', 'Sans changement de direction']",,"['Véhicule', 'Véhicule']",,"['VL seul', 'VL seul']",,,,2015,,,,,,,,,20033
201200051541,2012-06-02T18:55:00+00:00,Lyon-3e-arrondissement,2012,06,02,20:55,Crépuscule ou aube,En agglomération,1,Normale,Autre collision,69,383,69383,"00, RUE FEUILLAT",,,69003,00,"{'lon': 4.875935, 'lat': 45.750615}",,normale,,A sens unique,,00,0,0.0,,0.0,3.0,Voie Communale,,Partie rectiligne,Plat,,Sur chaussée,"['1960', '1970']","['Masculin', 'Masculin']","['Se déplaçant', 'Se déplaçant']","['Blessé', 'Blessé']","['Casque', 'Ceinture']","['Oui', 'Oui']",,"B01,A01","['1', '1']","['Conducteur', 'Conducteur']",,"['Promenade – loisirs', 'Promenade – loisirs']","['Avant droit', 'Avant']","['Tournant A gauche', 'Sans changement de direction']",,"['Véhicule', 'Véhicule']",,"['VL seul', 'Scooter > 50 cm3 et <= 125 cm3']",,,,2015,Lyon,69,Rhône,200046977,Métropole de LYON,82,Rhône-Alpes,Lyon 3e Arrondissement,69383
201200052329,2012-10-10T07:00:00+00:00,Lyon-8e-arrondissement,2012,10,10,09:00,Plein jour,En agglomération,8,Temps couvert,Autre collision,69,388,69388,BOULEVARD DES ETATS UNIS,,,69008,,"{'lon': 4.866341, 'lat': 45.731455}",1,mouillée,,Bidirectionnelle,Voie réservée,99,0,90.0,,0.0,6.0,Voie Communale,0.0,Partie rectiligne,Plat,Voie ferrée,Sur trottoir,"['1973', '1921']","['Masculin', 'Masculin']","['Se déplaçant', 'Traversant']","['Indemne', 'Blessé']","['Autre', 'Autre']","['Oui', 'Non déterminable']",['Sur passage piéton - Avec signalisation lumineuse'],A01,['1'],"['Conducteur', 'Piéton']",['Seul'],"['Utilisation professionnelle', 'Courses – achats']",['Côté droit'],['Sans changement de direction'],,['Piéton'],,['Tramway'],['35'],,,2015,Lyon,69,Rhône,200046977,Métropole de LYON,82,Rhône-Alpes,Lyon 8e Arrondissement,69388
201200052483,2012-02-22T17:20:00+00:00,Rillieux-la-pape,2012,02,22,18:20,Plein jour,Hors agglomération,1,Normale,Deux véhicules – par l’arrière,69,286,69286,A46N   S/N   25.680 A 25,,,69140,46,"{'lon': 4.897266, 'lat': 45.82041}",25,normale,,A sens unique,,99,46,140.0,,15.0,4.0,Autoroute,685.0,Partie rectiligne,Pente,,Sur chaussée,"['1976', '1991']","['Masculin', 'Masculin']","['Se déplaçant', 'Se déplaçant']","['Indemne', 'Blessé']","['Ceinture', 'Ceinture']","['Oui', 'Oui']",,"B01,A01","['1', '1']","['Conducteur', 'Conducteur']",,"['Utilisation professionnelle', 'Domicile – travail']","['Arrière', 'Avant']","['Même sens', 'Même sens']",,"['Véhicule', 'Véhicule']",,"['VL seul', 'Tracteur routier + semi-remorque']",,,,2015,Rillieux-la-Pape,69,Rhône,200046977,Métropole de LYON,82,Rhône-Alpes,Rillieux-la-Pape,69286
201200053536,2012-07-11T15:00:00+00:00,Paris-1er-arrondissement,2012,07,11,17:00,Plein jour,En agglomération,3,Pluie légère,Deux véhicules – par le coté,75,101,75101,"1, RUE CROIX DES PETITS",,,75001,1,"{'lon': 2.340163, 'lat': 48.863996}",,mouillée,,Bidirectionnelle,,99,0,100.0,,150.0,2.0,Voie Communale,,Partie rectiligne,Plat,,Sur chaussée,"['1988', '1979']","['Féminin', 'Masculin']","['Se déplaçant', 'Se déplaçant']","['Blessé', 'Indemne']","['Casque', 'Ceinture']","['Non déterminable', 'Non déterminable']",,"A01,B01","['1', '1']","['Conducteur', 'Conducteur']",,['Utilisation professionnelle'],"['Avant gauche', 'Avant']","['Tournant A gauche', 'Sans changement de direction']",,"['Véhicule', 'Véhicule']",,"['VL seul', 'Bicyclette']",,,,2015,Paris,75,Paris,,,11,Île-de-France,Paris 1er Arrondissement,75101
201800001525,2018-07-29T18:30:00+00:00,Muret,2018,07,29,20:30,Crépuscule ou aube,En agglomération,9,Temps éblouissant,Autre collision,31,395,31395,1 avenue du président vi,4347006,0133160,31600,1,"{'lon': 1.324321, 'lat': 43.45648}",,normale,,A sens unique,,00,93,,G,,1.0,Route Départementale,,Partie rectiligne,Plat,Zone piétonne,Sur chaussée,"['1941', '1995', '1967']","['Féminin', 'Féminin', 'Féminin']","['Se déplaçant', 'Traversant', 'Traversant']","['Indemne', 'Blessé', 'Blessé']","['Ceinture', 'Casque', 'Casque']","['Oui', 'Non', 'Non']","['Sur passage piéton - Sans signalisation lumineuse', 'Sur passage piéton - Sans signalisation lumineuse']",A01,['1'],"['Conducteur', 'Piéton', 'Piéton']","['Accompagné', 'Accompagné']","['Promenade – loisirs', 'Promenade – loisirs', 'Promenade – loisirs']",['Avant gauche'],['Sans changement de direction'],,['Piéton'],,['VL seul'],,Métropole,,2018,Muret,31,Haute-Garonne,200068641,CA Le Muretain Agglo,76,Occitanie,Muret,31395
201200048429,2012-03-21T09:30:00+00:00,Sarcelles,2012,03,21,10:30,Plein jour,En agglomération,1,Normale,Deux véhicules – par le coté,95,585,95585,AV DIVISION LECLERC,4899040,0237410,95200,,"{'lon': 2.371203, 'lat': 48.985122}",1,normale,,Bidirectionnelle,,03,10,65.0,,0.0,2.0,Route Départementale,400.0,Partie rectiligne,Plat,,Sur chaussée,"['1990', '1963', '1965']","['Masculin', 'Masculin', 'Féminin']","['Se déplaçant', 'Se déplaçant', 'Se déplaçant']","['Indemne', 'Blessé', 'Blessé']","['Ceinture', 'Casque', 'Casque']","['Oui', 'Oui', 'Oui']",,"A01,B01","['1', '1', '2']","['Conducteur', 'Conducteur', 'Passager']",,"['Courses – achats', 'Courses – achats', 'Courses – achats']","['Avant gauche', 'Côté droit']","['Sans changement de direction', 'Sans changement de direction']",,"['Véhicule', 'Véhicule']",,"['VL seul', 'Motocyclette > 125 cm3']",,Métropole,,2015,Sarcelles,95,Val-d'Oise,249500380,CA Val de France,11,Île-de-France,Sarcelles,95585
201200054488,2012-09-28T23:05:00+00:00,Paris-7e-arrondissement,2012,09,29,01:05,Nuit avec éclairage public allumé,En agglomération,3,Normale,Deux véhicules – par l’arrière,75,107,75107,QUAI D ORSAY,,,75007,,"{'lon': 2.307205, 'lat': 48.862275}",,normale,,A sens unique,,99,0,0.0,,0.0,2.0,Voie Communale,,Partie rectiligne,Plat,,Sur chaussée,"['1978', '1969']","['Féminin', 'Masculin']","['Se déplaçant', 'Se déplaçant']","['Blessé', 'Indemne']","['Casque', 'Ceinture']","['Oui', 'Non déterminable']",,"B01,A01","['1', '1']","['Conducteur', 'Conducteur']",,"['Promenade – loisirs', 'Utilisation professionnelle']","['Arrière gauche', 'Avant']","['Même sens', 'Même sens']",,"['Véhicule', 'Véhicule']",,"['Autobus', 'Motocyclette > 50 cm3 et <= 125 cm3']",['1'],,,2015,Paris,75,Paris,,,11,Île-de-France,Paris 7e Arrondissement,75107