num_acc,datetime,nom_com,an,mois,jour,hrmn,lum,agg,int,atm,col,dep,com,insee,adr,lat,long,code_postal,num,coordonnees,pr,surf,v1,circ,vosp,env1,voie,larrout,v2,lartpc,nbv,catr,pr1,plan,prof,infra,situ,an_nais,sexe,actp,grav,secu,secu_utl,locp,num_veh,place,catu,etatp,trajet,choc,manv,senc,obsm,obs,catv,occutc,gps,date,year_georef,com_name,dep_code,dep_name,epci_code,epci_name,reg_code,reg_name,com_arm_name,com_code
201800014692,2018-05-06T13:00:00+00:00,Luneau,2018,05,06,15:00,Plein jour,Hors agglomération,9,Normale,Deux véhicules - frontale,03,154,03154,les près,4636628,0397092,03130,,"{'lon': 3.984402, 'lat': 46.365134}",,normale,,Bidirectionnelle,,00,,,,,2.0,Voie Communale,,En courbe à gauche,Pente,,Sur chaussée,"['2002', '1968', '1967', '1964']","['Masculin', 'Féminin', 'Féminin', 'Féminin']","['Se déplaçant', 'Se déplaçant', 'Se déplaçant', 'Se déplaçant']","['Blessé', 'Indemne', 'Indemne', 'Indemne']","['Casque', 'Ceinture', 'Ceinture', 'Ceinture']","['Oui', 'Oui', 'Oui', 'Oui']",,"B01,A01","['1', '7', '1', '2']","['Conducteur', 'Passager', 'Conducteur', 'Passager']",,"['Promenade – loisirs', 'Promenade – loisirs', 'Promenade – loisirs', 'Promenade – loisirs']","['Avant', 'Avant']","['Sans changement de direction', 'Déporté A gauche']",,"['Véhicule', 'Véhicule']",,"['VL seul', 'Cyclomoteur <50cm3']",,Métropole,,2018,Luneau,03,Allier,200071470,CC Entr'Allier Besbre et Loire,84,Auvergne-Rhône-Alpes,Luneau,03154
201800015321,2018-01-11T17:35:00+00:00,Guipavas,2018,01,11,18:35,Nuit avec éclairage public allumé,En agglomération,6,Normale,Deux véhicules – par le coté,29,075,29075,rond point de la vallée,4843137,-440274,29490,,"{'lon': -4.403902, 'lat': 48.432171}",6,normale,,Bidirectionnelle,,00,67,,,,1.0,Route Départementale,300.0,En courbe à gauche,Sommet de côte,Carrefour aménagé,Sur chaussée,"['1977', '1970']","['Féminin', 'Masculin']","['Se déplaçant', 'Se déplaçant']","['Indemne', 'Blessé']","['Ceinture', 'Equipement réfléchissant']","['Oui', 'Oui']",,"B01,A01","['1', '1']","['Conducteur', 'Conducteur']",,"['Domicile – école', 'Domicile – travail']","['Avant', 'Avant gauche']","['Sans changement de direction', 'En s’insérant']","PK ou PR ou numéro d’adresse postale croissant,PK ou PR ou numéro d’adresse postale croissant","['Véhicule', 'Véhicule']",,"['Bicyclette', 'VL seul']",,Métropole,,2018,Guipavas,29,Finistère,242900314,Brest Métropole,53,Bretagne,Guipavas,29075
201800015420,2018-09-10T05:50:00+00:00,Leuhan,2018,09,10,07:50,Plein jour,Hors agglomération,3,Normale,Deux véhicules – par le coté,29,125,29125,LIEU-DIT CROAS AR BEC,4810014,-375737,29390,,"{'lon': -3.756961, 'lat': 48.10068}",2,,,Bidirectionnelle,,,151,,,,2.0,Route Départementale,1010.0,Partie rectiligne,,,,"['1974', '2006', '2012', '1974']","['Féminin', 'Masculin', 'Masculin', 'Masculin']","['Se déplaçant', 'Se déplaçant', 'Se déplaçant', 'Se déplaçant']","['Indemne', 'Indemne', 'Indemne', 'Blessé']","['Ceinture', 'Ceinture', 'Ceinture', 'Casque']","['Oui', 'Oui', 'Oui', 'Oui']",,"B01,A01","['1', '2', '4', '1']","['Conducteur', 'Passager', 'Passager', 'Conducteur']",,"['Domicile – école', 'Domicile – école', 'Domicile – école', 'Domicile – travail']","['Avant', 'Côté gauche']","['Sans changement de direction', 'En s’insérant']","PK ou PR ou numéro d’adresse postale décroissant,PK ou PR ou numéro d’adresse postale croissant","['Véhicule', 'Véhicule']",,"['Motocyclette > 125 cm3', 'VL seul']",,Métropole,,2018,Leuhan,29,Finistère,242900561,CC de Haute-Cornouaille,53,Bretagne,Leuhan,29125
201800016216,2018-11-08T13:50:00+00:00,Zillisheim,2018,11,08,14:50,Plein jour,En agglomération,3,Normale,Deux véhicules – par le coté,68,384,68384,faubourg de mulhouse,4769476,0730281,68720,,"{'lon': 7.29771, 'lat': 47.694475}",5,normale,,Bidirectionnelle,,00,185,,5,,2.0,Route Départementale,329.0,Partie rectiligne,Plat,Carrefour aménagé,Sur chaussée,"['1958', '1968']","['Masculin', 'Masculin']","['Se déplaçant', 'Se déplaçant']","['Blessé', 'Indemne']","['Casque', 'Ceinture']","['Oui', 'Oui']",,"B01,A01","['1', '1']","['Conducteur', 'Conducteur']",,"['Promenade – loisirs', 'Utilisation professionnelle']","['Avant gauche', 'Avant droit']","['Sans changement de direction', 'Tournant A gauche']","PK ou PR ou numéro d’adresse postale croissant,PK ou PR ou numéro d’adresse postale décroissant","['Véhicule', 'Véhicule']",,"['Motocyclette > 50 cm3 et <= 125 cm3', 'VU seul 1']",,Métropole,,2018,Zillisheim,68,Haut-Rhin,200066009,CA Mulhouse Alsace Agglomération,44,Grand Est,Zillisheim,68384
201800016271,2018-04-28T03:00:00+00:00,Herepian,2018,04,28,05:00,Nuit sans éclairage public,Hors agglomération,1,Normale,Autre collision,34,119,34119,RD 909,4358049,0313744,34600,909,,2,normale,,Bidirectionnelle,,00,909,,A,,2.0,Route Départementale,500.0,Partie rectiligne,Plat,,Sur chaussée,"['1989', '1998', '1989']","['Féminin', 'Masculin', 'Masculin']","['Se déplaçant', 'Se déplaçant', 'Autre']","['Indemne', 'Blessé', 'Blessé']","['Ceinture', 'Ceinture', 'Casque']","['Oui', 'Oui', 'Non']",['Sur chaussée - A + 50 m du passage piéton'],"A01,B01","['1', '1']","['Conducteur', 'Conducteur', 'Piéton']",['Seul'],"['Domicile – travail', 'Promenade – loisirs', 'Domicile – travail']","['Avant droit', 'Avant']","['Sans changement de direction', 'Sans changement de direction']","PK ou PR ou numéro d’adresse postale croissant,PK ou PR ou numéro d’adresse postale décroissant",['Piéton'],['Fossé'],"['VL seul', 'VL seul']",,Métropole,,2018,Hérépian,34,Hérault,200042646,CC Grand Orb CC en Languedoc,76,Occitanie,Hérépian,34119
201800017829,2018-02-21T20:40:00+00:00,Soussac,2018,02,21,21:40,Nuit sans éclairage public,Hors agglomération,1,Normale,Autre collision,33,516,33516,D672 PR27+862 réel,4473291,-001502,33790,672,"{'lon': 0.006042, 'lat': 44.729928}",27,normale,,Bidirectionnelle,,00,672,,,,2.0,Route Départementale,800.0,En courbe à droite,Pente,,Sur accotement,['1977'],['Masculin'],['Se déplaçant'],['Blessé'],['Ceinture'],['Non déterminable'],,A01,['1'],['Conducteur'],,['Promenade – loisirs'],['Avant'],['Sans changement de direction'],PK ou PR ou numéro d’adresse postale croissant,,['Bâtiment'],['VL seul'],,Métropole,,2018,Soussac,33,Gironde,200069599,CC Rurales de l'Entre-deux-Mers,75,Nouvelle-Aquitaine,Soussac,33516
201800018221,2018-09-06T12:15:00+00:00,,2018,09,06,14:15,Plein jour,Hors agglomération,1,Normale,Autre collision,20,030,20030,Marine de Giotanni,4286721,0934884,,,"{'lon': 9.341157, 'lat': 42.867373}",71,normale,,Bidirectionnelle,,00,80,,,,2.0,Route Départementale,328.0,En courbe à droite,Pente,,Sur accotement,['1965'],['Masculin'],['Se déplaçant'],['Blessé'],['Casque'],['Oui'],,A01,['1'],['Conducteur'],,['Promenade – loisirs'],['Avant gauche'],['Traversant la chaussée'],PK ou PR ou numéro d’adresse postale croissant,,['Fossé'],['Motocyclette > 125 cm3'],,Métropole,,2018,,,,,,,,,20030
201800018479,2018-02-23T11:20:00+00:00,Blangy-sur-bresle,2018,02,23,12:20,Plein jour,En agglomération,1,Normale,Autre collision,76,101,76101,route de NEUFCHATEL,4992682,0162837,76340,,"{'lon': 1.626174, 'lat': 49.924252}",73,normale,,Bidirectionnelle,,00,928,,,,2.0,Route Départementale,200.0,Partie rectiligne,Plat,,Sur chaussée,"['1956', '1960']","['Masculin', 'Féminin']","['Traversant', 'Se déplaçant']","['Blessé', 'Indemne']","['Casque', 'Ceinture']","['Non', 'Oui']",['Sur chaussée - A – 50 m du passage piéton'],A01,['1'],"['Piéton', 'Conducteur']",['Seul'],['Promenade – loisirs'],['Côté gauche'],['Sans changement de direction'],PK ou PR ou numéro d’adresse postale croissant,['Piéton'],,['VL seul'],,Métropole,,2018,Blangy-sur-Bresle,76,Seine-Maritime,200069722,CC Interrégionale Aumale - Blangy-sur-Bresle,28,Normandie,Blangy-sur-Bresle,76101
201800020108,2018-02-13T13:20:00+00:00,Nieul,2018,02,13,14:20,Plein jour,Hors agglomération,1,Neige - grêle,Deux véhicules - frontale,87,107,87107,RN147 LIEU-DIT LA CURE,4592280,0119918,87510,147,"{'lon': 1.199062, 'lat': 45.922706}",12,enneigée,,Bidirectionnelle,,00,147,0.0,,0.0,2.0,Route Nationale,58.0,Partie rectiligne,Pente,,Sur chaussée,"['1994', '1970', '1942']","['Masculin', 'Masculin', 'Féminin']","['Se déplaçant', 'Se déplaçant', 'Se déplaçant']","['Blessé', 'Indemne', 'Blessé']","['Ceinture', 'Ceinture', 'Ceinture']","['Oui', 'Oui', 'Oui']",,"B01,A01","['1', '1', '2']","['Conducteur', 'Conducteur', 'Passager']",,"['Domicile – travail', 'Utilisation professionnelle', 'Utilisation professionnelle']","['Avant', 'Avant']","['Sans changement de direction', 'Déporté A gauche']","PK ou PR ou numéro d’adresse postale croissant,PK ou PR ou numéro d’adresse postale décroissant","['Véhicule', 'Véhicule']",,"['VL seul', 'VL seul']",,Métropole,,2018,Nieul,87,Haute-Vienne,200066512,CC Élan Limousin Avenir Nature,75,Nouvelle-Aquitaine,Nieul,87107
201800020745,2018-11-27T15:50:00+00:00,Dijon,2018,11,27,16:50,Crépuscule ou aube,Hors agglomération,1,Normale,Deux véhicules – par l’arrière,21,231,21231,GEORGES POMPIDOU (VOIE),4730262,0507588,21000,,,4,normale,,A chaussées séparées,,00,,,,,4.0,Route Départementale,199.0,Partie rectiligne,Plat,,Sur accotement,"['1981', '1957']","['Masculin', 'Masculin']",,"['Indemne', 'Blessé']","['Ceinture', 'Casque']","['Oui', 'Oui']",,"B01,A01","['1', '1']","['Conducteur', 'Conducteur']",,"['Promenade – loisirs', 'Promenade – loisirs']","['Arrière', 'Avant']","['Même sens', 'Sans changement de direction']","PK ou PR ou numéro d’adresse postale croissant,PK ou PR ou numéro d’adresse postale croissant","['Véhicule', 'Véhicule']",,"['VL seul', 'Scooter > 125 cm3']",,Métropole,,2018,Dijon,21,Côte-d'Or,242100410,Dijon Métropole,27,Bourgogne-Franche-Comté,Dijon,21231
201800021012,2018-06-29T17:45:00+00:00,Besancon,2018,06,29,19:45,Plein jour,En agglomération,4,Normale,Autre collision,25,056,25056,BRABANT RUE DE,4722375,0596920,25000,,"{'lon': 5.968685, 'lat': 47.223477}",,,,,,00,,,,,,Voie Communale,,,,,,"['1968', '1996']","['Féminin', 'Masculin']",,"['Indemne', 'Blessé']","['Ceinture', 'Casque']","['Non', 'Non']",,"B01,A01","['1', '1']","['Conducteur', 'Conducteur']",,,,['Tournant A gauche'],"PK ou PR ou numéro d’adresse postale croissant,PK ou PR ou numéro d’adresse postale croissant",['Véhicule'],,"['Scooter < 50 cm3', 'VL seul']",,Métropole,,2018,Besançon,25,Doubs,242500361,CA du Grand Besançon,27,Bourgogne-Franche-Comté,Besançon,25056
201800021124,2018-11-26T17:15:00+00:00,Pontarlier,2018,11,26,18:15,Nuit avec éclairage public allumé,En agglomération,1,Pluie légère,Autre collision,25,462,25462,BESANCON (RUE DE),4691050,0634820,25300,,"{'lon': 6.347894, 'lat': 46.911083}",0,mouillée,,Bidirectionnelle,,00,,,,,2.0,Voie Communale,0.0,Partie rectiligne,Plat,Zone piétonne,Sur accotement,"['1936', '1972']","['Féminin', 'Masculin']","['Traversant', 'Se déplaçant']","['Blessé', 'Indemne']","['Autre', 'Ceinture']","['Non', 'Non']",['Sur passage piéton - Sans signalisation lumineuse'],A01,['1'],"['Piéton', 'Conducteur']",['Seul'],,['Avant gauche'],,,['Piéton'],,['VL seul'],,Métropole,,2018,Pontarlier,25,Doubs,242500338,CC du Grand Pontarlier,27,Bourgogne-Franche-Comté,Pontarlier,25462
201800021146,2018-06-07T12:25:00+00:00,Crochte,2018,06,07,14:25,Plein jour,Hors agglomération,1,Normale,Trois véhicules et plus - collisions multiples,59,162,59162,rue paradis Straete,5091560,0239256,59380,,"{'lon': 2.391996, 'lat': 50.916407}",,normale,,Bidirectionnelle,,00,302,,V,,1.0,Voie Communale,,Partie rectiligne,Plat,,Sur chaussée,"['1952', '1958', '1949']","['Masculin', 'Masculin', 'Masculin']","['Se déplaçant', 'Se déplaçant', 'Se déplaçant']","['Indemne', 'Blessé', 'Blessé']","['Dispositif enfants', 'Casque', 'Casque']","['Non déterminable', 'Oui', 'Oui']",,"A01,B01,C01","['1', '1', '1']","['Conducteur', 'Conducteur', 'Conducteur']",,"['Utilisation professionnelle', 'Promenade – loisirs', 'Promenade – loisirs']","['Avant gauche', 'Côté gauche', 'Côté gauche']","['Déporté A gauche', 'Sans changement de direction', 'Sans changement de direction']",,"['Autre', 'Véhicule', 'Véhicule']",,"['Tracteur agricole', 'Bicyclette', 'Bicyclette']",,Métropole,,2018,Crochte,59,Nord,200040954,CC des Hauts de Flandre,32,Hauts-de-France,Crochte,59162
201800009438,2018-07-27T23:55:00+00:00,,2018,07,28,01:55,Nuit avec éclairage public allumé,En agglomération,1,Normale,Deux véhicules - frontale,13,055,13055,CROIX ROUGE (AVENUE),4333337,0543923,,,"{'lon': 5.437367, 'lat': 43.333048}",0,normale,,Bidirectionnelle,,00,908,,,,2.0,Route Départementale,0.0,Partie rectiligne,Plat,,Sur accotement,"['1990', '1993']","['Masculin', 'Masculin']",,"['Blessé', 'Indemne']","['Casque', 'Ceinture']","['Oui', 'Oui']",,"A01,B01","['1', '1']","['Conducteur', 'Conducteur']",,['Promenade – loisirs'],"['Avant', 'Avant']",['Tournant A gauche'],"PK ou PR ou numéro d’adresse postale croissant,PK ou PR ou numéro d’adresse postale décroissant","['Véhicule', 'Véhicule']",,"['VL seul', 'Scooter > 125 cm3']",,Métropole,,2018,Marseille,13,Bouches-du-Rhône,200054807,Métropole d'Aix-Marseille-Provence,93,Provence-Alpes-Côte d'Azur,,13055
201800009881,2018-10-09T17:00:00+00:00,,2018,10,09,19:00,Crépuscule ou aube,En agglomération,1,Normale,Deux véhicules – par le coté,13,055,13055,BOULEVARD MORETTI,4332349,0538530,,,"{'lon': 5.37777, 'lat': 43.325905}",0,normale,,Bidirectionnelle,,00,,,,,2.0,Voie Communale,0.0,Partie rectiligne,Plat,,Sur bande d’arrêt d’urgence,"['1977', '1968']","['Masculin', 'Masculin']",,"['Blessé', 'Indemne']","['Casque', 'Ceinture']","['Oui', 'Oui']",,"B01,A01","['1', '1']","['Conducteur', 'Conducteur']",,,"['Avant', 'Arrière gauche']","['Dépassant A gauche', 'Tournant A gauche']",,"['Véhicule', 'Véhicule']",,"['Scooter > 125 cm3', 'VL seul']",,Métropole,,2018,Marseille,13,Bouches-du-Rhône,200054807,Métropole d'Aix-Marseille-Provence,93,Provence-Alpes-Côte d'Azur,,13055
201800011044,2018-11-24T13:00:00+00:00,Saint-paterne-racan,2018,11,24,14:00,Plein jour,En agglomération,1,Normale,Autre collision,37,231,37231,rue des écoles,4759909,0048415,37370,,"{'lon': 0.484625, 'lat': 47.60075}",26,normale,,Bidirectionnelle,,00,6,,D,,2.0,Route Départementale,0.0,Partie rectiligne,Plat,,Sur chaussée,['2002'],['Masculin'],['Se déplaçant'],['Blessé'],['Casque'],['Oui'],,A01,['1'],['Conducteur'],,['Promenade – loisirs'],,['Sans changement de direction'],PK ou PR ou numéro d’adresse postale croissant,,['Bordure de trottoir'],['Cyclomoteur <50cm3'],,Métropole,,2018,Saint-Paterne-Racan,37,Indre-et-Loire,200073237,CC de Gâtine et Choisilles - Pays de Racan,24,Centre-Val de Loire,Saint-Paterne-Racan,37231
201800012202,2018-07-27T19:45:00+00:00,Chatillon-sur-colmont,2018,07,27,21:45,Crépuscule ou aube,Hors agglomération,1,Normale,Autre collision,53,064,53064,RD 138 - Lieu dit la Rab,4833946,-075276,53100,138,"{'lon': -0.752666, 'lat': 48.340732}",12,normale,,Bidirectionnelle,,00,138,,,,2.0,Route Départementale,750.0,En courbe à gauche,Pente,,Sur accotement,['1969'],['Masculin'],['Se déplaçant'],['Tué'],['Casque'],['Oui'],,A01,['1'],['Conducteur'],,['Promenade – loisirs'],['Avant'],['Sans changement de direction'],PK ou PR ou numéro d’adresse postale croissant,,['Fossé'],['Motocyclette > 125 cm3'],,Métropole,2018-02-01,2018,Châtillon-sur-Colmont,53,Mayenne,245300389,CC du Bocage Mayennais,52,Pays de la Loire,Châtillon-sur-Colmont,53064
201800031745,2018-05-17T16:15:00+00:00,Strasbourg,2018,05,17,18:15,Plein jour,En agglomération,1,Normale,Deux véhicules – par le coté,67,482,67482,THUMENAU (RUE DE LA),4857178,0775591,67100,,"{'lon': 7.754254, 'lat': 48.57155}",0,normale,,A chaussées séparées,,00,,,,,4.0,Voie Communale,0.0,Partie rectiligne,Plat,,Sur accotement,"['1997', '1986']","['Masculin', 'Féminin']",,"['Indemne', 'Blessé']","['Ceinture', 'Dispositif enfants']","['Oui', 'Non déterminable']",,"B01,A01","['1', '1']","['Conducteur', 'Conducteur']",,"['Domicile – école', 'Domicile – travail']","['Côté droit', 'Avant']","['Traversant la chaussée', 'Sans changement de direction']","PK ou PR ou numéro d’adresse postale décroissant,PK ou PR ou numéro d’adresse postale croissant","['Véhicule', 'Véhicule']",,"['VL seul', 'VL seul']",,Métropole,,2018,Strasbourg,67,Bas-Rhin,246700488,Eurométropole de Strasbourg,44,Grand Est,Strasbourg,67482
201800032197,2018-07-05T14:40:00+00:00,Kingersheim,2018,07,05,16:40,Plein jour,En agglomération,6,Temps éblouissant,Deux véhicules – par le coté,68,166,68166,DEBUSSY (RUE CLAUDE),4779409,0732346,68260,,"{'lon': 7.32495, 'lat': 47.794709}",0,normale,,Bidirectionnelle,Piste cyclable,00,0,102.0,,0.0,2.0,Voie Communale,0.0,Partie rectiligne,Plat,Carrefour aménagé,Sur chaussée,"['2002', '2002', '1967']","['Féminin', 'Féminin', 'Féminin']","['Se déplaçant', 'Se déplaçant', 'Se déplaçant']","['Blessé', 'Indemne', 'Indemne']","['Casque', 'Casque', 'Ceinture']","['Oui', 'Oui', 'Oui']",,"A01,B01","['2', '1', '1']","['Passager', 'Conducteur', 'Conducteur']",,"['Promenade – loisirs', 'Promenade – loisirs', 'Domicile – travail']","['Avant', 'Arrière droit']","['En s’insérant', 'Tournant A gauche']","PK ou PR ou numéro d’adresse postale croissant,PK ou PR ou numéro d’adresse postale croissant","['Véhicule', 'Véhicule']",,"['VL seul', 'Cyclomoteur <50cm3']",,Métropole,,2018,Kingersheim,68,Haut-Rhin,200066009,CA Mulhouse Alsace Agglomération,44,Grand Est,Kingersheim,68166
201800033083,2018-01-08T16:00:00+00:00,Le Mans,2018,01,08,17:00,Plein jour,En agglomération,3,Normale,Deux véhicules – par le coté,72,181,72181,GUETTE-LOUP (CHEMIN) PAI,4796578,0022332,72000,,"{'lon': 0.174198, 'lat': 48.002812}",,normale,,Bidirectionnelle,,99,0,0.0,,0.0,2.0,Voie Communale,,Partie rectiligne,Plat,,Sur chaussée,"['1976', '1984']","['Masculin', 'Masculin']","['Se déplaçant', 'Se déplaçant']","['Indemne', 'Blessé']","['Ceinture', 'Casque']","['Oui', 'Oui']",,"A01,B01","['1', '1']","['Conducteur', 'Conducteur']",,"['Utilisation professionnelle', 'Domicile – travail']","['Côté droit', 'Avant']","['Sans changement de direction', 'Sans changement de direction']",,"['Véhicule', 'Véhicule']",,"['VL seul', 'Motocyclette > 125 cm3']",,Métropole,,2018,Le Mans,72,Sarthe,247200132,CU Le Mans Métropole,52,Pays de la Loire,Le Mans,72181
201800035707,2018-06-26T20:45:00+00:00,Cavaillon,2018,06,26,22:45,Nuit avec éclairage public allumé,En agglomération,1,Normale,Deux véhicules – par le coté,84,035,84035,CHEVAL BLANC (AVENUE DE),4383040,0505523,84300,,"{'lon': 5.056629, 'lat': 43.828951}",1,normale,,Bidirectionnelle,Piste cyclable,00,,,,,2.0,autre,0.0,Partie rectiligne,Plat,,Sur accotement,"['1961', '1990']","['Masculin', 'Masculin']",,"['Blessé', 'Indemne']","['Casque', 'Ceinture']","['Oui', 'Oui']",,"B01,A01","['1', '1']","['Conducteur', 'Conducteur']",,"['Domicile – travail', 'Promenade – loisirs']","['Avant', 'Côté gauche']","['Même sens', 'Tournant A gauche']","PK ou PR ou numéro d’adresse postale croissant,PK ou PR ou numéro d’adresse postale croissant","['Véhicule', 'Véhicule']",,"['Motocyclette > 125 cm3', 'VL seul']",,Métropole,,2018,Cavaillon,84,Vaucluse,200040442,CA Luberon Monts de Vaucluse,93,Provence-Alpes-Côte d'Azur,Cavaillon,84035
201800035779,2018-03-09T13:00:00+00:00,Les Sables-d'olonne,2018,03,09,14:00,Plein jour,En agglomération,1,Normale,Sans collision,85,194,85194,QUAI DES CHANTIERS,4649835,0178810,85100,,"{'lon': -1.795401, 'lat': 46.493554}",,normale,,Bidirectionnelle,Voie réservée,99,0,0.0,,0.0,1.0,Voie Communale,,Partie rectiligne,Plat,,Sur chaussée,['1951'],['Masculin'],['Se déplaçant'],['Tué'],['Ceinture'],['Oui'],,A01,['1'],['Conducteur'],,['Promenade – loisirs'],['Avant'],,PK ou PR ou numéro d’adresse postale décroissant,,,['VL seul'],,Métropole,,2018,Les Sables-d'Olonne,85,Vendée,200071165,CA Les Sables d'Olonne Agglomération,52,Pays de la Loire,Les Sables-d'Olonne,85194
201800036135,2018-07-26T07:52:00+00:00,Limoges,2018,07,26,09:52,Plein jour,En agglomération,1,Normale,Deux véhicules – par l’arrière,87,085,87085,BASTIAT (RUE FREDERIC),4588890,0129077,87000,,"{'lon': 1.266365, 'lat': 45.808914}",0,normale,,Bidirectionnelle,,00,0,0.0,,0.0,2.0,Voie Communale,0.0,Partie rectiligne,Plat,,Sur accotement,"['1993', '1970', '1999']","['Féminin', 'Masculin', 'Féminin']","['Se déplaçant', 'Se déplaçant', 'Se déplaçant']","['Blessé', 'Blessé', 'Blessé']","['Ceinture', 'Ceinture', 'Ceinture']","['Oui', 'Oui', 'Oui']",,"B01,A01","['1', '2', '1']","['Conducteur', 'Passager', 'Conducteur']",,"['Promenade – loisirs', 'Promenade – loisirs', 'Promenade – loisirs']","['Arrière', 'Avant']","['Même sens', 'Même sens']","PK ou PR ou numéro d’adresse postale croissant,PK ou PR ou numéro d’adresse postale croissant","['Véhicule', 'Véhicule']",,"['VL seul', 'VL seul']",,Métropole,,2018,Limoges,87,Haute-Vienne,248719312,CA Limoges Métropole,75,Nouvelle-Aquitaine,Limoges,87085
201800025855,2018-06-16T23:05:00+00:00,Mont-de-marsan,2018,06,17,01:05,Nuit avec éclairage public allumé,En agglomération,1,Normale,Sans collision,40,192,40192,PONT DES DROITS DE L'HOM,4389092,-050154,40000,,"{'lon': -0.472603, 'lat': 43.896611}",0,normale,,Bidirectionnelle,,00,,,,,2.0,Voie Communale,0.0,En courbe à droite,Plat,Pont - autopont,Sur chaussée,"['1995', '1997', '1997', '1995', '1984', '1977']","['Masculin', 'Masculin', 'Masculin', 'Féminin', 'Féminin', 'Féminin']",,"['Blessé', 'Blessé', 'Indemne', 'Blessé', 'Blessé', 'Blessé']","['Ceinture', 'Ceinture', 'Ceinture', 'Ceinture', 'Ceinture', 'Ceinture']","['Oui', 'Oui', 'Oui', 'Oui', 'Oui', 'Oui']",,"A01,B01","['4', '2', '1', '3', '2', '1']","['Passager', 'Passager', 'Conducteur', 'Passager', 'Passager', 'Conducteur']",,['Autre'],"['Avant', 'Avant']","['Déporté A gauche', 'Sans changement de direction']","PK ou PR ou numéro d’adresse postale croissant,PK ou PR ou numéro d’adresse postale croissant","['Véhicule', 'Véhicule']",,"['VL seul', 'VL seul']",,Métropole,,2018,Mont-de-Marsan,40,Landes,244000808,CA Mont-de-Marsan Agglomération,75,Nouvelle-Aquitaine,Mont-de-Marsan,40192
201800026156,2018-11-13T07:46:00+00:00,Saint-etienne,2018,11,13,08:46,Plein jour,En agglomération,1,Normale,Autre collision,42,218,42218,VISITATION (DE LA),4544904,0437972,42000,,"{'lon': 4.379698, 'lat': 45.448977}",,normale,,Bidirectionnelle,,00,,,,,2.0,Voie Communale,,Partie rectiligne,Plat,,Sur accotement,"['1944', '1993']","['Féminin', 'Masculin']",['Autre'],"['Blessé', 'Indemne']","['Dispositif enfants', 'Ceinture']","['Non déterminable', 'Oui']",['Sur chaussée - A + 50 m du passage piéton'],A01,['1'],"['Piéton', 'Conducteur']",['Accompagné'],"['Promenade – loisirs', 'Domicile – travail']",['Avant droit'],['Sans changement de direction'],PK ou PR ou numéro d’adresse postale croissant,['Piéton'],,['VL seul'],,Métropole,,2018,Saint-Étienne,42,Loire,244200770,Saint-Etienne Métropole,84,Auvergne-Rhône-Alpes,Saint-Étienne,42218
201800028407,2018-05-10T12:35:00+00:00,Vandoeuvre-les-nancy,2018,05,10,14:35,Plein jour,En agglomération,1,Normale,Deux véhicules – par l’arrière,54,547,54547,EUROPE (BOULEVARD DE L'),4866187,0617421,54500,,"{'lon': 6.172624, 'lat': 48.662846}",0,normale,,Bidirectionnelle,,00,,,,,3.0,Voie Communale,0.0,Partie rectiligne,Plat,,Sur accotement,"['1984', '1987', '2008', '1970']","['Masculin', 'Féminin', 'Masculin', 'Masculin']",,"['Indemne', 'Blessé', 'Blessé', 'Indemne']","['Ceinture', 'Ceinture', 'Ceinture', 'Ceinture']","['Oui', 'Oui', 'Oui', 'Oui']",,"B01,A01","['1', '2', '4', '1']","['Conducteur', 'Passager', 'Passager', 'Conducteur']",,,"['Arrière', 'Avant droit']","['Arrêté (hors stationnement)', 'Sans changement de direction']","PK ou PR ou numéro d’adresse postale croissant,PK ou PR ou numéro d’adresse postale croissant","['Véhicule', 'Véhicule']",,"['VL seul', 'VL seul']",,Métropole,,2018,Vandoeuvre-lès-Nancy,54,Meurthe-et-Moselle,245400676,Métropole du Grand Nancy,44,Grand Est,Vandoeuvre-lès-Nancy,54547
201800028495,2018-07-27T18:00:00+00:00,Nancy,2018,07,27,20:00,Plein jour,En agglomération,4,Normale,Deux véhicules – par le coté,54,395,54395,MOROT (PLACE AIME),4869976,0616568,54100,,"{'lon': 6.158325, 'lat': 48.702275}",0,normale,,Bidirectionnelle,,00,,,,,2.0,Voie Communale,0.0,Partie rectiligne,Pente,,Sur accotement,"['1973', '1994']","['Masculin', 'Féminin']",,"['Blessé', 'Indemne']","['Casque', 'Ceinture']","['Oui', 'Oui']",,"A01,B01","['1', '1']","['Conducteur', 'Conducteur']",,,"['Avant', 'Côté gauche']","['Sans changement de direction', 'Sans changement de direction']","PK ou PR ou numéro d’adresse postale croissant,PK ou PR ou numéro d’adresse postale croissant","['Animal sauvage', 'Véhicule']",,"['VL seul', 'Motocyclette > 125 cm3']",,Métropole,,2018,Nancy,54,Meurthe-et-Moselle,245400676,Métropole du Grand Nancy,44,Grand Est,Nancy,54395