num_acc,datetime,nom_com,an,mois,jour,hrmn,lum,agg,int,atm,col,dep,com,insee,adr,lat,long,code_postal,num,coordonnees,pr,surf,v1,circ,vosp,env1,voie,larrout,v2,lartpc,nbv,catr,pr1,plan,prof,infra,situ,an_nais,sexe,actp,grav,secu,secu_utl,locp,num_veh,place,catu,etatp,trajet,choc,manv,senc,obsm,obs,catv,occutc,gps,date,year_georef,com_name,dep_code,dep_name,epci_code,epci_name,reg_code,reg_name,com_arm_name,com_code
201800029333,2018-04-25T16:45:00+00:00,Denain,2018,04,25,18:45,Plein jour,En agglomération,1,Normale,Deux véhicules – par le coté,59,172,59172,1548 Rue Arthur Brunet,5031851,0336695,59220,1548,"{'lon': 3.366963, 'lat': 50.318512}",21,normale,,Bidirectionnelle,,00,49,,,,2.0,Route Départementale,670.0,Partie rectiligne,Plat,,Sur accotement,"['1963', '1981', '1975']","['Masculin', 'Masculin', 'Masculin']",,"['Tué', 'Indemne', 'Blessé']","['Casque', 'Ceinture', 'Casque']","['Oui', 'Oui', 'Oui']",,"A01,B01","['1', '1', '2']","['Conducteur', 'Conducteur', 'Passager']",,"['Promenade – loisirs', 'Promenade – loisirs', 'Promenade – loisirs']","['Côté droit', 'Côté gauche']",['Dépassant A gauche'],,"['Véhicule', 'Véhicule']",,"['VU seul 1', 'Cyclomoteur <50cm3']",,Métropole,,2018,Denain,59,Nord,200042190,CA de la Porte du Hainaut,32,Hauts-de-France,Denain,59172
201800029483,2018-04-18T08:50:00+00:00,Villeneuve-d'ascq,2018,04,18,10:50,Plein jour,En agglomération,9,Normale,Deux véhicules – par le coté,59,009,59009,DE VALMY BOULEVARD,5061559,0312819,59493,,"{'lon': 3.160626, 'lat': 50.624354}",0,normale,,,,00,,,,,1.0,Parc de stationnement ouvert à la circulation publique,0.0,Partie rectiligne,Plat,,Sur accotement,"['1985', '1990']","['Féminin', 'Féminin']",,"['Indemne', 'Blessé']","['Ceinture', 'Ceinture']","['Oui', 'Oui']",,"B01,A01","['1', '1']","['Conducteur', 'Conducteur']",,,"['Côté gauche', 'Avant droit']","['Tournant A droite', 'Dépassant A gauche']",,"['Véhicule', 'Véhicule']",,"['VL seul', 'VL seul']",,Métropole,,2018,Villeneuve-d'Ascq,59,Nord,245900410,Métropole Européenne de Lille,32,Hauts-de-France,Villeneuve-d'Ascq,59009
201800029677,2018-04-06T16:20:00+00:00,Hem,2018,04,06,18:20,Plein jour,En agglomération,3,Normale,Deux véhicules – par le coté,59,299,59299,DE GAULLE (AVENUE CHARLE,5066692,0318419,59510,,"{'lon': 3.184717, 'lat': 50.667592}",0,normale,,A sens unique,,00,,,,,1.0,Voie Communale,0.0,Partie rectiligne,Plat,,Sur chaussée,"['1971', '1968']","['Masculin', 'Masculin']",,"['Blessé', 'Indemne']","['Casque', 'Ceinture']","['Oui', 'Oui']",,"A01,B01","['1', '1']","['Conducteur', 'Conducteur']",,,"['Avant droit', 'Avant']","['Tournant A gauche', 'Sans changement de direction']","PK ou PR ou numéro d’adresse postale croissant,PK ou PR ou numéro d’adresse postale décroissant","['Véhicule', 'Véhicule']",,"['VL seul', 'Bicyclette']",,Métropole,,2018,Hem,59,Nord,245900410,Métropole Européenne de Lille,32,Hauts-de-France,Hem,59299
201800029705,2018-07-05T19:50:00+00:00,Roubaix,2018,07,05,21:50,Plein jour,En agglomération,2,Normale,Deux véhicules – par le coté,59,512,59512,COLLEGE (RUE DU),5069722,0317785,59100,,"{'lon': 3.178105, 'lat': 50.696607}",0,normale,,A sens unique,,00,,,,,1.0,Voie Communale,0.0,Partie rectiligne,Pente,,Sur bande d’arrêt d’urgence,"['2008', '1993']","['Féminin', 'Masculin']",,"['Blessé', 'Indemne']","['Dispositif enfants', 'Ceinture']","['Non déterminable', 'Oui']",,"B01,A01","['1', '1']","['Conducteur', 'Conducteur']",,"['Promenade – loisirs', 'Promenade – loisirs']","['Avant', 'Côté droit']","['Traversant la chaussée', 'Manœuvre d’évitement']","PK ou PR ou numéro d’adresse postale décroissant,PK ou PR ou numéro d’adresse postale décroissant","['Véhicule', 'Véhicule']",,"['Autre véhicule', 'Engin spécial']",,Métropole,,2018,Roubaix,59,Nord,245900410,Métropole Européenne de Lille,32,Hauts-de-France,Roubaix,59512
201800029728,2018-10-22T14:00:00+00:00,Hem,2018,10,22,16:00,Plein jour,En agglomération,2,Normale,Deux véhicules – par le coté,59,299,59299,GUESDE (RUE JULES),5066315,0320138,59510,,"{'lon': 3.195654, 'lat': 50.659705}",0,normale,,Bidirectionnelle,,00,,,,,2.0,Voie Communale,0.0,Partie rectiligne,Plat,,Sur accotement,"['1979', '2001', '1998']","['Masculin', 'Masculin', 'Masculin']",,"['Indemne', 'Blessé', 'Blessé']","['Autre', 'Casque', 'Casque']","['Oui', 'Oui', 'Oui']",,"B01,A01","['1', '1', '2']","['Conducteur', 'Conducteur', 'Passager']",,['Domicile – travail'],"['Avant', 'Côté droit']",['Traversant la chaussée'],PK ou PR ou numéro d’adresse postale décroissant,"['Véhicule', 'Véhicule']",,"['VL seul', 'Cyclomoteur <50cm3']",,Métropole,,2018,Hem,59,Nord,245900410,Métropole Européenne de Lille,32,Hauts-de-France,Hem,59299
201800029834,2018-07-09T00:20:00+00:00,Valenciennes,2018,07,09,02:20,Nuit avec éclairage public allumé,En agglomération,1,Normale,Autre collision,59,606,59606,GLACIS (RUE DES),5036047,0353708,59300,,"{'lon': 3.537047, 'lat': 50.360623}",0,normale,,Bidirectionnelle,,00,,,,,2.0,Voie Communale,0.0,Partie rectiligne,Plat,,Sur bande d’arrêt d’urgence,"['1966', '1987', '1976', '1983', '1969']","['Masculin', 'Masculin', 'Masculin', 'Féminin', 'Masculin']","['Autre', 'Se déplaçant', 'Se déplaçant']","['Blessé', 'Indemne', 'Blessé', 'Indemne', 'Blessé']","['Dispositif enfants', 'Ceinture', 'Ceinture', 'Ceinture', 'Ceinture']","['Non déterminable', 'Oui', 'Oui', 'Oui', 'Oui']",['Sur trottoir'],"C01,A01","['1', '1', '2', '2']","['Piéton', 'Conducteur', 'Conducteur', 'Passager', 'Passager']",['En groupe'],"['Promenade – loisirs', 'Promenade – loisirs', 'Utilisation professionnelle', 'Promenade – loisirs', 'Utilisation professionnelle']","['Avant', 'Avant droit']","['En stationnement (avec occupants)', 'Même sens']","PK ou PR ou numéro d’adresse postale croissant,PK ou PR ou numéro d’adresse postale décroissant","['Véhicule', 'Piéton']",['Véhicule en stationnement'],"['VL seul', 'VL seul']",,Métropole,,2018,Valenciennes,59,Nord,245901160,CA Valenciennes Métropole,32,Hauts-de-France,Valenciennes,59606
201800030890,2018-09-18T16:30:00+00:00,Pau,2018,09,18,18:30,Plein jour,En agglomération,2,Normale,Deux véhicules – par le coté,64,445,64445,AVENUE DU LOUP,4331750,-035220,64000,,"{'lon': -0.355126, 'lat': 43.31197}",0,normale,,Bidirectionnelle,,00,0,0.0,,0.0,2.0,Voie Communale,0.0,Partie rectiligne,Plat,,Sur accotement,"['1939', '1948']","['Masculin', 'Masculin']","['Se déplaçant', 'Se déplaçant']","['Indemne', 'Blessé']","['Ceinture', 'Casque']","['Non déterminable', 'Oui']",,"B01,A01","['1', '1']","['Conducteur', 'Conducteur']",,,"['Côté gauche', 'Avant droit']","['Sans changement de direction', 'Sans changement de direction']",,"['Véhicule', 'Véhicule']",,"['Motocyclette > 125 cm3', 'VL seul']",,Métropole,,2018,Pau,64,Pyrénées-Atlantiques,200067254,CA Pau Béarn Pyrénées,75,Nouvelle-Aquitaine,Pau,64445
201800030930,2018-11-06T11:10:00+00:00,Pau,2018,11,06,12:10,Plein jour,En agglomération,5,Pluie légère,Deux véhicules – par le coté,64,445,64445,ETIGNY D',4329690,-038728,64000,,"{'lon': -0.380074, 'lat': 43.295972}",0,mouillée,,Bidirectionnelle,,00,0,0.0,,0.0,2.0,Voie Communale,0.0,Partie rectiligne,Plat,,Sur accotement,"['1996', '1974']","['Masculin', 'Féminin']","['Se déplaçant', 'Se déplaçant']","['Blessé', 'Indemne']","['Casque', 'Ceinture']","['Oui', 'Oui']",,"A01,B01","['1', '1']","['Conducteur', 'Conducteur']",,['Utilisation professionnelle'],"['Avant', 'Avant gauche']","['Tournant A gauche', 'Sans changement de direction']",,"['Véhicule', 'Véhicule']",,"['VL seul', 'Cyclomoteur <50cm3']",,Métropole,,2018,Pau,64,Pyrénées-Atlantiques,200067254,CA Pau Béarn Pyrénées,75,Nouvelle-Aquitaine,Pau,64445
201800021272,2018-02-02T19:50:00+00:00,Valence,2018,02,02,20:50,Nuit avec éclairage public allumé,En agglomération,2,Normale,Deux véhicules – par le coté,26,362,26362,RUE DE FAVENTINES,4492645,0490155,26000,,"{'lon': 4.904691, 'lat': 44.922606}",,normale,,A sens unique,,00,,0.0,,0.0,1.0,Voie Communale,,Partie rectiligne,Plat,,Sur chaussée,"['1998', '1986']","['Masculin', 'Féminin']","['Se déplaçant', 'Se déplaçant']","['Blessé', 'Indemne']","['Casque', 'Ceinture']","['Oui', 'Oui']",,"A01,B01","['1', '1']","['Conducteur', 'Conducteur']",,['Utilisation professionnelle'],"['Avant gauche', 'Avant']","['Sans changement de direction', 'Tournant A gauche']",,"['Véhicule', 'Véhicule']",,"['VL seul', 'Cyclomoteur <50cm3']",,Métropole,,2018,Valence,26,Drôme,200068781,CA Valence Romans Agglo,84,Auvergne-Rhône-Alpes,Valence,26362
201800023786,2018-02-26T06:40:00+00:00,Valencay,2018,02,26,07:40,Crépuscule ou aube,Hors agglomération,1,Normale,Autre collision,36,228,36228,,4717760,0154977,36600,,"{'lon': 1.565152, 'lat': 47.16009}",9,normale,,Bidirectionnelle,,00,956,0.0,,0.0,2.0,Route Départementale,300.0,Partie rectiligne,Sommet de côte,,Sur chaussée,"['1952', '1950']","['Masculin', 'Féminin']","['Se déplaçant', 'Se déplaçant']","['Blessé', 'Indemne']","['Ceinture', 'Ceinture']","['Oui', 'Oui']",,A01,"['1', '2']","['Conducteur', 'Passager']",,"['Autre', 'Autre']",['Avant'],['Sans changement de direction'],PK ou PR ou numéro d’adresse postale décroissant,['Animal sauvage'],,['VL seul'],,Métropole,,2018,Valençay,36,Indre,200040558,CC Écueillé-Valençay,24,Centre-Val de Loire,Valençay,36228
201800025224,2018-02-01T17:30:00+00:00,Tours,2018,02,01,18:30,Nuit avec éclairage public allumé,En agglomération,1,Normale,Autre collision,37,261,37261,RUE GIRAUDEAU,4737900,0067700,37000,,"{'lon': 0.677177, 'lat': 47.382165}",,normale,,Bidirectionnelle,,00,,0.0,,0.0,1.0,Voie Communale,,Partie rectiligne,Plat,,Sur chaussée,"['1997', '1967']","['Masculin', 'Féminin']","['Traversant', 'Se déplaçant']","['Blessé', 'Indemne']",['Ceinture'],['Oui'],['Sur chaussée - A – 50 m du passage piéton'],A01,['1'],"['Piéton', 'Conducteur']",['Seul'],"['Promenade – loisirs', 'Domicile – travail']",['Avant'],['Sans changement de direction'],PK ou PR ou numéro d’adresse postale croissant,['Piéton'],,['VL seul'],,Métropole,,2018,Tours,37,Indre-et-Loire,243700754,Tours Métropole Val de Loire,24,Centre-Val de Loire,Tours,37261
201900056768,2019-06-14T06:45:00+00:00,Paris-15e-arrondissement,2019,06,14,08:45,Plein jour,En agglomération,2,Normale,Deux véhicules – par le coté,75,75115,75115,RUE DU GENERAL GUILLAUMAT,"48,8289320","2,2941560",75015,,"{'lon': 2.293426, 'lat': 48.828347}",0,normale,0,Bidirectionnelle,Voie réservée,,RUE DU GENERAL GUILLAUMAT,,,,4.0,Voie Communale,0.0,Partie rectiligne,Plat,,6,"['1987', '1958']","['Masculin', 'Masculin']","['Se déplaçant', 'Se déplaçant']","['Indemne', 'Blessé']",,,,"B01,A01","['1', '1']","['Conducteur', 'Conducteur']","['-1', '-1']","['Utilisation professionnelle', 'Utilisation professionnelle']","['Avant', 'Avant droit']","['Dans le couloir bus', 'Tournant A droite']","3,3","['Véhicule', 'Véhicule']",,"['Bicyclette', 'VU seul 1']",,,,2019,Paris,75,Paris,200054781,Métropole du Grand Paris,11,Île-de-France,Paris 15e Arrondissement,75115
201500046452,2015-06-11T07:38:00+00:00,Meudon,2015,06,11,09:38,Plein jour,Hors agglomération,1,Normale,Sans collision,92,048,92048,N118,,,92190,118,"{'lon': 2.240221, 'lat': 48.807058}",3,normale,,A sens unique,,99,118,35.0,,15.0,3.0,Route Nationale,700.0,Partie rectiligne,Plat,,,['1990'],['Masculin'],['Se déplaçant'],['Blessé'],['Casque'],['Oui'],,A01,['1'],['Conducteur'],,,['Avant droit'],['Entre 2 files'],,,,['Motocyclette > 125 cm3'],,,,2015,Meudon,92,Hauts-de-Seine,200023356,CA Grand Paris Seine Ouest (Gpso),11,Île-de-France,Meudon,92048
201500043665,2015-02-27T11:20:00+00:00,Vitry-sur-seine,2015,02,27,12:20,Plein jour,En agglomération,2,Normale,Autre collision,94,081,94081,"., LUCIEN FRANCAIS (AV)",,,94400,,"{'lon': 2.387238, 'lat': 48.786218}",,normale,,Bidirectionnelle,,00,0,210.0,,0.0,7.0,Route Départementale,,Partie rectiligne,Plat,,Sur chaussée,"['1964', '1989']","['Féminin', 'Masculin']","['Se déplaçant', 'Se déplaçant']","['Indemne', 'Blessé']","['Ceinture', 'Casque']","['Oui', 'Oui']",,"A01,B01","['1', '1']","['Conducteur', 'Conducteur']",,['Courses – achats'],"['Avant gauche', 'Côté gauche']","['Tournant A gauche', 'Même sens']",,"['Véhicule', 'Véhicule']",,"['VL seul', 'Scooter > 125 cm3']",,,,2015,Vitry-sur-Seine,94,Val-de-Marne,200033413,CA Seine Amont,11,Île-de-France,Vitry-sur-Seine,94081
201500045108,2015-01-19T08:00:00+00:00,Villiers-adam,2015,01,19,09:00,Plein jour,Hors agglomération,1,Normale,Autre collision,95,678,95678,RN 104,,,95840,104,"{'lon': 2.235087, 'lat': 49.064224}",1,mouillée,,A chaussées séparées,,99,104,,,,4.0,Route Nationale,0.0,Partie rectiligne,Plat,,Sur chaussée,"['1986', '1979']","['Masculin', 'Masculin']","['Se déplaçant', 'Se déplaçant']","['Blessé', 'Blessé']","['Ceinture', 'Ceinture']","['Oui', 'Oui']",,A01,"['2', '1']","['Passager', 'Conducteur']",,"['Utilisation professionnelle', 'Utilisation professionnelle']",['Avant'],['Dépassant A gauche'],,,['Glissière béton'],['VL seul'],,,2015-08-01,2015,Villiers-Adam,95,Val-d'Oise,249500455,CC de la Vallée de l'Oise et des Trois Forêts,11,Île-de-France,Villiers-Adam,95678
201500048147,2015-10-30T14:45:00+00:00,Lyon-4e-arrondissement,2015,10,30,15:45,Plein jour,En agglomération,1,Normale,Deux véhicules - frontale,69,384,69384,CROIX ROUSSE (TUNNEL DE,,,69004,,"{'lon': 4.831608, 'lat': 45.774848}",900,normale,,A sens unique,,99,0,54.0,,0.0,2.0,Voie Communale,0.0,Partie rectiligne,Plat,Souterrain - tunnel,Sur chaussée,"['1988', '1964', '1961']","['Féminin', 'Féminin', 'Masculin']","['Se déplaçant', 'Autre', 'Se déplaçant']","['Indemne', 'Blessé', 'Indemne']","['Ceinture', 'Autre']","['Oui', 'Oui']",['Sur chaussée - A + 50 m du passage piéton'],"B01,A01","['1', '1']","['Conducteur', 'Piéton', 'Conducteur']",['Accompagné'],"['Autre', 'Utilisation professionnelle']",['Avant'],['Sans changement de direction'],,['Piéton'],,"['VL seul', 'VU seul 1']",,Métropole,,2015,Lyon,69,Rhône,200046977,Métropole de LYON,82,Rhône-Alpes,Lyon 4e Arrondissement,69384
201500048924,2015-11-24T18:10:00+00:00,Venissieux,2015,11,24,19:10,Nuit avec éclairage public allumé,En agglomération,1,Normale,Autre collision,69,259,69259,JULES GRANDCLEMENT,,,69200,,"{'lon': 4.888143, 'lat': 45.71919}",1,normale,,A sens unique,Voie réservée,00,0,0.0,,0.0,3.0,Voie Communale,0.0,En courbe à droite,Plat,,,"['1986', '1968']","['Masculin', 'Masculin']","['Se déplaçant Sens véhicule heurtant', 'Se déplaçant']","['Blessé', 'Indemne']",['Ceinture'],['Oui'],['Sur accotement'],A01,['1'],"['Piéton', 'Conducteur']",,"['Domicile – travail', 'Utilisation professionnelle']",['Côté droit'],['Sans changement de direction'],,['Piéton'],,['Autobus'],['45'],,,2015,Vénissieux,69,Rhône,200046977,Métropole de LYON,82,Rhône-Alpes,Vénissieux,69259
201500049144,2015-09-11T10:00:00+00:00,Cenon,2015,09,11,12:00,Plein jour,Hors agglomération,1,Normale,Autre collision,33,119,33119,ROUTE NATIONALE 230,4485174,-050473,33150,230,,40,normale,,A chaussées séparées,,99,230,280.0,,10.0,8.0,Route Nationale,560.0,Partie rectiligne,Plat,Bretelle d’échangeur ou de raccordement,Sur chaussée,"['1988', '1935', '1988', '1996', '1963', '1937', '1960']","['Masculin', 'Féminin', 'Masculin', 'Masculin', 'Masculin', 'Masculin', 'Masculin']","['Se déplaçant', 'Se déplaçant', 'Se déplaçant', 'Se déplaçant', 'Se déplaçant', 'Se déplaçant', 'Se déplaçant']","['Indemne', 'Blessé', 'Indemne', 'Indemne', 'Blessé', 'Blessé', 'Indemne']","['Ceinture', 'Ceinture', 'Ceinture', 'Ceinture', 'Ceinture', 'Ceinture', 'Ceinture']","['Oui', 'Oui', 'Oui', 'Oui', 'Oui', 'Oui', 'Oui']",,"A01,B01,D01,C01","['1', '2', '2', '1', '1', '1', '2']","['Conducteur', 'Passager', 'Passager', 'Conducteur', 'Conducteur', 'Conducteur', 'Passager']",,"['Utilisation professionnelle', 'Promenade – loisirs', 'Utilisation professionnelle', 'Domicile – travail', 'Domicile – travail', 'Promenade – loisirs', 'Domicile – travail']","['Avant', 'Arrière', 'Arrière', 'Arrière']","['Même sens', 'Même sens', 'Même sens']",,"['Véhicule', 'Véhicule']",,"['Tracteur routier + semi-remorque', 'VL seul', 'VL seul', 'VL seul']",,Métropole,,2015,Cenon,33,Gironde,243300316,Bordeaux Métropole,72,Aquitaine,Cenon,33119
201500002946,2015-07-07T07:45:00+00:00,Ascain,2015,07,07,09:45,Plein jour,Hors agglomération,1,Normale,Autre collision,64,065,64065,OLHETAKO BIDEA,4334223,-163377,64310,,"{'lon': -1.639703, 'lat': 43.342085}",8,normale,,Bidirectionnelle,,99,4,70.0,,0.0,2.0,Route Départementale,200.0,En courbe à gauche,Pente,,Sur chaussée,['1999'],['Féminin'],['Se déplaçant'],['Blessé'],['Casque'],['Oui'],,A01,['1'],['Conducteur'],,['Promenade – loisirs'],['Avant'],['Sans changement de direction'],,['Animal domestique'],,['Scooter < 50 cm3'],,Métropole,,2015,Ascain,64,Pyrénées-Atlantiques,200036614,CA Sud Pays Basque,72,Aquitaine,Ascain,64065
201500003353,2015-05-24T13:45:00+00:00,Ambazac,2015,05,24,15:45,Plein jour,Hors agglomération,1,Normale,Trois véhicules et plus – en chaîne,87,002,87002,BOIS DE LA LIEUE,4594490,0137399,87240,,"{'lon': 1.405645, 'lat': 45.953293}",0,normale,,Bidirectionnelle,,99,920,111.0,,0.0,0.0,Route Départementale,630.0,En courbe à gauche,Plat,,Sur chaussée,"['1983', '1984', '1986', '1982']","['Masculin', 'Féminin', 'Masculin', 'Masculin']","['Se déplaçant', 'Se déplaçant', 'Se déplaçant', 'Se déplaçant']","['Blessé', 'Blessé', 'Blessé', 'Tué']","['Ceinture', 'Ceinture', 'Ceinture', 'Ceinture']","['Oui', 'Oui', 'Oui', 'Oui']",,"A01,B02,C03","['1', '2', '1', '1']","['Conducteur', 'Passager', 'Conducteur', 'Conducteur']",,"['Promenade – loisirs', 'Promenade – loisirs', 'Courses – achats']","['Avant', 'Avant gauche', 'Avant']","['Déporté A gauche', 'Sans changement de direction', 'Sans changement de direction']",,"['Véhicule', 'Véhicule', 'Véhicule']",,"['VL seul', 'VL seul', 'VL seul']",,Métropole,,2015,Ambazac,87,Haute-Vienne,248719320,CC des Monts d'Ambazac et du Val du Taurion,74,Limousin,Ambazac,87002
201500003673,2015-11-08T00:00:00+00:00,Daumazan-sur-arize,2015,11,08,01:00,Nuit sans éclairage public,Hors agglomération,1,Normale,Sans collision,09,105,09105,,4315657,0128588,09350,,"{'lon': 1.307244, 'lat': 43.143357}",5,normale,,Bidirectionnelle,,00,628,50.0,D,0.0,2.0,Route Départementale,400.0,Partie rectiligne,Plat,,,['1972'],['Masculin'],['Se déplaçant'],['Blessé'],['Ceinture'],['Non'],,A01,['1'],['Conducteur'],,['Autre'],['Avant'],['Déporté A gauche'],,,['Fossé'],['VL seul'],,Métropole,,2015,Daumazan-sur-Arize,09,Ariège,240900530,CC de l'Arize,73,Midi-Pyrénées,Daumazan-sur-Arize,09105
201500003774,2015-04-13T04:10:00+00:00,Sonnac,2015,04,13,06:10,Nuit sans éclairage public,Hors agglomération,1,Normale,Deux véhicules – par le coté,12,272,12272,COMBETTE,4454990,0212276,12700,,"{'lon': 2.125572, 'lat': 44.554047}",6,normale,,Bidirectionnelle,,00,994,70.0,,0.0,2.0,Route Départementale,670.0,Partie rectiligne,Plat,,Sur chaussée,"['1974', '1971']","['Masculin', 'Féminin']","['Se déplaçant', 'Se déplaçant']","['Blessé', 'Blessé']","['Ceinture', 'Ceinture']","['Oui', 'Oui']",,"B02,A01","['1', '1']","['Conducteur', 'Conducteur']",,"['Domicile – travail', 'Domicile – travail']","['Avant droit', 'Côté gauche']","['Dépassant A gauche', 'Tournant A gauche']",,"['Véhicule', 'Véhicule']",,"['VL seul', 'VL seul']",,Métropole,,2015,Sonnac,12,Aveyron,200042828,CC Grand-Figeac,73,Midi-Pyrénées,Sonnac,12272
201500004039,2015-03-02T16:45:00+00:00,Coufouleux,2015,03,02,17:45,Plein jour,En agglomération,1,Normale,Deux véhicules – par l’arrière,81,070,81070,avenue Jean B?ringuier,4382400,0172700,81800,,,24,normale,,Bidirectionnelle,,00,12,65.0,,0.0,0.0,Route Départementale,680.0,Partie rectiligne,Plat,Pont - autopont,Sur chaussée,"['1998', '1960']","['Masculin', 'Féminin']","['Se déplaçant', 'Se déplaçant']","['Blessé', 'Indemne']","['Casque', 'Ceinture']","['Oui', 'Oui']",,"A01,B02","['1', '1']","['Conducteur', 'Conducteur']",,"['Domicile – travail', 'Utilisation professionnelle']","['Avant', 'Arrière']","['Même sens', 'Même sens']",,"['Véhicule', 'Véhicule']",,"['Scooter < 50 cm3', 'VU seul 1']",,Métropole,,2015,Coufouleux,81,Tarn,248100471,CC du Rabastinois,73,Midi-Pyrénées,Coufouleux,81070
201500005124,2015-08-16T00:15:00+00:00,Aillon-le-jeune,2015,08,16,02:15,Nuit sans éclairage public,Hors agglomération,1,Pluie forte,Sans collision,73,004,73004,,4561293,0609321,73340,,"{'lon': 6.080444, 'lat': 45.61769}",1,mouillée,,Bidirectionnelle,,00,32,77.0,A,0.0,2.0,Route Départementale,420.0,Partie rectiligne,Plat,,Sur accotement,['1978'],['Masculin'],['Se déplaçant'],['Blessé'],['Casque'],['Oui'],,A01,['1'],['Conducteur'],,['Promenade – loisirs'],['Avant'],['Sans changement de direction'],,,['Arbre'],['Scooter < 50 cm3'],,Métropole,,2015,Aillon-le-Jeune,73,Savoie,247300569,CC du Coeur des Bauges,82,Rhône-Alpes,Aillon-le-Jeune,73004
201500005617,2015-01-15T13:45:00+00:00,Frugeres-les-mines,2015,01,15,14:45,Plein jour,En agglomération,2,Temps éblouissant,Deux véhicules – par le coté,43,099,43099,CD 5 ET CD 146,4538840,0330438,43250,5,"{'lon': 3.306683, 'lat': 45.385688}",2,normale,,Bidirectionnelle,,00,146,47.0,,0.0,2.0,Route Départementale,530.0,Partie rectiligne,Plat,Carrefour aménagé,Sur chaussée,"['1986', '1949']","['Masculin', 'Masculin']","['Se déplaçant', 'Se déplaçant']","['Indemne', 'Blessé']","['Ceinture', 'Casque']","['Oui', 'Oui']",,"A01,B02","['1', '1']","['Conducteur', 'Conducteur']",,"['Utilisation professionnelle', 'Promenade – loisirs']","['Arrière droit', 'Avant']","['Traversant la chaussée', 'Sans changement de direction']",,"['Véhicule', 'Véhicule']",,"['VL seul', 'Motocyclette > 125 cm3']",,Métropole,,2015,Frugerès-les-Mines,43,Haute-Loire,244301099,CC Auzon Communauté,83,Auvergne,Frugerès-les-Mines,43099
201500000281,2015-08-19T21:45:00+00:00,Humbert,2015,08,19,23:45,Nuit sans éclairage public,Hors agglomération,1,Pluie légère,Autre collision,62,466,62466,,5049787,0189200,62650,,"{'lon': 1.906401, 'lat': 50.503789}",50,mouillée,,Bidirectionnelle,,00,129,43.0,,0.0,2.0,Route Départementale,200.0,Partie rectiligne,Plat,,Sur chaussée,['1993'],['Masculin'],['Se déplaçant'],['Tué'],['Ceinture'],['Oui'],,A01,['1'],['Conducteur'],,['Promenade – loisirs'],['Avant'],['Sans changement de direction'],,,['Arbre'],['VL seul'],,Métropole,,2015,Humbert,62,Pas-de-Calais,246200992,CC du Canton d'hucqueliers et Environs,31,Nord-Pas-de-Calais,Humbert,62466
201500022554,2015-05-01T11:50:00+00:00,Toulouse,2015,05,01,13:50,Plein jour,En agglomération,3,Pluie légère,Deux véhicules – par le coté,31,555,31555,"999, AV CRAMPEL",,,31000,999,"{'lon': 1.441019, 'lat': 43.604268}",,mouillée,,Bidirectionnelle,,00,0,0.0,,0.0,0.0,Voie Communale,,Partie rectiligne,Plat,,,"['1977', '1989']","['Féminin', 'Masculin']","['Se déplaçant', 'Se déplaçant']","['Blessé', 'Indemne']","['Ceinture', 'Ceinture']","['Oui', 'Oui']",,"B01,A01","['1', '1']","['Conducteur', 'Conducteur']",,,['Arrière gauche'],['Sans changement de direction'],,"['Véhicule', 'Véhicule']",,"['VL seul', 'VL seul']",,,,2015,Toulouse,31,Haute-Garonne,243100518,Toulouse Métropole,73,Midi-Pyrénées,Toulouse,31555
201500022691,2015-06-29T12:08:00+00:00,Blagnac,2015,06,29,14:08,Plein jour,En agglomération,1,Normale,Autre collision,31,069,31069,PLAN DU PORT (LE),4362487,0139934,31700,,"{'lon': 1.399364, 'lat': 43.62491}",42,,,Bidirectionnelle,,00,1,0.0,,0.0,0.0,Route Départementale,700.0,,,,Sur chaussée,"['1976', '1950']","['Féminin', 'Masculin']","['Traversant', 'Se déplaçant']","['Blessé', 'Indemne']",['Ceinture'],['Oui'],['Sur passage piéton - Sans signalisation lumineuse'],A01,['1'],"['Piéton', 'Conducteur']",['Seul'],,['Avant gauche'],,,['Piéton'],,['VL seul'],,Métropole,,2015,Blagnac,31,Haute-Garonne,243100518,Toulouse Métropole,73,Midi-Pyrénées,Blagnac,31069
201500022936,2015-11-06T12:50:00+00:00,Toulouse,2015,11,06,13:50,Plein jour,En agglomération,1,Normale,Autre collision,31,555,31555,"15, AV DU COLONEL ROCHE",,,31000,15,"{'lon': 1.446622, 'lat': 43.603518}",,normale,,Bidirectionnelle,,00,0,0.0,,0.0,0.0,Voie Communale,,Partie rectiligne,Plat,,Sur chaussée,['1994'],['Masculin'],['Se déplaçant'],['Blessé'],['Autre'],['Non déterminable'],,"Z01,B01",['1'],['Conducteur'],,,,,PK ou PR ou numéro d’adresse postale croissant,"['Véhicule', 'Véhicule']",,"['VL seul', 'Bicyclette']",,,,2015,Toulouse,31,Haute-Garonne,243100518,Toulouse Métropole,73,Midi-Pyrénées,Toulouse,31555
201500020447,2015-09-22T10:25:00+00:00,Saint-brieuc,2015,09,22,12:25,Plein jour,En agglomération,1,Normale,Autre collision,22,278,22278,"54, 71° RI (DU)",4851103,-245361,22000,54,"{'lon': -2.760831, 'lat': 48.513421}",,mouillée,,Bidirectionnelle,Voie réservée,03,0,0.0,,0.0,4.0,Voie Communale,,Partie rectiligne,Plat,,,"['1997', '1994']","['Féminin', 'Masculin']","['Traversant', 'Se déplaçant']","['Blessé', 'Indemne']",['Casque'],['Non'],['Sur passage piéton - Avec signalisation lumineuse'],A01,['1'],"['Piéton', 'Conducteur']",['Seul'],"['Courses – achats', 'Autre']",['Avant'],['Sans changement de direction'],,['Piéton'],,['Bicyclette'],,Métropole,,2015,Saint-Brieuc,22,Côtes-d'Armor,242200517,CA Saint-Brieuc Agglomération Baie d'Armor (Sbaba),53,Bretagne,Saint-Brieuc,22278