num_acc,datetime,nom_com,an,mois,jour,hrmn,lum,agg,int,atm,col,dep,com,insee,adr,lat,long,code_postal,num,coordonnees,pr,surf,v1,circ,vosp,env1,voie,larrout,v2,lartpc,nbv,catr,pr1,plan,prof,infra,situ,an_nais,sexe,actp,grav,secu,secu_utl,locp,num_veh,place,catu,etatp,trajet,choc,manv,senc,obsm,obs,catv,occutc,gps,date,year_georef,com_name,dep_code,dep_name,epci_code,epci_name,reg_code,reg_name,com_arm_name,com_code
201500025283,2015-11-12T17:00:00+00:00,Deols,2015,11,12,18:00,Nuit avec éclairage public allumé,Hors agglomération,2,Normale,Deux véhicules – par le coté,36,063,36063,AV CLEMENCEAU/AV HENNEQU,4685340,0171266,36130,,"{'lon': 1.713556, 'lat': 46.855292}",,normale,,Bidirectionnelle,,99,,0.0,,0.0,1.0,Voie Communale,,Partie rectiligne,Plat,,Sur chaussée,"['1997', '1964']","['Masculin', 'Féminin']","['Se déplaçant', 'Se déplaçant']","['Indemne', 'Blessé']","['Ceinture', 'Ceinture']","['Oui', 'Oui']",,"A01,B01","['1', '1']","['Conducteur', 'Conducteur']",,"['Promenade – loisirs', 'Promenade – loisirs']","['Avant droit', 'Avant']",['Sans changement de direction'],,"['Véhicule', 'Véhicule']",,"['VL seul', 'VL seul']",,Métropole,,2015,Déols,36,Indre,243600327,CA Castelroussine,24,Centre,Déols,36063
201500009414,2015-03-06T15:30:00+00:00,Pithiviers,2015,03,06,16:30,Plein jour,En agglomération,1,Normale,Trois véhicules et plus - collisions multiples,45,252,45252,AV 11 NOVEMBRE,4818394,0225070,45300,11,"{'lon': 2.25016, 'lat': 48.18481}",17,normale,,Bidirectionnelle,,99,921,60.0,,0.0,2.0,Route Départementale,275.0,Partie rectiligne,Plat,,Sur chaussée,"['1978', '1959', '1927', '1928']","['Féminin', 'Féminin', 'Masculin', 'Féminin']","['Se déplaçant', 'Se déplaçant', 'Se déplaçant', 'Se déplaçant']","['Indemne', 'Indemne', 'Tué', 'Blessé']","['Ceinture', 'Ceinture', 'Ceinture', 'Ceinture']","['Oui', 'Oui', 'Oui', 'Oui']",,"B02,A01,C03","['1', '1', '1', '2']","['Conducteur', 'Conducteur', 'Conducteur', 'Passager']",,"['Autre', 'Courses – achats', 'Courses – achats']","['Côté gauche', 'Avant', 'Avant']","['Sans changement de direction', 'Déporté A gauche', 'Sans changement de direction']",,"['Véhicule', 'Véhicule', 'Véhicule']",,"['VL seul', 'VL seul', 'VL seul']",,Métropole,,2015,Pithiviers,45,Loiret,200023562,CC le Coeur du Pithiverais,24,Centre,Pithiviers,45252
201500010112,2015-04-02T12:45:00+00:00,Le Cannet,2015,04,02,14:45,Plein jour,En agglomération,1,Normale,Deux véhicules – par l’arrière,06,030,06030,"00, CACTUS (RUE DES)",4357452,0699976,06110,00,"{'lon': 6.999756, 'lat': 43.574556}",,normale,,Bidirectionnelle,,99,0,60.0,,0.0,2.0,Voie Communale,,Partie rectiligne,Plat,,Sur chaussée,"['1981', '1982']","['Féminin', 'Féminin']","['Se déplaçant', 'Se déplaçant']","['Indemne', 'Blessé']","['Ceinture', 'Casque']","['Oui', 'Oui']",,"A01,B01","['1', '1']","['Conducteur', 'Conducteur']",,,"['Arrière', 'Avant']","['Sans changement de direction', 'Dépassant A gauche']",,"['Véhicule', 'Véhicule']",,"['VL seul', 'Cyclomoteur <50cm3']",,Métropole,,2015,Le Cannet,06,Alpes-Maritimes,200039915,CA des Pays de Lérins,93,Provence-Alpes-Côte d'Azur,Le Cannet,06030
201500010774,2015-03-08T06:40:00+00:00,Nice,2015,03,08,07:40,Plein jour,En agglomération,1,Normale,Trois véhicules et plus - collisions multiples,06,088,06088,"40, EUGENIE (BD IMPERATR",,,06200,40,"{'lon': 7.230199, 'lat': 43.693256}",,normale,,Bidirectionnelle,,03,0,0.0,,0.0,2.0,Voie Communale,,En courbe à droite,Pente,,Sur chaussée,"['1983', '1972', '1987']","['Masculin', 'Féminin', 'Masculin']","['Se déplaçant', 'Se déplaçant', 'Se déplaçant']","['Indemne', 'Blessé', 'Indemne']","['Ceinture', 'Ceinture', 'Casque']","['Non', 'Oui', 'Oui']",,"A01,C01,B01","['1', '1', '1']","['Conducteur', 'Conducteur', 'Conducteur']",,"['Domicile – travail', 'Domicile – travail']","['Côté gauche', 'Avant gauche', 'Avant gauche']","['Déporté A gauche', 'Manœuvre d’évitement', 'Manœuvre d’évitement']",,"['Véhicule', 'Autre', 'Véhicule']",,"['VL seul', 'Motocyclette > 50 cm3 et <= 125 cm3', 'Autobus']",['1'],,,2015,Nice,06,Alpes-Maritimes,200030195,Métropole Nice Côte d'Azur,93,Provence-Alpes-Côte d'Azur,Nice,06088
201500011560,2015-10-15T03:30:00+00:00,Brasseuse,2015,10,15,05:30,Nuit sans éclairage public,Hors agglomération,1,Pluie légère,Trois véhicules et plus - collisions multiples,60,100,60100,,4925620,0268396,60810,,"{'lon': 2.681367, 'lat': 49.255939}",50,mouillée,,A chaussées séparées,,00,1,130.0,,34.0,3.0,Autoroute,700.0,Partie rectiligne,Plat,,,"['1987', '1969', '1991', '1955']","['Masculin', 'Masculin', 'Masculin', 'Masculin']","['Se déplaçant', 'Se déplaçant', 'Se déplaçant', 'Se déplaçant']","['Indemne', 'Indemne', 'Indemne', 'Tué']","['Ceinture', 'Ceinture', 'Ceinture', 'Ceinture']","['Oui', 'Oui', 'Oui', 'Non']",,"C03,E05,A01","['2', '1', '1', '1']","['Passager', 'Conducteur', 'Conducteur', 'Conducteur']",,"['Utilisation professionnelle', 'Promenade – loisirs', 'Utilisation professionnelle']",['Avant'],"['Même sens', 'En stationnement (avec occupants)', 'Sans changement de direction']",,,['Véhicule en stationnement'],"['Tracteur routier + semi-remorque', 'VL seul', 'Tracteur routier + semi-remorque']",,Métropole,,2015,Brasseuse,60,Oise,200023695,CC Coeur Sud Oise,22,Picardie,Brasseuse,60100
201500011801,2015-01-28T17:45:00+00:00,Plouzane,2015,01,28,18:45,Crépuscule ou aube,En agglomération,1,Normale,Deux véhicules - frontale,29,212,29212,rue des cloitres,4838155,-461401,29280,,"{'lon': -4.614924, 'lat': 48.378701}",3,normale,,Bidirectionnelle,,00,12,88.0,,0.0,3.0,Route Départementale,100.0,Partie rectiligne,Plat,Carrefour aménagé,Sur chaussée,"['1948', '1998']","['Masculin', 'Masculin']","['Se déplaçant', 'Se déplaçant']","['Blessé', 'Blessé']","['Ceinture', 'Casque']","['Oui', 'Oui']",,"B02,A01","['1', '1']","['Conducteur', 'Conducteur']",,"['Promenade – loisirs', 'Domicile – travail']","['Avant', 'Avant']","['Sans changement de direction', 'Tournant A gauche']",,"['Véhicule', 'Véhicule']",,"['Cyclomoteur <50cm3', 'VL seul']",,Métropole,,2015,Plouzané,29,Finistère,242900314,Brest Métropole,53,Bretagne,Plouzané,29212
201500011826,2015-04-02T03:15:00+00:00,Villeneuve-les-beziers,2015,04,02,05:15,Nuit sans éclairage public,Hors agglomération,1,Normale,Deux véhicules – par le coté,34,336,34336,A 9,4333622,0328854,34420,9,"{'lon': 3.279658, 'lat': 43.314597}",160,normale,,A chaussées séparées,,00,9,120.0,A,20.0,0.0,Autoroute,50.0,Partie rectiligne,Plat,,Sur chaussée,"['1981', '1990', '1990', '1979', '1981']","['Masculin', 'Masculin', 'Masculin', 'Masculin', 'Masculin']","['Se déplaçant', 'Se déplaçant', 'Se déplaçant', 'Se déplaçant', 'Se déplaçant']","['Indemne', 'Indemne', 'Indemne', 'Blessé', 'Blessé']","['Ceinture', 'Ceinture', 'Ceinture', 'Ceinture', 'Ceinture']","['Oui', 'Oui', 'Oui', 'Oui', 'Oui']",,"B02,A01","['3', '1', '2', '2', '1']","['Passager', 'Conducteur', 'Passager', 'Passager', 'Conducteur']",,['Promenade – loisirs'],"['Avant gauche', 'Avant gauche']",['Déporté A gauche'],,['Véhicule'],['Glissière métallique'],"['VL seul', 'VL seul']",,Métropole,,2015,Villeneuve-lès-Béziers,34,Hérault,243400769,CA de Béziers-Méditerranée,91,Languedoc-Roussillon,Villeneuve-lès-Béziers,34336
201500011863,2015-01-25T05:45:00+00:00,Saint-donat-sur-l'herbasse,2015,01,25,06:45,Nuit sans éclairage public,Hors agglomération,3,Normale,Deux véhicules – par le coté,26,301,26301,CHALON OUEST,,,26260,,"{'lon': 5.007754, 'lat': 45.10805}",9,normale,,Bidirectionnelle,,99,53,80.0,,0.0,2.0,Route Départementale,500.0,En courbe à gauche,Plat,,Sur chaussée,"['1992', '1976']","['Féminin', 'Féminin']","['Se déplaçant', 'Se déplaçant']","['Blessé', 'Blessé']","['Ceinture', 'Ceinture']","['Oui', 'Oui']",,"B02,A01","['1', '1']","['Conducteur', 'Conducteur']",,"['Promenade – loisirs', 'Utilisation professionnelle']","['Avant gauche', 'Avant']","['Tournant A gauche', 'Sans changement de direction']",,"['Véhicule', 'Véhicule']",,"['VL seul', 'VL seul']",,Métropole,,2015,Saint-Donat-sur-l'Herbasse,26,Drôme,242600567,CC du Pays de l'herbasse,82,Rhône-Alpes,Saint-Donat-sur-l'Herbasse,26301
201500007005,2015-11-27T17:30:00+00:00,Saints-en-puisaye,2015,11,27,18:30,Nuit sans éclairage public,Hors agglomération,1,Brouillard - fumée,Deux véhicules – par le coté,89,367,89367,,4762322,0324836,89520,,"{'lon': 3.260939, 'lat': 47.62059}",14,normale,,Bidirectionnelle,,00,85,0.0,,0.0,2.0,Route Départementale,500.0,Partie rectiligne,Pente,Carrefour aménagé,Sur chaussée,"['1982', '1978']","['Masculin', 'Masculin']","['Se déplaçant', 'Se déplaçant']","['Blessé', 'Blessé']","['Ceinture', 'Ceinture']","['Non', 'Oui']",,"B02,A01","['1', '1']","['Conducteur', 'Conducteur']",,"['Promenade – loisirs', 'Domicile – travail']","['Avant gauche', 'Avant']","['Traversant la chaussée', 'Sans changement de direction']",,"['Véhicule', 'Véhicule']",,"['VL seul', 'VL seul']",,Métropole,,2015,Saints-en-Puisaye,89,Yonne,200035566,CC Portes de Puisaye Forterre,26,Bourgogne,Saints-en-Puisaye,89367
201500007778,2015-07-05T09:30:00+00:00,Contes,2015,07,05,11:30,Plein jour,Hors agglomération,1,Normale,Trois véhicules et plus - collisions multiples,06,048,06048,,,,06390,,"{'lon': 7.313014, 'lat': 43.811827}",2,normale,,Bidirectionnelle,,00,15,0.0,,0.0,2.0,Route Départementale,300.0,Partie rectiligne,,,Sur chaussée,"['1948', '1959', '1972']","['Féminin', 'Masculin', 'Féminin']","['Se déplaçant', 'Se déplaçant', 'Se déplaçant']","['Indemne', 'Blessé', 'Indemne']","['Ceinture', 'Ceinture', 'Ceinture']","['Oui', 'Oui', 'Oui']",,"C03,A01,B02","['1', '1', '1']","['Conducteur', 'Conducteur', 'Conducteur']",,"['Promenade – loisirs', 'Promenade – loisirs', 'Promenade – loisirs']","['Avant gauche', 'Arrière', 'Avant']","['Sans changement de direction', 'Sans changement de direction', 'Même sens']",,"['Véhicule', 'Véhicule']",,"['VL seul', 'VL seul', 'VL seul']",,Métropole,,2015,Contes,06,Alpes-Maritimes,240600593,CC du Pays des Paillons,93,Provence-Alpes-Côte d'Azur,Contes,06048
201500007794,2015-03-13T18:45:00+00:00,Utelle,2015,03,13,19:45,Nuit sans éclairage public,Hors agglomération,1,Normale,Deux véhicules - frontale,06,151,06151,,4387400,0718800,06450,,"{'lon': 7.263781, 'lat': 43.919209}",89,normale,,Bidirectionnelle,,99,6202,65.0,,0.0,2.0,Route Départementale,500.0,En « S »,Plat,,Sur chaussée,"['1994', '1975']","['Masculin', 'Masculin']","['Se déplaçant', 'Se déplaçant']","['Blessé', 'Blessé']","['Ceinture', 'Ceinture']","['Oui', 'Oui']",,"B02,A01","['1', '1']","['Conducteur', 'Conducteur']",,"['Promenade – loisirs', 'Domicile – travail']","['Avant', 'Avant']","['Sans changement de direction', 'A contresens']",,"['Véhicule', 'Véhicule']",,"['VL seul', 'VL seul']",,Métropole,,2015,Utelle,06,Alpes-Maritimes,200030195,Métropole Nice Côte d'Azur,93,Provence-Alpes-Côte d'Azur,Utelle,06151
201500024213,2015-02-04T06:55:00+00:00,Begles,2015,02,04,07:55,Crépuscule ou aube,En agglomération,1,Temps couvert,Deux véhicules – par le coté,33,039,33039,"59, AVE JEANNE D'ARC",4479950,-054273,33130,59,"{'lon': -0.542889, 'lat': 44.799624}",,normale,,Bidirectionnelle,,00,0,88.0,,0.0,3.0,Voie Communale,,Partie rectiligne,Plat,,Sur chaussée,"['1994', '1965']","['Masculin', 'Féminin']","['Se déplaçant', 'Se déplaçant']","['Indemne', 'Blessé']","['Ceinture', 'Ceinture']","['Non déterminable', 'Oui']",,"B01,A01","['1', '1']","['Conducteur', 'Conducteur']",,['Domicile – travail'],"['Avant', 'Avant gauche']","['Sans changement de direction', 'Tournant A droite']",,['Véhicule'],,"['VL seul', 'VL seul']",,Métropole,,2015,Bègles,33,Gironde,243300316,Bordeaux Métropole,72,Aquitaine,Bègles,33039
201500024442,2015-05-15T13:35:00+00:00,Montpellier,2015,05,15,15:35,Plein jour,En agglomération,1,Normale,Deux véhicules – par le coté,34,172,34172,"6, MICHEL (RUE ERNEST)",4360200,0387405,34080,6,"{'lon': 3.839415, 'lat': 43.625407}",,normale,,Bidirectionnelle,,99,6,0.0,,0.0,2.0,Voie Communale,,Partie rectiligne,Plat,Carrefour aménagé,Sur chaussée,"['1995', '1987']","['Féminin', 'Masculin']","['Se déplaçant', 'Se déplaçant']","['Blessé', 'Indemne']","['Casque', 'Ceinture']","['Oui', 'Oui']",,"B01,A01","['1', '1']","['Conducteur', 'Conducteur']",,,"['Avant gauche', 'Avant']",['Changeant de file A gauche'],,['Véhicule'],,"['VL seul', 'Scooter < 50 cm3']",,Métropole,,2015,Montpellier,34,Hérault,243400017,Montpellier Méditerranée Métropole,91,Languedoc-Roussillon,Montpellier,34172
201700005811,2017-01-10T03:55:00+00:00,Grasse,2017,01,10,04:55,Nuit sans éclairage public,En agglomération,1,Normale,Deux véhicules – par le coté,06,069,06069,"X, P‚n‚trante",,,06520,,,,normale,,A sens unique,,99,6185,60.0,,0.0,2.0,Route Départementale,,Partie rectiligne,Plat,,Sur chaussée,"['1962', '1963', '1986']","['Masculin', 'Féminin', 'Masculin']","['Se déplaçant', 'Se déplaçant', 'Se déplaçant']","['Blessé', 'Blessé', 'Indemne']","['Ceinture', 'Ceinture', 'Ceinture']","['Oui', 'Oui', 'Oui']",,"A01,B01","['2', '1', '1']","['Passager', 'Conducteur', 'Conducteur']",,"['Domicile – travail', 'Domicile – travail', 'Utilisation professionnelle']","['Côté gauche', 'Côté gauche']","['Sans changement de direction', 'Sans changement de direction']","PK ou PR ou numéro d’adresse postale croissant,PK ou PR ou numéro d’adresse postale croissant","['Véhicule', 'Véhicule']",,"['PL seul > 7', 'VL seul']",,,,2017,Grasse,06,Alpes-Maritimes,200039857,CA du Pays de Grasse,93,Provence-Alpes-Côte d'Azur,Grasse,06069
201500012905,2015-01-10T12:15:00+00:00,Fontenay-le-comte,2015,01,10,13:15,Plein jour,Hors agglomération,1,Pluie légère,Autre collision,85,092,85092,,4643650,-083389,85200,,"{'lon': -0.806673, 'lat': 46.466325}",98,mouillée,,A sens unique,,00,83,0.0,,0.0,2.0,Autoroute,800.0,Partie rectiligne,Plat,,Sur bande d’arrêt d’urgence,['1980'],['Masculin'],['Se déplaçant'],['Blessé'],['Ceinture'],['Oui'],,A01,['1'],['Conducteur'],,,['Avant gauche'],['Dépassant A gauche'],,,['Glissière métallique'],['VL seul'],,Métropole,2015-05-01,2015,Fontenay-le-Comte,85,Vendée,248500092,CC du Pays de Fontenay-Le-Comte,52,Pays de la Loire,Fontenay-le-Comte,85092
201500013845,2015-01-22T07:15:00+00:00,,2015,01,22,08:15,Plein jour,En agglomération,1,Normale,Autre collision,13,055,13055,"33, AVE ELLEON",4328385,0544278,,33,"{'lon': 5.443675, 'lat': 43.28241}",,normale,,Bidirectionnelle,,00,0,0.0,,0.0,0.0,Voie Communale,,Partie rectiligne,Pente,,Sur chaussée,"['1979', '1994']","['Féminin', 'Féminin']","['Se déplaçant', 'Se déplaçant']","['Indemne', 'Blessé']","['Ceinture', 'Ceinture']","['Oui', 'Oui']",,"B01,A01","['1', '1']","['Conducteur', 'Conducteur']",,"['Domicile – école', 'Domicile – école']","['Avant', 'Avant gauche']","['Sans changement de direction', 'En s’insérant']",,['Véhicule'],,"['VL seul', 'VL seul']",,Métropole,,2015,Marseille,13,Bouches-du-Rhône,241300391,CU de Marseille Provence Métropole (Mpm),93,Provence-Alpes-Côte d'Azur,,13055
201500013857,2015-04-10T21:30:00+00:00,,2015,04,10,23:30,Nuit avec éclairage public allumé,En agglomération,1,Normale,Deux véhicules – par l’arrière,13,055,13055,"95, POMPIDOU (PROMENADE)",4326277,0537431,,95,"{'lon': 5.374423, 'lat': 43.262794}",,normale,,A sens unique,,99,0,30.0,,0.0,2.0,Voie Communale,,Partie rectiligne,Plat,,Sur chaussée,"['1972', '1991']","['Masculin', 'Masculin']","['Se déplaçant', 'Se déplaçant']","['Blessé', 'Blessé']","['Ceinture', 'Ceinture']","['Oui', 'Oui']",,"B01,A01","['1', '1']","['Conducteur', 'Conducteur']",,"['Promenade – loisirs', 'Promenade – loisirs']","['Arrière', 'Avant']","['Arrêté (hors stationnement)', 'Même sens']",,['Véhicule'],['Véhicule en stationnement'],"['VL seul', 'VL seul']",,Métropole,,2015,Marseille,13,Bouches-du-Rhône,241300391,CU de Marseille Provence Métropole (Mpm),93,Provence-Alpes-Côte d'Azur,,13055
201500013890,2015-04-19T16:05:00+00:00,,2015,04,19,18:05,Plein jour,En agglomération,1,Temps couvert,Autre collision,13,055,13055,"215, CHAVE (BOULEVARD)",4329587,0540051,,215,"{'lon': 5.394886, 'lat': 43.295367}",,mouillée,,Bidirectionnelle,Voie réservée,00,0,118.0,,0.0,4.0,Voie Communale,,Partie rectiligne,Plat,Voie ferrée,Sur chaussée,"['1998', '1970']","['Masculin', 'Masculin']","['Se déplaçant Sens véhicule heurtant', 'Se déplaçant']","['Blessé', 'Indemne']",['Autre'],['Non déterminable'],['Sur chaussée - A + 50 m du passage piéton'],A01,['1'],"['Piéton', 'Conducteur']",['Seul'],"['Promenade – loisirs', 'Utilisation professionnelle']",['Avant'],['Sans changement de direction'],,['Piéton'],,['Tramway'],,Métropole,,2015,Marseille,13,Bouches-du-Rhône,241300391,CU de Marseille Provence Métropole (Mpm),93,Provence-Alpes-Côte d'Azur,,13055
201500017899,2015-05-21T15:00:00+00:00,Hemonstoir,2015,05,21,17:00,Plein jour,Hors agglomération,2,Normale,Deux véhicules – par l’arrière,22,075,22075,,4816231,-287993,22600,,"{'lon': -2.831244, 'lat': 48.158138}",0,normale,,Bidirectionnelle,,99,7,62.0,,0.0,2.0,Route Départementale,1050.0,Partie rectiligne,Plat,Carrefour aménagé,Sur chaussée,"['1994', '1992', '1967']","['Féminin', 'Masculin', 'Masculin']","['Se déplaçant', 'Se déplaçant', 'Se déplaçant']","['Blessé', 'Blessé', 'Blessé']","['Casque', 'Casque', 'Ceinture']","['Oui', 'Oui', 'Oui']",,"B02,A01","['2', '1', '1']","['Passager', 'Conducteur', 'Conducteur']",,"['Promenade – loisirs', 'Domicile – travail']","['Avant', 'Arrière gauche']","['Dépassant A gauche', 'Tournant A gauche']",,['Véhicule'],,"['Motocyclette > 125 cm3', 'VL seul']",,Métropole,,2015,Hémonstoir,22,Côtes-d'Armor,200042471,CC Cideral,53,Bretagne,Hémonstoir,22075
201500019140,2015-02-10T15:15:00+00:00,Prades-le-lez,2015,02,10,16:15,Plein jour,En agglomération,1,Normale,Sans collision,34,217,34217,route de vendargues,4369102,0387989,34730,,"{'lon': 3.876012, 'lat': 43.692054}",6,normale,,Bidirectionnelle,,00,145,60.0,,0.0,2.0,Route Départementale,700.0,Partie rectiligne,Pente,,Sur chaussée,['1958'],['Masculin'],['Se déplaçant'],['Blessé'],['Casque'],['Non'],,A01,['1'],['Conducteur'],,['Promenade – loisirs'],['Côté droit'],['Sans changement de direction'],,,['Bordure de trottoir'],['Bicyclette'],,Métropole,,2015,Prades-le-Lez,34,Hérault,243400017,Montpellier Méditerranée Métropole,91,Languedoc-Roussillon,Prades-le-Lez,34217
201500020119,2015-02-20T20:05:00+00:00,Brive-la-gaillarde,2015,02,20,21:05,Plein jour,En agglomération,1,Normale,Autre collision,19,031,19031,VEZERE (ROND POINT DE LA,4514660,0148251,19100,,"{'lon': 1.521118, 'lat': 45.155499}",,normale,,Bidirectionnelle,,99,1089,0.0,,0.0,2.0,Route Départementale,,Partie rectiligne,Plat,,Sur chaussée,"['1997', '1935']","['Féminin', 'Féminin']","['Traversant', 'Se déplaçant']","['Blessé', 'Indemne']","['Autre', 'Ceinture']","['Non déterminable', 'Oui']",['Sur passage piéton - Avec signalisation lumineuse'],A01,['1'],"['Piéton', 'Conducteur']",['Seul'],"['Autre', 'Courses – achats']",,['Sans changement de direction'],,['Piéton'],,['VL seul'],,Métropole,,2015,Brive-la-Gaillarde,19,Corrèze,200043172,CA du Bassin de Brive,74,Limousin,Brive-la-Gaillarde,19031
201500030209,2015-10-22T08:30:00+00:00,Leers,2015,10,22,10:30,Plein jour,En agglomération,1,Pluie légère,Autre collision,59,339,59339,"0, LECLERC (RUE DU MAREC",,,59115,0,"{'lon': 3.230043, 'lat': 50.683367}",,mouillée,,Bidirectionnelle,,99,0,0.0,,0.0,2.0,Voie Communale,,Partie rectiligne,Plat,Carrefour aménagé,Sur chaussée,"['1985', '1940']","['Masculin', 'Masculin']","['Traversant', 'Se déplaçant']","['Blessé', 'Indemne']",['Ceinture'],['Oui'],['Sur passage piéton - Avec signalisation lumineuse'],A01,['1'],"['Piéton', 'Conducteur']",['Seul'],"['Promenade – loisirs', 'Promenade – loisirs']",['Avant droit'],['Tournant A gauche'],,['Piéton'],,['VL seul'],,,2015-09-01,2015,Leers,59,Nord,245900410,Métropole Européenne de Lille,31,Nord-Pas-de-Calais,Leers,59339
201500031529,2015-10-01T12:18:00+00:00,Pau,2015,10,01,14:18,Plein jour,En agglomération,1,Normale,Deux véhicules - frontale,64,445,64445,RUE BENGHOZI,4331918,-036752,64000,,"{'lon': -0.364687, 'lat': 43.319107}",,normale,,Avec voies d’affectation variable,,00,0,93.0,,0.0,3.0,Voie Communale,,Partie rectiligne,Plat,,Sur chaussée,"['1957', '1966']","['Masculin', 'Féminin']","['Se déplaçant', 'Se déplaçant']","['Indemne', 'Blessé']","['Ceinture', 'Ceinture']","['Oui', 'Oui']",,"B01,A01","['1', '1']","['Conducteur', 'Conducteur']",,['Autre'],['Arrière'],"['Même sens', 'Même sens']",,"['Véhicule', 'Véhicule']",,"['VL seul', 'VL seul']",,Métropole,,2015,Pau,64,Pyrénées-Atlantiques,246401723,CA Pau-Pyrénées,72,Aquitaine,Pau,64445
201500031571,2015-11-07T08:58:00+00:00,Jurancon,2015,11,07,09:58,Plein jour,En agglomération,1,Normale,Autre collision,64,284,64284,AVENUE DES VALLEES,4329162,-038563,64110,,"{'lon': -0.385803, 'lat': 43.291708}",,normale,,Bidirectionnelle,,00,0,67.0,,12.0,2.0,Voie Communale,,Partie rectiligne,Plat,,Sur chaussée,"['1955', '1923']","['Féminin', 'Masculin']","['Se déplaçant', 'Traversant']","['Indemne', 'Blessé']",['Ceinture'],['Oui'],['Sur passage piéton - Sans signalisation lumineuse'],A01,['1'],"['Conducteur', 'Piéton']",['Seul'],['Autre'],['Avant'],['Sans changement de direction'],,['Piéton'],,['VL seul'],,Métropole,,2015,Jurançon,64,Pyrénées-Atlantiques,246401723,CA Pau-Pyrénées,72,Aquitaine,Jurançon,64284
201500032799,2015-05-27T18:25:00+00:00,Villeurbanne,2015,05,27,20:25,Crépuscule ou aube,En agglomération,7,Normale,Autre collision,69,266,69266,"1, VALMY   (Place de)",,,69100,1,"{'lon': 4.870054, 'lat': 45.771666}",,normale,,Bidirectionnelle,,99,0,60.0,,0.0,2.0,Voie Communale,,Partie rectiligne,Plat,,Sur chaussée,"['1942', '1993']","['Masculin', 'Masculin']","['Traversant', 'Se déplaçant']","['Blessé', 'Indemne']",['Ceinture'],['Oui'],['Sur chaussée - A – 50 m du passage piéton'],A01,['1'],"['Piéton', 'Conducteur']",['Seul'],"['Promenade – loisirs', 'Promenade – loisirs']",['Avant droit'],['Sans changement de direction'],,['Piéton'],,['VL seul'],,,,2015,Villeurbanne,69,Rhône,200046977,Métropole de LYON,82,Rhône-Alpes,Villeurbanne,69266
201500033279,2015-05-04T13:30:00+00:00,Dieppe,2015,05,04,15:30,Plein jour,En agglomération,2,Normale,Deux véhicules – par l’arrière,76,217,76217,BD GEORGES CLEMENCEAU,4992206,0108181,76370,,"{'lon': 1.110156, 'lat': 49.936272}",,normale,,Bidirectionnelle,,00,,,,,2.0,Voie Communale,,Partie rectiligne,,Carrefour aménagé,,"['1984', '1984']","['Masculin', 'Féminin']","['Se déplaçant', 'Se déplaçant']","['Blessé', 'Indemne']","['Casque', 'Ceinture']","['Oui', 'Oui']",,"A01,B01","['1', '1']","['Conducteur', 'Conducteur']",,"['Promenade – loisirs', 'Domicile – travail']","['Avant', 'Arrière']","['Sans changement de direction', 'Arrêté (hors stationnement)']",,"['Véhicule', 'Véhicule']",,"['VL seul', 'Motocyclette > 50 cm3 et <= 125 cm3']",,Métropole,,2015,Dieppe,76,Seine-Maritime,247600786,CA de la Région Dieppoise,23,Haute-Normandie,Dieppe,76217
201500033310,2015-11-03T13:10:00+00:00,Dieppe,2015,11,03,14:10,Plein jour,Hors agglomération,6,Normale,Deux véhicules – par l’arrière,76,217,76217,,4992305,0111111,76370,,"{'lon': 1.076982, 'lat': 49.921511}",2,normale,,A sens unique,,00,485,0.0,,0.0,2.0,Route Départementale,240.0,En courbe à gauche,Pente,Carrefour aménagé,Sur chaussée,"['1979', '1946']","['Masculin', 'Féminin']","['Se déplaçant', 'Se déplaçant']","['Blessé', 'Indemne']","['Casque', 'Ceinture']","['Oui', 'Oui']",,"B01,A01","['1', '1']","['Conducteur', 'Conducteur']",,"['Promenade – loisirs', 'Promenade – loisirs']","['Arrière', 'Avant']","['Même sens', 'Même sens']",,['Véhicule'],,"['VL seul', 'Motocyclette > 125 cm3']",,Métropole,,2015,Dieppe,76,Seine-Maritime,247600786,CA de la Région Dieppoise,23,Haute-Normandie,Dieppe,76217
201500034826,2015-01-17T12:50:00+00:00,Amiens,2015,01,17,13:50,Plein jour,En agglomération,2,Normale,Deux véhicules – par le coté,80,021,80021,"00, FEDERES (BOULEVARD D",4989414,0228388,80090,00,"{'lon': 2.312801, 'lat': 49.880995}",,normale,,Bidirectionnelle,,00,0,0.0,,0.0,2.0,Voie Communale,,Partie rectiligne,Plat,,Sur chaussée,"['1981', '1995']","['Masculin', 'Masculin']","['Se déplaçant', 'Se déplaçant']","['Indemne', 'Blessé']","['Ceinture', 'Ceinture']","['Oui', 'Oui']",,"B01,A01","['1', '1']","['Conducteur', 'Conducteur']",,['Utilisation professionnelle'],"['Avant', 'Côté droit']","['Tournant A gauche', 'Sans changement de direction']",,"['Véhicule', 'Véhicule']",,"['VU seul 1', 'VL seul']",,Métropole,,2015,Amiens,80,Somme,248000531,CA Amiens Métropole,22,Picardie,Amiens,80021
201500034962,2015-02-03T18:00:00+00:00,Montauban,2015,02,03,19:00,Nuit avec éclairage public allumé,En agglomération,2,Normale,Deux véhicules – par le coté,82,121,82121,"NC, VOLTAIRE (RUE)",,,82000,,"{'lon': 1.36833, 'lat': 44.035818}",,normale,,Bidirectionnelle,,99,0,0.0,,0.0,3.0,Voie Communale,,Partie rectiligne,Plat,Carrefour aménagé,Sur chaussée,"['1968', '1991']","['Féminin', 'Masculin']","['Se déplaçant', 'Se déplaçant']","['Blessé', 'Indemne']","['Ceinture', 'Ceinture']","['Oui', 'Oui']",,"A01,B01","['1', '1']","['Conducteur', 'Conducteur']",,['Domicile – travail'],"['Avant gauche', 'Avant droit']","['Sans changement de direction', 'Sans changement de direction']",,"['Véhicule', 'Véhicule']",,"['VL seul', 'VL seul']",,,,2015,Montauban,82,Tarn-et-Garonne,248200099,CA Grand Montauban,73,Midi-Pyrénées,Montauban,82121