num_acc,datetime,nom_com,an,mois,jour,hrmn,lum,agg,int,atm,col,dep,com,insee,adr,lat,long,code_postal,num,coordonnees,pr,surf,v1,circ,vosp,env1,voie,larrout,v2,lartpc,nbv,catr,pr1,plan,prof,infra,situ,an_nais,sexe,actp,grav,secu,secu_utl,locp,num_veh,place,catu,etatp,trajet,choc,manv,senc,obsm,obs,catv,occutc,gps,date,year_georef,com_name,dep_code,dep_name,epci_code,epci_name,reg_code,reg_name,com_arm_name,com_code
201500026801,2015-07-04T17:00:00+00:00,Nantes,2015,07,04,19:00,Plein jour,Hors agglomération,1,Normale,Autre collision,44,109,44109,"06, RUE DU GERS",4720486,-160363,44200,06,"{'lon': -1.528547, 'lat': 47.18883}",,,,,,00,,0.0,,0.0,0.0,Voie Communale,,,,,,['2008'],['Masculin'],['Se déplaçant Sens véhicule heurtant'],['Blessé'],,,['Sur contre allée'],Z01,,['Piéton'],['Accompagné'],['Promenade – loisirs'],,,PK ou PR ou numéro d’adresse postale croissant,['Piéton'],,['Scooter > 50 cm3 et <= 125 cm3'],,Métropole,2015-01-01,2015,Nantes,44,Loire-Atlantique,244400404,Nantes Métropole,52,Pays de la Loire,Nantes,44109
201700001550,2017-08-04T10:20:00+00:00,Fontcouverte,2017,08,04,12:20,Plein jour,Hors agglomération,1,Normale,Deux véhicules - frontale,17,164,17164,RD150,4576814,-058102,17100,150,"{'lon': -0.59257, 'lat': 45.771058}",40,normale,,Bidirectionnelle,,99,150,60.0,,0.0,2.0,Route Départementale,500.0,Partie rectiligne,Plat,Carrefour aménagé,Sur chaussée,"['1972', '1987']","['Masculin', 'Féminin']","['Se déplaçant', 'Se déplaçant']","['Blessé', 'Indemne']","['Casque', 'Ceinture']","['Oui', 'Oui']",,"A01,B01","['1', '1']","['Conducteur', 'Conducteur']",,"['Domicile – travail', 'Domicile – travail']","['Avant', 'Avant gauche']","['Dépassant A gauche', 'Tournant A gauche']","PK ou PR ou numéro d’adresse postale croissant,PK ou PR ou numéro d’adresse postale décroissant","['Véhicule', 'Véhicule']",,"['Motocyclette > 125 cm3', 'VL seul']",,Métropole,,2017,Fontcouverte,17,Charente-Maritime,200036473,CA de Saintes,75,Nouvelle-Aquitaine,Fontcouverte,17164
201700001793,2017-04-18T16:20:00+00:00,Laon,2017,04,18,18:20,Plein jour,Hors agglomération,1,Normale,Trois véhicules et plus - collisions multiples,02,408,02408,RN2,4955568,0363128,02000,2,"{'lon': 3.623119, 'lat': 49.563059}",61,normale,,Bidirectionnelle,,99,2,104.0,,0.0,3.0,Route Nationale,0.0,Partie rectiligne,Plat,,Sur chaussée,"['1985', '1961', '1985', '1953', '1969']","['Masculin', 'Masculin', 'Masculin', 'Masculin', 'Masculin']","['Se déplaçant', 'Se déplaçant', 'Se déplaçant', 'Se déplaçant', 'Se déplaçant']","['Blessé', 'Indemne', 'Blessé', 'Indemne', 'Indemne']","['Ceinture', 'Ceinture', 'Ceinture', 'Autre', 'Ceinture']","['Oui', 'Oui', 'Oui', 'Non déterminable', 'Oui']",,"B01,C01,D01,A01","['1', '1', '1', '2', '1']","['Conducteur', 'Conducteur', 'Conducteur', 'Passager', 'Conducteur']",,"['Domicile – travail', 'Autre']","['Avant', 'Arrière gauche', 'Avant']","['Sans changement de direction', 'Dépassant A gauche']","PK ou PR ou numéro d’adresse postale croissant,PK ou PR ou numéro d’adresse postale croissant,PK ou PR ou numéro d’adresse postale décroissant,PK ou PR ou numéro d’adresse postale décroissant","['Véhicule', 'Véhicule', 'Véhicule']",['Glissière métallique'],"['VL seul', 'VL seul', 'VL seul', 'VL seul']",,Métropole,,2017,Laon,02,Aisne,200043495,CA du Pays de Laon,32,Hauts-de-France,Laon,02408
201700002488,2017-11-15T16:38:00+00:00,Montbrison,2017,11,15,17:38,Nuit avec éclairage public allumé,En agglomération,1,Normale,Autre collision,42,147,42147,4 rue de feurs,4561143,0406611,42600,4,"{'lon': 4.066766, 'lat': 45.611491}",,normale,,Bidirectionnelle,,99,0,0.0,,0.0,2.0,Parc de stationnement ouvert à la circulation publique,,Partie rectiligne,Plat,,Sur chaussée,"['1983', '1939']","['Masculin', 'Féminin']","['Se déplaçant', 'Se déplaçant Sens véhicule heurtant']","['Indemne', 'Blessé']","['Ceinture', 'Autre']","['Oui', 'Non']",['Sur accotement'],A01,['1'],"['Conducteur', 'Piéton']",['Seul'],"['Domicile – travail', 'Courses – achats']",['Avant droit'],['Même sens'],,['Piéton'],,['PL seul > 7'],,Métropole,,2017,Montbrison,42,Loire,200065886,CA Loire Forez,84,Auvergne-Rhône-Alpes,Montbrison,42147
201700002509,2017-07-05T15:00:00+00:00,Savigneux,2017,07,05,17:00,Plein jour,Hors agglomération,4,Normale,Deux véhicules – par l’arrière,42,299,42299,RD 60,4562359,0407868,42600,60,"{'lon': 4.082838, 'lat': 45.606914}",2,normale,,Bidirectionnelle,,,60,10.0,,0.0,2.0,Route Départementale,,,Plat,,,"['1999', '1992', '2002']","['Féminin', 'Masculin', 'Féminin']","['Se déplaçant', 'Se déplaçant', 'Se déplaçant']","['Blessé', 'Indemne', 'Blessé']","['Casque', 'Ceinture', 'Casque']","['Oui', 'Non déterminable', 'Oui']",,"A01,B01","['1', '1', '2']","['Conducteur', 'Conducteur', 'Passager']",,,"['Avant droit', 'Arrière']","['Sans changement de direction', 'Tournant A droite']","PK ou PR ou numéro d’adresse postale croissant,PK ou PR ou numéro d’adresse postale croissant",['Véhicule'],,"['VL seul', 'Cyclomoteur <50cm3']",,Métropole,,2017,Savigneux,42,Loire,200065886,CA Loire Forez,84,Auvergne-Rhône-Alpes,Savigneux,42299
201700002674,2017-05-21T18:50:00+00:00,Ayse,2017,05,21,20:50,Crépuscule ou aube,En agglomération,4,Normale,Autre collision,74,024,74024,627 route de bonneville,4608195,0643004,74130,627,"{'lon': 6.435369, 'lat': 46.083532}",24,normale,,Bidirectionnelle,,00,6,10.0,,0.0,2.0,Route Départementale,720.0,,Pente,,Sur chaussée,"['1996', '1986']","['Masculin', 'Masculin']","['Traversant', 'Se déplaçant']","['Blessé', 'Indemne']","['Autre', 'Ceinture']","['Non', 'Oui']",['Sur chaussée - A + 50 m du passage piéton'],A01,['1'],"['Piéton', 'Conducteur']",['Seul'],['Promenade – loisirs'],['Avant droit'],['Sans changement de direction'],PK ou PR ou numéro d’adresse postale croissant,['Piéton'],,['VL seul'],,Métropole,,2017,Ayse,74,Haute-Savoie,200000172,CC Faucigny-Glières,84,Auvergne-Rhône-Alpes,Ayse,74024
201700003058,2017-03-02T10:00:00+00:00,Neufchateau,2017,03,02,11:00,Plein jour,Hors agglomération,1,Normale,Deux véhicules - frontale,88,321,88321,RD166 Pk 4+200,4835274,0571682,88300,166,,4,normale,,Bidirectionnelle,,99,166,80.0,,0.0,2.0,Route Départementale,200.0,En courbe à droite,Pente,,Sur chaussée,"['1985', '1971']","['Masculin', 'Masculin']","['Se déplaçant', 'Se déplaçant']","['Indemne', 'Blessé']","['Ceinture', 'Ceinture']","['Oui', 'Oui']",,"A01,B01","['1', '1']","['Conducteur', 'Conducteur']",,"['Utilisation professionnelle', 'Promenade – loisirs']","['Avant', 'Avant gauche']","['Déporté A gauche', 'Sans changement de direction']","PK ou PR ou numéro d’adresse postale croissant,PK ou PR ou numéro d’adresse postale décroissant","['Véhicule', 'Véhicule']",,"['Voiturette (Quadricycle à moteur carrossé) (anciennement ""voiturette ou tricycle à moteur"")', 'PL seul > 7']",,Métropole,,2017,Neufchâteau,88,Vosges,200068559,CC de l'Ouest Vosgien,44,Grand Est,Neufchâteau,88321
201700007066,2017-05-22T03:50:00+00:00,Limonest,2017,05,22,05:50,Crépuscule ou aube,En agglomération,1,Normale,Autre collision,69,116,69116,20 Route nationale 6,4583108,0477111,69760,20,"{'lon': 4.773874, 'lat': 45.81652}",,normale,,A chaussées séparées,,99,306,146.0,,46.0,4.0,Route Départementale,,Partie rectiligne,Pente,,Sur chaussée,"['1972', '1997']","['Masculin', 'Féminin']","['Se déplaçant', 'Traversant']","['Indemne', 'Blessé']","['Ceinture', 'Autre']","['Non déterminable', 'Non déterminable']",['Sur chaussée - A + 50 m du passage piéton'],A01,['1'],"['Conducteur', 'Piéton']",['Seul'],['Utilisation professionnelle'],['Avant'],['Dépassant A gauche'],PK ou PR ou numéro d’adresse postale croissant,['Piéton'],,['Autobus'],['1'],Métropole,,2017,Limonest,69,Rhône,200046977,Métropole de LYON,84,Auvergne-Rhône-Alpes,Limonest,69116
201700007719,2017-04-18T13:30:00+00:00,Saint-nicolas-des-motets,2017,04,18,15:30,Plein jour,Hors agglomération,1,Normale,Sans collision,37,229,37229,,4758688,0101896,37110,,"{'lon': 1.036096, 'lat': 47.584557}",2,normale,,Bidirectionnelle,,99,766,60.0,,0.0,2.0,Route Départementale,700.0,Partie rectiligne,Pente,,Sur chaussée,"['1974', '2001', '1974', '1994', '2004']","['Féminin', 'Féminin', 'Masculin', 'Masculin', 'Féminin']","['Se déplaçant', 'Se déplaçant', 'Se déplaçant', 'Se déplaçant', 'Se déplaçant']","['Indemne', 'Indemne', 'Indemne', 'Blessé', 'Indemne']","['Ceinture', 'Ceinture', 'Ceinture', 'Ceinture', 'Ceinture']","['Oui', 'Oui', 'Oui', 'Oui', 'Oui']",,"A01,B01","['2', '7', '1', '1', '9']","['Passager', 'Passager', 'Conducteur', 'Conducteur', 'Passager']",,"['Promenade – loisirs', 'Promenade – loisirs', 'Promenade – loisirs', 'Utilisation professionnelle', 'Promenade – loisirs']",['Côté gauche'],"['Sans changement de direction', 'Arrêté (hors stationnement)']","PK ou PR ou numéro d’adresse postale croissant,PK ou PR ou numéro d’adresse postale décroissant",,,"['Tracteur routier + semi-remorque', 'VL seul']",,Métropole,,2017,Saint-Nicolas-des-Motets,37,Indre-et-Loire,243700499,CC du Castelrenaudais,24,Centre-Val de Loire,Saint-Nicolas-des-Motets,37229
201700004843,2017-08-27T18:55:00+00:00,Gap,2017,08,27,20:55,Crépuscule ou aube,En agglomération,1,Normale,Deux véhicules – par l’arrière,05,061,05061,JEAN JAURES ( AVENUE ),4454705,0606502,05000,,"{'lon': 6.070662, 'lat': 44.551541}",39,normale,,Bidirectionnelle,,99,85,0.0,,0.0,2.0,Route Nationale,346.0,Partie rectiligne,Plat,,Sur chaussée,"['1998', '1993']","['Masculin', 'Féminin']","['Se déplaçant', 'Se déplaçant']","['Blessé', 'Blessé']","['Ceinture', 'Ceinture']","['Oui', 'Oui']",,"A01,B01","['1', '1']","['Conducteur', 'Conducteur']",,"['Promenade – loisirs', 'Promenade – loisirs']","['Avant', 'Arrière']","['Même sens', 'Même sens']","PK ou PR ou numéro d’adresse postale croissant,PK ou PR ou numéro d’adresse postale croissant","['Véhicule', 'Véhicule']",,"['VL seul', 'VL seul']",,Métropole,,2017,Gap,05,Hautes-Alpes,200067825,CA Gap-Tallard-Durance,93,Provence-Alpes-Côte d'Azur,Gap,05061
201700009190,2017-03-06T20:20:00+00:00,,2017,03,06,21:20,Nuit avec éclairage public allumé,En agglomération,1,Normale,Autre collision,13,055,13055,"139, MADRAGUE VILLE",4332693,0536059,,139,"{'lon': 5.357868, 'lat': 43.335444}",,normale,,Bidirectionnelle,,99,0,60.0,,0.0,2.0,Voie Communale,,Partie rectiligne,Plat,,Sur chaussée,"['1968', '1977']","['Masculin', 'Masculin']","['Se déplaçant', 'Traversant']","['Indemne', 'Blessé']",['Ceinture'],['Oui'],['Sur chaussée - A – 50 m du passage piéton'],A01,['1'],"['Conducteur', 'Piéton']",['Seul'],['Domicile – travail'],['Avant'],['Sans changement de direction'],PK ou PR ou numéro d’adresse postale croissant,['Piéton'],,['VL seul'],,Métropole,,2017,Marseille,13,Bouches-du-Rhône,200054807,Métropole d'Aix-Marseille-Provence,93,Provence-Alpes-Côte d'Azur,,13055
201300027531,2013-07-02T09:30:00+00:00,Orleans,2013,07,02,11:30,Plein jour,En agglomération,1,Normale,Autre collision,45,234,45234,19 R DE LA REPUBLIQUE,4790441,0190442,45100,19,"{'lon': 1.911552, 'lat': 47.880017}",,normale,,A chaussées séparées,Voie réservée,99,0,12.0,,0.0,4.0,Voie Communale,,Partie rectiligne,Plat,,Sur chaussée,"['1968', '1999']","['Masculin', 'Féminin']","['Se déplaçant', 'Traversant']","['Blessé', 'Blessé']","['Autre', 'Autre']","['Non déterminable', 'Non déterminable']",['Sur chaussée - A – 50 m du passage piéton'],A01,['1'],"['Conducteur', 'Piéton']",['Seul'],"['Autre', 'Autre']",['Avant'],['Sans changement de direction'],,['Piéton'],,['Bicyclette'],,Métropole,,2015,Orléans,45,Loiret,244500468,CA Orléans Val de Loire (Agglo),24,Centre,Orléans,45234
201300030727,2013-05-09T17:10:00+00:00,Tourcoing,2013,05,09,19:10,Plein jour,En agglomération,2,Normale,Deux véhicules – par le coté,59,599,59599,"236, RONCQ (RUE DE)",,,59200,236,"{'lon': 3.143058, 'lat': 50.734612}",,normale,,Bidirectionnelle,,99,0,60.0,,90.0,2.0,Voie Communale,,Partie rectiligne,Plat,,Sur chaussée,"['1976', '1950']","['Masculin', 'Masculin']","['Se déplaçant', 'Se déplaçant']","['Blessé', 'Indemne']","['Autre', 'Autre']","['Oui', 'Oui']",,"A01,B01","['1', '1']","['Conducteur', 'Conducteur']",,,"['Avant droit', 'Avant']","['Sans changement de direction', 'Sans changement de direction']",,"['Véhicule', 'Véhicule']",,"['VL seul', 'VL seul']",,,,2015,Tourcoing,59,Nord,245900410,Métropole Européenne de Lille,31,Nord-Pas-de-Calais,Tourcoing,59599
201300032464,2013-01-17T06:40:00+00:00,Saint-jean-de-luz,2013,01,17,07:40,Crépuscule ou aube,En agglomération,1,Normale,Deux véhicules – par le coté,64,483,64483,1 RUE AXULAR,4338690,-165649,64500,1,"{'lon': -1.656529, 'lat': 43.387051}",,normale,,Bidirectionnelle,,99,,50.0,,0.0,2.0,Voie Communale,,Partie rectiligne,Plat,,Sur chaussée,"['1979', '1959']","['Féminin', 'Masculin']","['Se déplaçant', 'Se déplaçant']","['Blessé', 'Indemne']","['Ceinture', 'Ceinture']","['Oui', 'Oui']",,"B01,A01","['1', '1']","['Conducteur', 'Conducteur']",,"['Domicile – travail', 'Utilisation professionnelle']","['Avant gauche', 'Avant droit']","['Sans changement de direction', 'Tournant A gauche']",,"['Véhicule', 'Véhicule']",['Support de signalisation verticale ou poste d’appel d’urgence'],"['VL seul', 'VL seul']",,Métropole,,2015,Saint-Jean-de-Luz,64,Pyrénées-Atlantiques,200036614,CA Sud Pays Basque,72,Aquitaine,Saint-Jean-de-Luz,64483
201300029889,2013-05-10T16:00:00+00:00,Sin-le-noble,2013,05,10,18:00,Plein jour,En agglomération,1,Normale,Autre collision,59,569,59569,329 Rue Jules Guesde,5036203,0310769,59450,329,"{'lon': 3.108251, 'lat': 50.362299}",,normale,,A sens unique,,99,0,32.0,,0.0,1.0,Voie Communale,,Partie rectiligne,Plat,,Sur chaussée,"['1961', '1972']","['Féminin', 'Féminin']","['Traversant', 'Se déplaçant']","['Tué', 'Indemne']","['Autre', 'Ceinture']","['Non déterminable', 'Oui']",['Sur passage piéton - Sans signalisation lumineuse'],A01,['1'],"['Piéton', 'Conducteur']",['Accompagné'],"['Autre', 'Promenade – loisirs']",['Avant'],['Sans changement de direction'],,['Piéton'],,['VL seul'],,Métropole,,2015,Sin-le-Noble,59,Nord,200044618,CA du Douaisis [c.A.D.],31,Nord-Pas-de-Calais,Sin-le-Noble,59569
201300030141,2013-05-03T13:50:00+00:00,Lille,2013,05,03,15:50,Plein jour,En agglomération,3,Normale,Autre collision,59,350,59350,"82, MONTEBELLO BD PAIRS",,,59000,82,"{'lon': 3.043729, 'lat': 50.623178}",,normale,,A chaussées séparées,,00,0,0.0,,0.0,2.0,Voie Communale,,Partie rectiligne,Plat,,Sur chaussée,"['1989', '1992']","['Féminin', 'Masculin']","['Traversant', 'Se déplaçant']","['Blessé', 'Indemne']","['Autre', 'Ceinture']","['Non déterminable', 'Oui']",['Sur passage piéton - Sans signalisation lumineuse'],A01,['1'],"['Piéton', 'Conducteur']",['Seul'],['Autre'],['Côté droit'],['Dépassant A gauche'],,['Piéton'],,['VL seul'],,,,2015,Lille,59,Nord,245900410,Métropole Européenne de Lille,31,Nord-Pas-de-Calais,Lille,59350
201300033911,2013-09-02T05:55:00+00:00,Villeurbanne,2013,09,02,07:55,Plein jour,En agglomération,1,Normale,Deux véhicules – par le coté,69,266,69266,"129, COURS EMILE ZOLA",,,69100,129,"{'lon': 4.875345, 'lat': 45.77038}",,mouillée,,Bidirectionnelle,,99,0,0.0,,0.0,3.0,Voie Communale,,Partie rectiligne,Plat,,Sur chaussée,"['1990', '1963']","['Masculin', 'Féminin']","['Se déplaçant', 'Se déplaçant']","['Indemne', 'Blessé']","['Ceinture', 'Autre']","['Non déterminable', 'Non déterminable']",,"A01,B01","['1', '1']","['Conducteur', 'Conducteur']",,['Domicile – travail'],['Avant gauche'],"['Sans changement de direction', 'Sans changement de direction']",,"['Véhicule', 'Véhicule']",,"['VL seul', 'Bicyclette']",,,,2015,Villeurbanne,69,Rhône,200046977,Métropole de LYON,82,Rhône-Alpes,Villeurbanne,69266
201300034475,2013-04-30T15:05:00+00:00,Saint-aubin-les-elbeuf,2013,04,30,17:05,Plein jour,En agglomération,1,Normale,Deux véhicules – par le coté,76,561,76561,AV WINSTON CHURCHILL,4929451,0101060,76410,,"{'lon': 1.011121, 'lat': 49.296472}",0,normale,,Bidirectionnelle,,00,144,120.0,,0.0,4.0,Route Départementale,830.0,Partie rectiligne,Plat,Pont - autopont,Sur chaussée,"['1955', '1969']","['Masculin', 'Féminin']","['Se déplaçant', 'Se déplaçant']","['Indemne', 'Blessé']","['Ceinture', 'Ceinture']","['Oui', 'Oui']",,"B01,A01","['1', '1']","['Conducteur', 'Conducteur']",,['Domicile – travail'],"['Arrière gauche', 'Avant gauche']","['Sans changement de direction', 'A contresens']",,"['Véhicule', 'Véhicule']",,"['VL seul', 'VL seul']",,Métropole,,2015,Saint-Aubin-lès-Elbeuf,76,Seine-Maritime,200023414,Métropole Rouen Normandie,23,Haute-Normandie,Saint-Aubin-lès-Elbeuf,76561
201400037067,2014-07-30T22:40:00+00:00,Carpentras,2014,07,31,00:40,Nuit avec éclairage public allumé,En agglomération,1,Normale,Autre collision,84,031,84031,"1085, MONT VENTOUX AVENU",,,84200,1085,"{'lon': 5.065889, 'lat': 44.058206}",,normale,,Bidirectionnelle,,00,942,60.0,,0.0,2.0,Route Départementale,,En courbe à droite,Plat,,Sur chaussée,['1980'],['Masculin'],['Se déplaçant'],['Tué'],['Casque'],['Oui'],,A01,['1'],['Conducteur'],,['Promenade – loisirs'],['Avant'],['Dépassant A gauche'],,,['Poteau'],['Motocyclette > 125 cm3'],,,,2015,Carpentras,84,Vaucluse,248400053,CA Ventoux-Comtat-Venaissin (Cove),93,Provence-Alpes-Côte d'Azur,Carpentras,84031
201400037072,2014-01-30T13:20:00+00:00,Cavaillon,2014,01,30,14:20,Plein jour,Hors agglomération,1,Pluie légère,Autre collision,84,035,84035,BONNEBEAU-CR58 (CHEMIN D,,,84300,58,"{'lon': 5.05301, 'lat': 43.864145}",1,mouillée,,Bidirectionnelle,,99,0,50.0,,0.0,1.0,Voie Communale,0.0,Partie rectiligne,Plat,Voie ferrée,Sur chaussée,['1955'],['Masculin'],['Se déplaçant'],['Blessé'],['Ceinture'],['Oui'],,A01,['1'],['Conducteur'],,['Utilisation professionnelle'],['Côté droit'],['Sans changement de direction'],,['Véhicule sur rail'],,['VU seul 1'],,,,2015,Cavaillon,84,Vaucluse,200040442,CC Luberon Monts de Vaucluse,93,Provence-Alpes-Côte d'Azur,Cavaillon,84035
201300014975,2013-04-26T08:00:00+00:00,,2013,04,26,10:00,Plein jour,En agglomération,1,Normale,Autre collision,13,055,13055,"38, RUE DU COQ",4330123,0538641,,38,"{'lon': 5.386418, 'lat': 43.301223}",,normale,,,,00,,40.0,,0.0,1.0,Voie Communale,,,Plat,,,"['1973', '1945']","['Masculin', 'Masculin']","['Se déplaçant', 'Se déplaçant']","['Indemne', 'Blessé']","['Casque', 'Autre']","['Oui', 'Non déterminable']",['Sur trottoir'],A01,['1'],"['Conducteur', 'Piéton']",,,['Avant'],,,['Piéton'],,['Scooter < 50 cm3'],,Métropole,,2015,Marseille,13,Bouches-du-Rhône,241300391,CU de Marseille Provence Métropole (Mpm),93,Provence-Alpes-Côte d'Azur,,13055
201300015518,2013-09-11T05:45:00+00:00,,2013,09,11,07:45,Plein jour,En agglomération,1,Normale,Deux véhicules – par l’arrière,13,055,13055,"344, AVE DE SAINT ANTOIN",4337739,0535654,,344,"{'lon': 5.356557, 'lat': 43.377328}",,normale,,Bidirectionnelle,,99,,0.0,,0.0,2.0,Voie Communale,,Partie rectiligne,Plat,,Sur chaussée,"['1979', '1993']","['Féminin', 'Féminin']","['Se déplaçant', 'Se déplaçant']","['Blessé', 'Indemne']","['Ceinture', 'Ceinture']","['Oui', 'Non déterminable']",,"B01,A01","['1', '1']","['Conducteur', 'Conducteur']",,"['Domicile – travail', 'Promenade – loisirs']","['Arrière', 'Avant']","['Même sens', 'Même sens']",,"['Véhicule', 'Véhicule']",,"['VL seul', 'VL seul']",,Métropole,,2015,Marseille,13,Bouches-du-Rhône,241300391,CU de Marseille Provence Métropole (Mpm),93,Provence-Alpes-Côte d'Azur,,13055
201300016122,2013-11-19T11:50:00+00:00,,2013,11,19,12:50,Plein jour,En agglomération,1,Normale,Deux véhicules – par le coté,13,055,13055,"262, BD DE SAINTE MARGUE",4326122,0541496,,262,"{'lon': 2.557906, 'lat': 48.900858}",,normale,,Bidirectionnelle,,99,0,80.0,,0.0,3.0,Voie Communale,,Partie rectiligne,Plat,,Sur chaussée,"['1996', '1991', '1996']","['Masculin', 'Féminin', 'Masculin']","['Se déplaçant', 'Se déplaçant', 'Se déplaçant']","['Blessé', 'Indemne', 'Blessé']","['Casque', 'Ceinture', 'Casque']","['Oui', 'Oui', 'Oui']",,"B01,A01","['1', '1', '2']","['Conducteur', 'Conducteur', 'Passager']",,"['Promenade – loisirs', 'Domicile – travail', 'Promenade – loisirs']","['Avant', 'Arrière gauche']","['Sans changement de direction', 'Tournant A gauche']",,"['Véhicule', 'Véhicule']",,"['Scooter < 50 cm3', 'VL seul']",,Métropole,,2015,Marseille,13,Bouches-du-Rhône,241300391,CU de Marseille Provence Métropole (Mpm),93,Provence-Alpes-Côte d'Azur,,13055
201300010438,2013-02-23T19:20:00+00:00,Grasse,2013,02,23,20:20,Nuit avec éclairage public allumé,En agglomération,1,Normale,Deux véhicules - frontale,06,069,06069,"/, PEGOMAS (ROUTE DE)",,,06520,,"{'lon': 6.966893, 'lat': 43.679866}",13,,,Bidirectionnelle,,00,9,0.0,,0.0,2.0,Route Départementale,535.0,Partie rectiligne,Pente,,Sur chaussée,"['1977', '1987']","['Féminin', 'Masculin']","['Se déplaçant', 'Se déplaçant']","['Blessé', 'Indemne']","['Ceinture', 'Ceinture']","['Non déterminable', 'Non déterminable']",,"A01,B01","['1', '1']","['Conducteur', 'Conducteur']",,,"['Avant', 'Avant']","['Déporté A gauche', 'Sans changement de direction']",,,,"['VL seul', 'VL seul']",,,,2015,Grasse,06,Alpes-Maritimes,200039857,CA du Pays de Grasse,93,Provence-Alpes-Côte d'Azur,Grasse,06069
201400053137,2014-12-22T16:40:00+00:00,Paris-8e-arrondissement,2014,12,22,17:40,Nuit avec éclairage public allumé,En agglomération,1,Temps couvert,Autre collision,75,108,75108,PLACE DE LA CONCORDE,,,75008,,"{'lon': 2.321877, 'lat': 48.867065}",,normale,,A sens unique,,00,0,210.0,,0.0,4.0,Voie Communale,,Partie rectiligne,Plat,,Sur chaussée,['1943'],['Féminin'],['Traversant'],['Blessé'],,,['Sur passage piéton - Avec signalisation lumineuse'],Z01,,['Piéton'],['Accompagné'],['Promenade – loisirs'],['Avant'],['Sans changement de direction'],PK ou PR ou numéro d’adresse postale croissant,['Piéton'],,['Cyclomoteur <50cm3'],,,,2015,Paris,75,Paris,,,11,Île-de-France,Paris 8e Arrondissement,75108
201400054481,2014-03-28T16:15:00+00:00,Paris-13e-arrondissement,2014,03,28,17:15,Plein jour,En agglomération,2,Normale,Deux véhicules - frontale,75,113,75113,"53, BOULEVARD ARAGO",,,75013,53,"{'lon': 2.345096, 'lat': 48.834776}",,normale,,Bidirectionnelle,,00,0,150.0,,150.0,4.0,Voie Communale,,Partie rectiligne,Plat,Carrefour aménagé,Sur chaussée,"['1988', '1980']","['Masculin', 'Masculin']","['Se déplaçant', 'Se déplaçant']","['Blessé', 'Indemne']","['Casque', 'Ceinture']","['Oui', 'Oui']",,"B01,A01","['1', '1']","['Conducteur', 'Conducteur']",,['Utilisation professionnelle'],"['Avant', 'Avant']","['Sans changement de direction', 'Tournant A gauche']",,"['Véhicule', 'Véhicule']",,"['Motocyclette > 50 cm3 et <= 125 cm3', 'VL seul']",,,,2015,Paris,75,Paris,,,11,Île-de-France,Paris 13e Arrondissement,75113
201400035743,2014-03-19T20:00:00+00:00,Montigny-le-bretonneux,2014,03,19,21:00,Nuit avec éclairage public allumé,En agglomération,1,Normale,Sans collision,78,423,78423,", AMPERE (AVENUE)",,,78180,,"{'lon': 2.047135, 'lat': 48.795385}",,normale,,A chaussées séparées,,99,0,70.0,,0.0,2.0,Route Départementale,,Partie rectiligne,Plat,,Sur accotement,['1953'],['Masculin'],['Se déplaçant'],['Blessé'],['Ceinture'],['Oui'],,A01,['1'],['Conducteur'],,,,['Sans changement de direction'],,,['Véhicule en stationnement'],['VL seul'],,,,2015,Montigny-le-Bretonneux,78,Yvelines,247800451,CA de Saint Quentin en Yvelines,11,Île-de-France,Montigny-le-Bretonneux,78423
201400036075,2014-08-25T17:15:00+00:00,Velizy-villacoublay,2014,08,25,19:15,Plein jour,En agglomération,4,Temps couvert,Autre collision,78,640,78640,SAVOIE (AVENUE DE),,,78140,,"{'lon': 2.171518, 'lat': 48.783572}",,mouillée,,A sens unique,,99,0,61.0,,0.0,2.0,Route Départementale,,Partie rectiligne,Plat,,,"['1959', '2003']","['Masculin', 'Masculin']","['Se déplaçant', 'Traversant']","['Indemne', 'Blessé']","['Ceinture', 'Autre']","['Oui', 'Non déterminable']",['Sur passage piéton - Sans signalisation lumineuse'],A01,['1'],"['Conducteur', 'Piéton en roller ou en trottinette']",['Seul'],"['Domicile – travail', 'Promenade – loisirs']",['Arrière droit'],['Tournant A droite'],,['Piéton'],,['VL seul'],,,,2015,Vélizy-Villacoublay,78,Yvelines,,,11,Île-de-France,Vélizy-Villacoublay,78640
201300008411,2013-05-04T12:15:00+00:00,Limoux,2013,05,04,14:15,Plein jour,En agglomération,9,Normale,Deux véhicules – par le coté,11,206,11206,avenue FABRE D EGLANTINE,,,11300,,"{'lon': 2.21894, 'lat': 43.049928}",61,normale,,Bidirectionnelle,,03,118,75.0,,0.0,2.0,Route Départementale,200.0,En courbe à droite,Plat,,Sur chaussée,"['1997', '1954']","['Masculin', 'Masculin']","['Se déplaçant', 'Se déplaçant']","['Blessé', 'Indemne']","['Casque', 'Ceinture']","['Oui', 'Oui']",,"A01,B02","['1', '1']","['Conducteur', 'Conducteur']",,"['Promenade – loisirs', 'Promenade – loisirs']","['Avant gauche', 'Avant droit']","['Traversant la chaussée', 'Sans changement de direction']",,"['Véhicule', 'Véhicule']",,"['VU seul 1', 'Motocyclette > 50 cm3 et <= 125 cm3']",,Métropole,,2015,Limoux,11,Aude,200043487,CC du Limouxin,91,Languedoc-Roussillon,Limoux,11206