num_acc,datetime,nom_com,an,mois,jour,hrmn,lum,agg,int,atm,col,dep,com,insee,adr,lat,long,code_postal,num,coordonnees,pr,surf,v1,circ,vosp,env1,voie,larrout,v2,lartpc,nbv,catr,pr1,plan,prof,infra,situ,an_nais,sexe,actp,grav,secu,secu_utl,locp,num_veh,place,catu,etatp,trajet,choc,manv,senc,obsm,obs,catv,occutc,gps,date,year_georef,com_name,dep_code,dep_name,epci_code,epci_name,reg_code,reg_name,com_arm_name,com_code
201700043007,2017-06-22T10:40:00+00:00,Rosny-sous-bois,2017,06,22,12:40,Plein jour,En agglomération,4,Normale,Autre collision,93,064,93064,GARDEBLED (RUE RICHARD),,,93110,,"{'lon': 2.483965, 'lat': 48.875708}",,,,Bidirectionnelle,,,302,,N,,4.0,Route Départementale,,,,,,"['1945', '1997']","['Féminin', 'Masculin']","['Traversant', 'Se déplaçant']","['Blessé', 'Indemne']",['Casque'],['Oui'],['Sur passage piéton - Sans signalisation lumineuse'],A01,['1'],"['Piéton', 'Conducteur']",['Seul'],"['Promenade – loisirs', 'Promenade – loisirs']",['Avant'],['Sans changement de direction'],PK ou PR ou numéro d’adresse postale croissant,['Piéton'],,['Motocyclette > 125 cm3'],,Métropole,2017-07-01,2017,Rosny-sous-Bois,93,Seine-Saint-Denis,200054781,Métropole du Grand Paris,11,Île-de-France,Rosny-sous-Bois,93064
201700043295,2017-06-06T12:25:00+00:00,Saint-ouen,2017,06,06,14:25,Plein jour,En agglomération,1,Pluie légère,Deux véhicules – par le coté,93,070,93070,"24, DOCTEUR BAUER(RUE DU",,,93400,24,"{'lon': 2.336658, 'lat': 48.911284}",,mouillée,,A chaussées séparées,,00,0,0.0,,0.0,3.0,Voie Communale,,Partie rectiligne,Plat,,Sur chaussée,"['1985', '1991']","['Masculin', 'Masculin']","['Se déplaçant', 'Se déplaçant']","['Indemne', 'Blessé']","['Autre', 'Autre']","['Non déterminable', 'Non déterminable']",,"B01,A01","['1', '1']","['Conducteur', 'Conducteur']",,"['Utilisation professionnelle', 'Utilisation professionnelle']","['Côté gauche', 'Avant droit']","['Même sens', 'En faisant demi-tour sur la chaussée']","PK ou PR ou numéro d’adresse postale croissant,PK ou PR ou numéro d’adresse postale croissant","['Véhicule', 'Véhicule']",,"['VU seul 1', 'VU seul 1']",,,,2017,Saint-Ouen,93,Seine-Saint-Denis,200054781,Métropole du Grand Paris,11,Île-de-France,Saint-Ouen,93070
201700043864,2017-05-20T14:00:00+00:00,Champigny-sur-marne,2017,05,20,16:00,Plein jour,En agglomération,1,Normale,Autre collision,94,017,94017,François Mittérrand (ave,,,94500,,,1,,,Bidirectionnelle,,00,0,0.0,,0.0,2.0,Voie Communale,0.0,,,,Sur chaussée,"['1994', '1975']","['Masculin', 'Féminin']","['Se déplaçant', 'Se déplaçant']","['Blessé', 'Indemne']","['Casque', 'Ceinture']","['Oui', 'Oui']",,"A01,B01","['1', '1']","['Conducteur', 'Conducteur']",,"['Domicile – travail', 'Promenade – loisirs']","['Côté gauche', 'Avant']","['Tournant A gauche', 'Même sens']",,"['Véhicule', 'Véhicule']",,"['VL seul', 'Motocyclette > 125 cm3']",,,,2017,Champigny-sur-Marne,94,Val-de-Marne,200054781,Métropole du Grand Paris,11,Île-de-France,Champigny-sur-Marne,94017
201700040188,2017-02-22T18:45:00+00:00,Gennevilliers,2017,02,22,19:45,Plein jour,En agglomération,1,Normale,Sans collision,92,036,92036,"64, BAS (RUE DES) (64 AU",,,92230,64,"{'lon': 2.294631, 'lat': 48.927044}",,normale,,A chaussées séparées,,03,0,70.0,,20.0,4.0,Voie Communale,,Partie rectiligne,Plat,,Sur chaussée,['1978'],['Masculin'],['Se déplaçant'],['Blessé'],['Casque'],['Oui'],,A01,['1'],['Conducteur'],,['Promenade – loisirs'],,,,,,['Scooter > 125 cm3'],,,,2017,Gennevilliers,92,Hauts-de-Seine,200054781,Métropole du Grand Paris,11,Île-de-France,Gennevilliers,92036
201700046526,2017-04-06T07:10:00+00:00,Champigny-sur-marne,2017,04,06,09:10,Plein jour,Hors agglomération,1,Normale,Deux véhicules – par l’arrière,94,017,94017,A4,4882790,0250451,94500,4,"{'lon': 2.515182, 'lat': 48.816583}",9,normale,,A chaussées séparées,,99,4,140.0,,15.0,4.0,Autoroute,0.0,Partie rectiligne,Plat,Souterrain - tunnel,Sur chaussée,"['1975', '1930']","['Masculin', 'Masculin']","['Se déplaçant', 'Se déplaçant']","['Blessé', 'Indemne']","['Casque', 'Ceinture']","['Oui', 'Oui']",,"B01,A01","['1', '1']","['Conducteur', 'Conducteur']",,"['Domicile – travail', 'Promenade – loisirs']","['Côté gauche', 'Arrière droit']","['Même sens', 'Sans changement de direction']","PK ou PR ou numéro d’adresse postale décroissant,PK ou PR ou numéro d’adresse postale décroissant","['Véhicule', 'Véhicule']",,"['Motocyclette > 125 cm3', 'VL seul']",,Métropole,,2017,Champigny-sur-Marne,94,Val-de-Marne,200054781,Métropole du Grand Paris,11,Île-de-France,Champigny-sur-Marne,94017
201400016042,2014-12-06T16:50:00+00:00,,2014,12,06,17:50,Plein jour,En agglomération,1,Pluie forte,Autre collision,13,055,13055,AVE PROSPER MERIMEE,,,,,"{'lon': 5.398207, 'lat': 43.328164}",,mouillée,,A chaussées séparées,,00,0,0.0,,0.0,0.0,Voie Communale,,Partie rectiligne,Pente,,Sur chaussée,"['1991', '1954']","['Masculin', 'Masculin']","['Se déplaçant', 'Traversant']","['Indemne', 'Blessé']","['Ceinture', 'Autre']","['Oui', 'Non déterminable']",['Sur chaussée - A – 50 m du passage piéton'],A01,['1'],"['Conducteur', 'Piéton']",['Seul'],"['Autre', 'Autre']",['Avant'],['Sans changement de direction'],,['Piéton'],,['VL seul'],,,,2015,Marseille,13,Bouches-du-Rhône,241300391,CU de Marseille Provence Métropole (Mpm),93,Provence-Alpes-Côte d'Azur,,13055
201400017644,2014-01-15T18:00:00+00:00,Morvillars,2014,01,15,19:00,Nuit avec éclairage public non allumé,En agglomération,1,Normale,Autre collision,90,072,90072,RUE GENERAL LECLERC,,,90120,,"{'lon': 6.938128, 'lat': 47.54873}",18,normale,,Bidirectionnelle,,00,36,76.0,,0.0,2.0,Route Départementale,700.0,Partie rectiligne,Plat,,Sur chaussée,"['1997', '1938']","['Féminin', 'Masculin']","['Traversant', 'Se déplaçant']","['Blessé', 'Indemne']",['Ceinture'],['Oui'],['Sur chaussée - A – 50 m du passage piéton'],A01,['1'],"['Piéton', 'Conducteur']",['Seul'],"['Domicile – école', 'Domicile – travail']",['Avant gauche'],['Sans changement de direction'],,['Piéton'],,['VL seul'],,Métropole,,2015,Morvillars,90,Territoire de Belfort,249000019,CA de l'Agglomération Belfortaine,43,Franche-Comté,Morvillars,90072
201400013250,2014-07-02T10:47:00+00:00,Narbonne,2014,07,02,12:47,Plein jour,En agglomération,1,Normale,Trois véhicules et plus - collisions multiples,11,262,11262,"0, LECLERC (AVENUE DU GE",4317589,0299357,11100,0,"{'lon': 2.995857, 'lat': 43.179412}",,normale,,A sens unique,,99,0,0.0,,0.0,2.0,Voie Communale,,Partie rectiligne,Plat,,Sur chaussée,"['1952', '1973', '1965']","['Masculin', 'Féminin', 'Masculin']","['Se déplaçant', 'Se déplaçant', 'Se déplaçant']","['Indemne', 'Blessé', 'Indemne']","['Ceinture', 'Ceinture', 'Ceinture']","['Oui', 'Oui', 'Oui']",,"C01,B01,A01","['1', '1', '1']","['Conducteur', 'Conducteur', 'Conducteur']",,,"['Côté droit', 'Côté droit', 'Côté gauche']","['Sans changement de direction', 'Sans changement de direction', 'Changeant de file A gauche']",,['Véhicule'],,"['PL seul 3', 'VL seul', 'VL seul']",,Métropole,,2015,Narbonne,11,Aude,241100593,CA le Grand Narbonne,91,Languedoc-Roussillon,Narbonne,11262
201700016167,2017-04-16T16:10:00+00:00,Sainte-anne-sur-gervonde,2017,04,16,18:10,Plein jour,En agglomération,1,Normale,Deux véhicules - frontale,38,358,38358,Montée du Village,4549244,0523631,38440,,"{'lon': 5.235579, 'lat': 45.493869}",0,normale,,Bidirectionnelle,,99,56,0.0,C,0.0,2.0,Route Départementale,500.0,En courbe à droite,Pente,,Sur chaussée,"['1960', '1967']","['Féminin', 'Masculin']","['Se déplaçant', 'Se déplaçant']","['Indemne', 'Blessé']","['Ceinture', 'Casque']","['Oui', 'Oui']",,"B01,A01","['1', '1']","['Conducteur', 'Conducteur']",,"['Promenade – loisirs', 'Promenade – loisirs']","['Avant gauche', 'Avant']","['Sans changement de direction', 'Sans changement de direction']","PK ou PR ou numéro d’adresse postale décroissant,PK ou PR ou numéro d’adresse postale croissant","['Véhicule', 'Véhicule']",,"['VL seul', 'Motocyclette > 125 cm3']",,Métropole,,2017,Sainte-Anne-sur-Gervonde,38,Isère,200059392,CC Bièvre Isère,84,Auvergne-Rhône-Alpes,Sainte-Anne-sur-Gervonde,38358
201700016560,2017-09-23T19:45:00+00:00,Briec,2017,09,23,21:45,Nuit sans éclairage public,Hors agglomération,3,Normale,Autre collision,29,020,29020,lLes Trois Croix,4812463,-401963,29510,,"{'lon': -4.020212, 'lat': 48.123542}",56,flaques,,Bidirectionnelle,,99,785,10.0,,7.0,2.0,Route Départementale,200.0,,Plat,Carrefour aménagé,Sur chaussée,"['1980', '1980']","['Masculin', 'Féminin']","['Se déplaçant', 'Se déplaçant']","['Blessé', 'Indemne']","['Ceinture', 'Ceinture']","['Oui', 'Oui']",,A01,"['2', '1']","['Passager', 'Conducteur']",,"['Promenade – loisirs', 'Promenade – loisirs']",['Avant'],,PK ou PR ou numéro d’adresse postale décroissant,,['Fossé'],['VL seul'],,Métropole,,2017,Briec,29,Finistère,200068120,CA Quimper Bretagne Occidentale,53,Bretagne,Briec,29020
201700016850,2017-10-28T14:45:00+00:00,Fegreac,2017,10,28,16:45,Plein jour,Hors agglomération,1,Normale,Trois véhicules et plus - collisions multiples,44,057,44057,Lieu dit Flandres D 773,4759402,-204240,44460,773,"{'lon': -2.044204, 'lat': 47.591953}",2,normale,,Bidirectionnelle,,99,773,72.0,,0.0,2.0,Route Départementale,448.0,Partie rectiligne,Pente,,Sur chaussée,"['1973', '1938', '1961']","['Masculin', 'Féminin', 'Féminin']","['Se déplaçant', 'Se déplaçant', 'Se déplaçant']","['Blessé', 'Blessé', 'Indemne']","['Ceinture', 'Ceinture', 'Ceinture']","['Oui', 'Oui', 'Oui']",,"B01,A01,C01","['1', '1', '1']","['Conducteur', 'Conducteur', 'Conducteur']",,['Promenade – loisirs'],"['Avant', 'Avant', 'Côté gauche']","['Sans changement de direction', 'Déporté A gauche', 'Sans changement de direction']","PK ou PR ou numéro d’adresse postale croissant,PK ou PR ou numéro d’adresse postale décroissant,PK ou PR ou numéro d’adresse postale croissant","['Véhicule', 'Véhicule', 'Véhicule']",,"['VL seul', 'VL seul', 'VL seul']",,Métropole,,2017,Fégréac,44,Loire-Atlantique,243500741,CC du Pays de Redon,52,Pays de la Loire,Fégréac,44057
201700017434,2017-08-22T06:15:00+00:00,Hagenthal-le-bas,2017,08,22,08:15,Plein jour,En agglomération,4,Normale,Autre collision,68,120,68120,44 avenue de souprosse,4752622,0747919,68220,44,"{'lon': 7.479201, 'lat': 47.526443}",15,normale,2,Bidirectionnelle,,99,12,70.0,,0.0,2.0,Route Départementale,200.0,En courbe à gauche,Plat,,Sur trottoir,['1966'],['Féminin'],['Se déplaçant'],['Blessé'],['Ceinture'],['Oui'],,A01,['1'],['Conducteur'],,['Courses – achats'],['Avant'],['Sans changement de direction'],PK ou PR ou numéro d’adresse postale décroissant,,['Autre obstacle fixe sur trottoir ou accotement'],['VL seul'],,Métropole,,2017,Hagenthal-le-Bas,68,Haut-Rhin,200066058,CA Saint-Louis,44,Grand Est,Hagenthal-le-Bas,68120
201700023675,2017-07-25T05:10:00+00:00,Brest,2017,07,25,07:10,Plein jour,En agglomération,1,Normale,Deux véhicules – par l’arrière,29,019,29019,"., EUROPE (DE 161 A 199)",4841279,-450849,29200,161,"{'lon': -4.492081, 'lat': 48.413199}",8,normale,,Bidirectionnelle,,00,205,0.0,,0.0,0.0,Route Départementale,20.0,En courbe à droite,Pente,,Sur chaussée,"['2000', '1993']","['Masculin', 'Féminin']","['Se déplaçant', 'Se déplaçant']","['Blessé', 'Indemne']","['Casque', 'Ceinture']","['Non déterminable', 'Oui']",,"B01,A01","['1', '1']","['Conducteur', 'Conducteur']",,"['Autre', 'Autre']","['Arrière', 'Avant']","['Sans changement de direction', 'Même sens']","PK ou PR ou numéro d’adresse postale croissant,PK ou PR ou numéro d’adresse postale croissant","['Véhicule', 'Véhicule']",,"['VL seul', 'Cyclomoteur <50cm3']",,Métropole,,2017,Brest,29,Finistère,242900314,Brest Métropole,53,Bretagne,Brest,29019
201700024480,2017-07-09T13:45:00+00:00,Genas,2017,07,09,15:45,Plein jour,En agglomération,1,Pluie légère,Deux véhicules – par le coté,69,277,69277,rue jacques brel,4573438,0499378,69740,,"{'lon': 4.995854, 'lat': 45.734156}",,normale,,Bidirectionnelle,,,0,20.0,,6.0,2.0,Voie Communale,,,Pente,,,"['1968', '1947', '1947']","['Féminin', 'Masculin', 'Féminin']","['Se déplaçant', 'Se déplaçant', 'Se déplaçant']","['Indemne', 'Blessé', 'Blessé']","['Ceinture', 'Casque', 'Casque']","['Non déterminable', 'Oui', 'Oui']",,"A01,B01","['1', '1', '2']","['Conducteur', 'Conducteur', 'Passager']",,"['Promenade – loisirs', 'Promenade – loisirs', 'Promenade – loisirs']","['Côté gauche', 'Côté gauche']","['Sans changement de direction', 'Sans changement de direction']","PK ou PR ou numéro d’adresse postale décroissant,PK ou PR ou numéro d’adresse postale croissant",,,"['VL seul', 'Motocyclette > 125 cm3']",,Métropole,,2017,Genas,69,Rhône,246900575,CC de l'Est Lyonnais (Ccel),84,Auvergne-Rhône-Alpes,Genas,69277
201700023981,2017-12-12T04:20:00+00:00,Quimper,2017,12,12,05:20,Nuit avec éclairage public allumé,En agglomération,1,Normale,Autre collision,29,232,29232,"., LOCMARIA ALLEE DE",4799299,-410649,29000,,"{'lon': -4.105896, 'lat': 47.99331}",0,normale,,Bidirectionnelle,,99,34,25.0,,0.0,4.0,Route Départementale,200.0,Partie rectiligne,Plat,,Sur chaussée,['1981'],['Féminin'],['Se déplaçant'],['Blessé'],['Ceinture'],['Oui'],,A01,['1'],['Conducteur'],,['Domicile – travail'],['Avant droit'],['Sans changement de direction'],PK ou PR ou numéro d’adresse postale croissant,,['Bordure de trottoir'],['VL seul'],,Métropole,,2017,Quimper,29,Finistère,200068120,CA Quimper Bretagne Occidentale,53,Bretagne,Quimper,29232
201700023996,2017-02-13T05:40:00+00:00,Granges-sur-vologne,2017,02,13,06:40,Crépuscule ou aube,Hors agglomération,1,Normale,Autre collision,88,218,88218,23 Rue de Gérardmer,4813699,0680514,88640,23,"{'lon': 6.805057, 'lat': 48.137018}",12,normale,,Bidirectionnelle,,99,423,64.0,,0.0,2.0,Route Départementale,380.0,Partie rectiligne,Pente,,Sur accotement,['1991'],['Masculin'],['Se déplaçant'],['Tué'],['Ceinture'],['Non déterminable'],,A01,['1'],['Conducteur'],,['Promenade – loisirs'],['Avant'],['Sans changement de direction'],PK ou PR ou numéro d’adresse postale décroissant,,['Bâtiment'],['VL seul'],,Métropole,,2017,Granges-Aumontzey,88,Vosges,200071157,CC des Hautes-Vosges,44,Grand Est,Granges-Aumontzey,88218
201700024027,2017-12-29T20:50:00+00:00,Ales,2017,12,29,21:50,Nuit avec éclairage public non allumé,En agglomération,3,Normale,Deux véhicules – par le coté,30,007,30007,ALSACE (ROUTE D'),4413378,0408324,30100,,"{'lon': 4.081049, 'lat': 44.099692}",,normale,,Bidirectionnelle,,00,,57.0,,0.0,2.0,Voie Communale,,Partie rectiligne,Sommet de côte,,Sur chaussée,"['2002', '1999', '2002', '1991']","['Masculin', 'Féminin', 'Masculin', 'Masculin']","['Se déplaçant', 'Se déplaçant', 'Se déplaçant', 'Se déplaçant']","['Blessé', 'Indemne', 'Blessé', 'Indemne']","['Casque', 'Ceinture', 'Casque', 'Ceinture']","['Oui', 'Oui', 'Oui', 'Oui']",,"A01,B01","['1', '2', '2', '1']","['Conducteur', 'Passager', 'Passager', 'Conducteur']",,"['Autre', 'Autre']","['Arrière droit', 'Chocs multiples (tonneaux)']","['Tournant A gauche', 'Sans changement de direction']","PK ou PR ou numéro d’adresse postale croissant,PK ou PR ou numéro d’adresse postale décroissant","['Autre', 'Véhicule']",,"['VL seul', 'Cyclomoteur <50cm3']",,Métropole,,2017,Alès,30,Gard,200066918,CA Alès,76,Occitanie,Alès,30007
201700048493,2017-05-05T19:00:00+00:00,Gennevilliers,2017,05,05,21:00,Crépuscule ou aube,Hors agglomération,1,Normale,Deux véhicules – par l’arrière,92,036,92036,RN315 Y,4892370,0230486,92230,315,"{'lon': 2.293085, 'lat': 48.925197}",2,normale,,A sens unique,,99,315,35.0,,15.0,1.0,Autoroute,0.0,Partie rectiligne,Plat,,Sur chaussée,"['1980', '1985']","['Masculin', 'Masculin']","['Se déplaçant', 'Se déplaçant']","['Blessé', 'Blessé']","['Casque', 'Casque']","['Oui', 'Oui']",,"A01,B01","['1', '1']","['Conducteur', 'Conducteur']",,,"['Avant droit', 'Arrière gauche']","['Même sens', 'Même sens']","PK ou PR ou numéro d’adresse postale décroissant,PK ou PR ou numéro d’adresse postale décroissant","['Véhicule', 'Véhicule']",,"['Motocyclette > 125 cm3', 'Motocyclette > 50 cm3 et <= 125 cm3']",,Métropole,,2017,Gennevilliers,92,Hauts-de-Seine,200054781,Métropole du Grand Paris,11,Île-de-France,Gennevilliers,92036
201700049034,2017-02-07T08:14:00+00:00,Viry-chatillon,2017,02,07,09:14,Plein jour,Hors agglomération,1,Pluie légère,Autre collision,91,687,91687,AUTOROUTE A6,4866277,0236764,91170,6,"{'lon': 2.375311, 'lat': 48.669326}",20,mouillée,,A chaussées séparées,,99,6,210.0,,15.0,6.0,Autoroute,350.0,Partie rectiligne,Plat,,Sur chaussée,"['1982', '1987']","['Masculin', 'Masculin']","['Se déplaçant', 'Se déplaçant']","['Indemne', 'Blessé']","['Ceinture', 'Casque']","['Oui', 'Oui']",,"B01,A01","['1', '1']","['Conducteur', 'Conducteur']",,"['Autre', 'Promenade – loisirs']",['Avant'],"['Changeant de file A gauche', 'Manœuvre d’évitement']","PK ou PR ou numéro d’adresse postale décroissant,PK ou PR ou numéro d’adresse postale décroissant",,['Glissière béton'],"['VL seul', 'Motocyclette > 125 cm3']",,Métropole,,2017,Viry-Châtillon,91,Essonne,200054781,Métropole du Grand Paris,11,Île-de-France,Viry-Châtillon,91687
201400002751,2014-11-12T14:00:00+00:00,Pomarez,2014,11,12,15:00,Plein jour,En agglomération,1,Normale,Deux véhicules - frontale,40,228,40228,,4361725,-081304,40360,,"{'lon': -0.830392, 'lat': 43.628961}",0,normale,,Bidirectionnelle,,99,7,59.0,,0.0,2.0,Route Départementale,0.0,Partie rectiligne,Plat,,Sur chaussée,"['1930', '1954', '1965']","['Féminin', 'Masculin', 'Masculin']","['Se déplaçant', 'Se déplaçant', 'Se déplaçant']","['Blessé', 'Blessé', 'Blessé']","['Ceinture', 'Ceinture', 'Ceinture']","['Oui', 'Oui', 'Oui']",,"B02,A01","['2', '1', '1']","['Passager', 'Conducteur', 'Conducteur']",,"['Courses – achats', 'Promenade – loisirs']","['Avant gauche', 'Avant gauche']","['Sans changement de direction', 'Déporté A gauche']",,['Véhicule'],,"['VL seul', 'VL seul']",,Métropole,,2015,Pomarez,40,Landes,244000881,CC Coteaux et Vallées des Luys,72,Aquitaine,Pomarez,40228
201400003053,2014-06-20T05:15:00+00:00,Chire-en-montreuil,2014,06,20,07:15,Plein jour,En agglomération,1,Normale,Deux véhicules - frontale,86,074,86074,R.D62,,,86190,62,"{'lon': 0.125965, 'lat': 46.638663}",23,,,Bidirectionnelle,,00,62,0.0,,0.0,2.0,Route Départementale,500.0,Partie rectiligne,Bas de côte,Carrefour aménagé,Sur chaussée,"['1961', '1964']","['Masculin', 'Masculin']","['Se déplaçant', 'Se déplaçant']","['Blessé', 'Indemne']","['Casque', 'Ceinture']","['Oui', 'Non déterminable']",,"B02,A01","['1', '1']","['Conducteur', 'Conducteur']",,"['Domicile – travail', 'Promenade – loisirs']","['Avant', 'Avant droit']","['Sans changement de direction', 'Tournant A gauche']",,"['Véhicule', 'Véhicule']",,"['Motocyclette > 125 cm3', 'VL seul']",,Métropole,,2015,Chiré-en-Montreuil,86,Vienne,248600561,CC du Pays Vouglaisien,54,Poitou-Charentes,Chiré-en-Montreuil,86074
201400005352,2014-02-05T15:15:00+00:00,Les Contamines-montjoie,2014,02,05,16:15,Plein jour,Hors agglomération,1,Neige - grêle,Deux véhicules – par le coté,74,085,74085,,,,74170,,"{'lon': 6.728663, 'lat': 45.821631}",93,enneigée,,Bidirectionnelle,,00,902,76.0,,0.0,2.0,Route Départementale,100.0,En « S »,Pente,,Sur chaussée,"['1954', '1989', '1989']","['Masculin', 'Masculin', 'Masculin']","['Se déplaçant', 'Se déplaçant', 'Se déplaçant']","['Blessé', 'Indemne', 'Indemne']","['Ceinture', 'Ceinture', 'Ceinture']","['Oui', 'Oui', 'Oui']",,"A01,B02","['1', '1', '2']","['Conducteur', 'Conducteur', 'Passager']",,"['Courses – achats', 'Promenade – loisirs']","['Avant gauche', 'Côté gauche']","['Sans changement de direction', 'Sans changement de direction']",,"['Véhicule', 'Véhicule']",,"['VL seul', 'VL seul']",,Métropole,,2015,Les Contamines-Montjoie,74,Haute-Savoie,200034882,CC Pays du Mont-Blanc,82,Rhône-Alpes,Les Contamines-Montjoie,74085
201400010479,2014-11-18T21:00:00+00:00,Cannes,2014,11,18,22:00,Nuit avec éclairage public allumé,En agglomération,1,Normale,Sans collision,06,029,06029,"2, CLEMENCEAU (RUE GEORG",,,06150,2,,,normale,,Bidirectionnelle,,99,0,60.0,,0.0,2.0,Voie Communale,,Partie rectiligne,Bas de côte,,Sur chaussée,['1977'],['Masculin'],['Se déplaçant'],['Blessé'],['Casque'],['Oui'],,A01,['1'],['Conducteur'],,['Domicile – travail'],['Avant'],['Sans changement de direction'],,,['Autre obstacle fixe sur trottoir ou accotement'],['Motocyclette > 125 cm3'],,,,2015,Cannes,06,Alpes-Maritimes,200039915,CA des Pays de Lérins,93,Provence-Alpes-Côte d'Azur,Cannes,06029
201400006520,2014-11-10T20:45:00+00:00,Hundsbach,2014,11,10,21:45,Nuit sans éclairage public,Hors agglomération,1,Normale,Autre collision,68,148,68148,,4761125,0734788,68130,,"{'lon': 7.332828, 'lat': 47.60261}",28,mouillée,,Bidirectionnelle,,99,419,71.0,,0.0,2.0,Route Départementale,600.0,En courbe à droite,Plat,,Sur accotement,['1996'],['Féminin'],['Se déplaçant'],['Tué'],['Ceinture'],['Oui'],,A01,['1'],['Conducteur'],,['Promenade – loisirs'],['Avant'],['Sans changement de direction'],,,['Arbre'],['VL seul'],,Métropole,,2015,Hundsbach,68,Haut-Rhin,246800361,CC de la Vallée de Hundsbach,42,Alsace,Hundsbach,68148
201400006903,2014-04-19T16:00:00+00:00,Is-sur-tille,2014,04,19,18:00,Plein jour,En agglomération,1,Normale,Autre collision,21,317,21317,Rue Fran?ois Miterrand,,,21120,,"{'lon': 5.113574, 'lat': 47.528394}",41,normale,,Bidirectionnelle,,99,959,60.0,,0.0,2.0,Route Départementale,750.0,Partie rectiligne,Plat,,Sur chaussée,['1969'],['Féminin'],['Se déplaçant'],['Tué'],['Ceinture'],['Non'],,A01,['1'],['Conducteur'],,,['Avant droit'],['Sans changement de direction'],,,['Arbre'],['VL seul'],,Métropole,2014-03-01,2015,Is-sur-Tille,21,Côte-d'Or,242100154,CC des Vallées de la Tille et de l'Ignon,26,Bourgogne,Is-sur-Tille,21317
201400006914,2014-01-24T16:45:00+00:00,Mavilly-mandelot,2014,01,24,17:45,Plein jour,Hors agglomération,1,Normale,Trois véhicules et plus - collisions multiples,21,397,21397,,4707000,0476400,21190,,"{'lon': 4.737544, 'lat': 47.048779}",52,normale,,Bidirectionnelle,,99,970,70.0,,0.0,0.0,Route Départementale,400.0,Partie rectiligne,Sommet de côte,,,"['1983', '1963', '1969']","['Masculin', 'Masculin', 'Masculin']","['Se déplaçant', 'Se déplaçant', 'Se déplaçant']","['Indemne', 'Blessé', 'Indemne']","['Ceinture', 'Ceinture', 'Ceinture']","['Oui', 'Oui', 'Oui']",,"C03,B02,A01","['1', '1', '1']","['Conducteur', 'Conducteur', 'Conducteur']",,['Domicile – travail'],"['Avant', 'Avant', 'Avant gauche']","['Dépassant A gauche', 'Sans changement de direction', 'Sans changement de direction']",,"['Véhicule', 'Véhicule', 'Véhicule']",,"['VL seul', 'VL seul', 'VL seul']",,Métropole,,2015,Mavilly-Mandelot,21,Côte-d'Or,200006682,"CA Beaune,Côte et Sud - Communauté Beaune-Chagny-Nolay",26,Bourgogne,Mavilly-Mandelot,21397
201400007792,2014-07-26T18:00:00+00:00,Saint-chamas,2014,07,26,20:00,Plein jour,En agglomération,1,Normale,Sans collision,13,092,13092,RD.10 le Pont Flavien,4354175,0504289,13250,10,"{'lon': 5.046477, 'lat': 43.542012}",0,normale,,Bidirectionnelle,,99,10,74.0,,0.0,2.0,Route Départementale,0.0,Partie rectiligne,Plat,Pont - autopont,Sur chaussée,['1972'],['Masculin'],['Se déplaçant'],['Blessé'],['Casque'],['Oui'],,A01,['1'],['Conducteur'],,['Promenade – loisirs'],['Côté gauche'],['Sans changement de direction'],,,['Bordure de trottoir'],['Motocyclette > 125 cm3'],,Métropole,,2015,Saint-Chamas,13,Bouches-du-Rhône,241300201,CA Salon Etang de Berre Durance (Agglopole Provence),93,Provence-Alpes-Côte d'Azur,Saint-Chamas,13092
201600037066,2016-03-21T13:15:00+00:00,Sainte-genevieve-des-bois,2016,03,21,14:15,Plein jour,En agglomération,2,Normale,Deux véhicules – par le coté,91,549,91549,CONCORDE (RUE DE LA),4864835,0233073,91700,,"{'lon': 2.327334, 'lat': 48.649266}",0,normale,,Bidirectionnelle,,99,0,0.0,,0.0,2.0,Voie Communale,0.0,Partie rectiligne,Plat,,Sur chaussée,"['1972', '1956']","['Masculin', 'Féminin']","['Se déplaçant', 'Se déplaçant']","['Blessé', 'Indemne']","['Ceinture', 'Ceinture']","['Oui', 'Oui']",,"B01,A01","['1', '1']","['Conducteur', 'Conducteur']",,"['Domicile – travail', 'Promenade – loisirs']","['Côté gauche', 'Avant']","['Sans changement de direction', 'Traversant la chaussée']","PK ou PR ou numéro d’adresse postale croissant,PK ou PR ou numéro d’adresse postale décroissant","['Véhicule', 'Véhicule']",['Mobilier urbain'],"['VL seul', 'VL seul']",,Métropole,,2016,Sainte-Geneviève-des-Bois,91,Essonne,200057859,CA Coeur d'Essonne Agglomération,11,Île-de-France,Sainte-Geneviève-des-Bois,91549
201600042656,2016-11-10T06:15:00+00:00,Creteil,2016,11,10,07:15,Crépuscule ou aube,En agglomération,1,Normale,Deux véhicules – par l’arrière,94,028,94028,"0, COMPAGNONS DE LA LIBE",,,94000,0,"{'lon': 2.454459, 'lat': 48.777588}",,,,,,00,0,60.0,,0.0,2.0,Voie Communale,,,,,,"['1984', '1964']","['Masculin', 'Masculin']","['Se déplaçant', 'Se déplaçant']","['Indemne', 'Blessé']","['Ceinture', 'Casque']","['Oui', 'Oui']",,"A01,B01","['1', '1']","['Conducteur', 'Conducteur']",,,"['Avant', 'Arrière']","['Même sens', 'Même sens']",,"['Véhicule', 'Véhicule']",,"['VL seul', 'Motocyclette > 50 cm3 et <= 125 cm3']",,,,2016,Créteil,94,Val-de-Marne,200054781,Métropole du Grand Paris,11,Île-de-France,Créteil,94028