num_acc,datetime,nom_com,an,mois,jour,hrmn,lum,agg,int,atm,col,dep,com,insee,adr,lat,long,code_postal,num,coordonnees,pr,surf,v1,circ,vosp,env1,voie,larrout,v2,lartpc,nbv,catr,pr1,plan,prof,infra,situ,an_nais,sexe,actp,grav,secu,secu_utl,locp,num_veh,place,catu,etatp,trajet,choc,manv,senc,obsm,obs,catv,occutc,gps,date,year_georef,com_name,dep_code,dep_name,epci_code,epci_name,reg_code,reg_name,com_arm_name,com_code
201600011524,2016-01-18T22:00:00+00:00,Angervilliers,2016,01,18,23:00,Nuit sans éclairage public,Hors agglomération,1,Normale,Deux véhicules – par l’arrière,91,017,91017,A10,4859900,0205788,91470,10,"{'lon': 2.064327, 'lat': 48.592627}",13,normale,,A chaussées séparées,,00,10,130.0,,24.0,4.0,Autoroute,400.0,Partie rectiligne,Plat,,Sur chaussée,"['1969', '1988']","['Masculin', 'Masculin']","['Se déplaçant', 'Se déplaçant']","['Blessé', 'Indemne']","['Ceinture', 'Ceinture']","['Oui', 'Oui']",,"A01,B02","['1', '1']","['Conducteur', 'Conducteur']",,"['Utilisation professionnelle', 'Utilisation professionnelle']","['Arrière droit', 'Avant']","['En marche arrière', 'Même sens']","PK ou PR ou numéro d’adresse postale croissant,PK ou PR ou numéro d’adresse postale croissant","['Véhicule', 'Véhicule']",,"['PL > 3', 'PL > 3']",,Métropole,,2016,Angervilliers,91,Essonne,249100074,CC du Pays de Limours (Ccpl),11,Île-de-France,Angervilliers,91017
201600009659,2016-04-01T03:30:00+00:00,Fontenay-en-parisis,2016,04,01,05:30,Nuit sans éclairage public,Hors agglomération,1,Normale,Deux véhicules - frontale,95,241,95241,RD 10,4904480,0243810,95190,10,"{'lon': 2.450054, 'lat': 49.051912}",8,mouillée,,Avec voies d’affectation variable,,99,10,,,,3.0,Route Départementale,600.0,Partie rectiligne,Plat,Carrefour aménagé,Sur chaussée,"['1986', '1961']","['Masculin', 'Masculin']","['Se déplaçant', 'Se déplaçant']","['Blessé', 'Blessé']","['Ceinture', 'Ceinture']","['Oui', 'Oui']",,"B02,A01","['1', '1']","['Conducteur', 'Conducteur']",,"['Utilisation professionnelle', 'Promenade – loisirs']","['Avant', 'Avant droit']","['Sans changement de direction', 'Tournant A gauche']","PK ou PR ou numéro d’adresse postale décroissant,PK ou PR ou numéro d’adresse postale croissant","['Véhicule', 'Véhicule']",,"['VU seul 1', 'VU seul 1']",,Métropole,,2016,Fontenay-en-Parisis,95,Val-d'Oise,200055655,CA Roissy Pays de France,11,Île-de-France,Fontenay-en-Parisis,95241
201600009862,2016-11-17T02:30:00+00:00,Saint-martin-sur-ocre,2016,11,17,03:30,Nuit sans éclairage public,Hors agglomération,1,Pluie légère,Autre collision,45,291,45291,,4767583,0264193,45500,,"{'lon': 2.657603, 'lat': 47.659085}",25,mouillée,,Bidirectionnelle,,99,951,61.0,,0.0,2.0,Route Départementale,35.0,Partie rectiligne,Plat,,Sur accotement,['1979'],['Masculin'],['Se déplaçant'],['Tué'],['Ceinture'],['Oui'],,A01,['1'],['Conducteur'],,['Promenade – loisirs'],['Avant droit'],['Déporté A gauche'],PK ou PR ou numéro d’adresse postale croissant,,['Fossé'],['VL seul'],,Métropole,,2016,Saint-Martin-sur-Ocre,45,Loiret,244500211,CC Giennoises,24,Centre-Val de Loire,Saint-Martin-sur-Ocre,45291
201600052522,2016-11-14T09:19:00+00:00,Paris-8e-arrondissement,2016,11,14,10:19,Plein jour,En agglomération,2,Normale,Deux véhicules – par le coté,75,108,75108,"51, BOULEVARD DES BATIGN",4888170,0231881,75008,51,"{'lon': 2.318671, 'lat': 48.881537}",,normale,,A sens unique,,03,,40.0,,0.0,2.0,Voie Communale,,Partie rectiligne,Plat,,Sur chaussée,"['1972', '1971']","['Masculin', 'Masculin']","['Se déplaçant', 'Se déplaçant']","['Indemne', 'Blessé']","['Ceinture', 'Casque']","['Oui', 'Oui']",,"B01,A01","['1', '1']","['Conducteur', 'Conducteur']",,"['Utilisation professionnelle', 'Domicile – travail']","['Avant', 'Côté droit']","['Sans changement de direction', 'Sans changement de direction']","PK ou PR ou numéro d’adresse postale croissant,PK ou PR ou numéro d’adresse postale croissant","['Véhicule', 'Véhicule']",,"['Scooter > 50 cm3 et <= 125 cm3', 'VL seul']",,Métropole,,2016,Paris,75,Paris,200054781,Métropole du Grand Paris,11,Île-de-France,Paris 8e Arrondissement,75108
201600058478,2016-05-24T09:30:00+00:00,Le Lamentin,2016,05,24,11:30,Plein jour,Hors agglomération,1,Normale,Deux véhicules – par le coté,97,213,97213,AUTOROUTE A1,,,97232,1,"{'lon': -60.997593, 'lat': 14.619518}",3,normale,,A chaussées séparées,,99,1,0.0,,0.0,6.0,Autoroute,900.0,Partie rectiligne,Pente,,Sur chaussée,"['1989', '1982']","['Masculin', 'Masculin']","['Se déplaçant', 'Se déplaçant']","['Indemne', 'Blessé']","['Ceinture', 'Casque']","['Oui', 'Oui']",,"A01,B01","['1', '1']","['Conducteur', 'Conducteur']",,,"['Côté droit', 'Côté gauche']","['Changeant de file A droite', 'Changeant de file A gauche']","PK ou PR ou numéro d’adresse postale croissant,PK ou PR ou numéro d’adresse postale croissant","['Véhicule', 'Véhicule']",,"['VL seul', 'Cyclomoteur <50cm3']",,,,2016,Le Lamentin,972,Martinique,249720061,CA du Centre de la Martinique,02,Martinique,Le Lamentin,97213
201400000504,2014-11-24T14:45:00+00:00,Senlis,2014,11,24,15:45,Plein jour,En agglomération,1,Pluie légère,Deux véhicules - frontale,60,612,60612,chauss?e brunehaut,,,60300,,"{'lon': 2.598011, 'lat': 49.207243}",0,mouillée,,,,99,1,0.0,,0.0,2.0,Route Départementale,0.0,,Plat,,Sur chaussée,"['1995', '1934']","['Masculin', 'Masculin']","['Se déplaçant', 'Se déplaçant']","['Indemne', 'Blessé']","['Ceinture', 'Casque']","['Oui', 'Non']",,"A01,B02","['1', '1']","['Conducteur', 'Conducteur']",,"['Courses – achats', 'Courses – achats']","['Avant droit', 'Arrière']","['Sans changement de direction', 'Tournant A gauche']",,"['Autre', 'Véhicule']",,"['VL seul', 'Bicyclette']",,Métropole,,2015,Senlis,60,Oise,200023703,CC des Trois Forêts,22,Picardie,Senlis,60612
201400001935,2014-02-19T08:15:00+00:00,Le Puiset-dore,2014,02,19,09:15,Plein jour,Hors agglomération,1,Normale,Sans collision,49,252,49252,,4722101,-116790,,,"{'lon': -1.178277, 'lat': 47.220334}",0,normale,,Bidirectionnelle,,00,221,60.0,,0.0,2.0,Route Départementale,0.0,Partie rectiligne,,,Sur chaussée,['1987'],['Féminin'],['Se déplaçant'],['Blessé'],['Ceinture'],['Oui'],,A01,['1'],['Conducteur'],,['Domicile – travail'],['Avant'],['Déporté A gauche'],,,['Fossé'],['VL seul'],,Métropole,,2015,Le Puiset-Doré,49,Maine-et-Loire,244900643,CC Montrevault Communauté,52,Pays de la Loire,Le Puiset-Doré,49252
201400002618,2014-12-03T13:30:00+00:00,Saint-pancrace,2014,12,03,14:30,Plein jour,Hors agglomération,1,Normale,Sans collision,24,474,24474,CHARTEAU,4540290,0065659,24530,,"{'lon': 0.654973, 'lat': 45.406022}",39,,,,,00,675,70.0,,0.0,2.0,Route Départementale,328.0,En courbe à droite,Plat,,Sur accotement,['1979'],['Masculin'],['Se déplaçant'],['Blessé'],['Ceinture'],['Non déterminable'],,A01,['1'],['Conducteur'],,['Autre'],['Avant'],['Déporté A gauche'],,,['Fossé'],['VL seul'],,Métropole,,2015,Saint-Pancrace,24,Dordogne,200041572,CC Dronne et Belle,72,Aquitaine,Saint-Pancrace,24474
201400021859,2014-06-21T15:50:00+00:00,Chartres,2014,06,21,17:50,Plein jour,En agglomération,1,Normale,Deux véhicules – par le coté,28,085,28085,"36, ALLONNES (RUE D')",4843390,0150775,28000,36,"{'lon': 1.50606, 'lat': 48.435694}",48,normale,,Bidirectionnelle,,99,7154,0.0,s,0.0,2.0,Route Départementale,300.0,Partie rectiligne,Plat,,Sur chaussée,"['1958', '1961']","['Féminin', 'Masculin']","['Se déplaçant', 'Se déplaçant']","['Indemne', 'Blessé']","['Ceinture', 'Casque']","['Oui', 'Oui']",,"B01,A01","['1', '1']","['Conducteur', 'Conducteur']",,"['Courses – achats', 'Promenade – loisirs']","['Avant', 'Côté gauche']","['Dépassant A gauche', 'Tournant A gauche']",,"['Véhicule', 'Véhicule']",,"['Motocyclette > 125 cm3', 'VL seul']",,Métropole,,2015,Chartres,28,Eure-et-Loir,200033181,CA Chartres Métropole,24,Centre,Chartres,28085
201400022271,2014-12-04T06:35:00+00:00,Brest,2014,12,04,07:35,Nuit avec éclairage public allumé,En agglomération,2,Pluie légère,Autre collision,29,019,29019,"., LANGEVIN PROFESSEUR",4840272,-449838,29200,,"{'lon': -4.498501, 'lat': 48.402654}",,mouillée,,A chaussées séparées,,00,0,0.0,,0.0,2.0,Voie Communale,,Partie rectiligne,Plat,,Sur chaussée,"['1961', '1959']","['Masculin', 'Féminin']","['Se déplaçant', 'Traversant']","['Indemne', 'Blessé']","['Ceinture', 'Autre']","['Oui', 'Non déterminable']",['Sur passage piéton - Sans signalisation lumineuse'],A01,['1'],"['Conducteur', 'Piéton']",['Seul'],"['Utilisation professionnelle', 'Domicile – travail']",['Avant gauche'],['Tournant A gauche'],,['Piéton'],,['VL seul'],,Métropole,,2015,Brest,29,Finistère,242900314,Brest Métropole,53,Bretagne,Brest,29019
201600056102,2016-12-26T11:40:00+00:00,Paris-18e-arrondissement,2016,12,26,12:40,Plein jour,En agglomération,2,Pluie légère,Deux véhicules – par le coté,75,118,75118,"30, RUE CAULAINCOURT",4888790,0233365,75018,30,"{'lon': 2.333756, 'lat': 48.887773}",,mouillée,,Bidirectionnelle,,00,,0.0,,0.0,2.0,Voie Communale,,Partie rectiligne,Pente,,Sur chaussée,"['1992', '1984']","['Masculin', 'Féminin']","['Se déplaçant', 'Se déplaçant']","['Blessé', 'Indemne']","['Casque', 'Ceinture']","['Oui', 'Oui']",,"A01,B01","['1', '1']","['Conducteur', 'Conducteur']",,"['Utilisation professionnelle', 'Domicile – travail']","['Avant droit', 'Avant']","['En faisant demi-tour sur la chaussée', 'Sans changement de direction']","PK ou PR ou numéro d’adresse postale croissant,PK ou PR ou numéro d’adresse postale décroissant","['Véhicule', 'Véhicule']",,"['VL seul', 'Scooter < 50 cm3']",,Métropole,,2016,Paris,75,Paris,200054781,Métropole du Grand Paris,11,Île-de-France,Paris 18e Arrondissement,75118
201600057110,2016-02-23T22:00:00+00:00,Paris-19e-arrondissement,2016,02,23,23:00,Nuit avec éclairage public allumé,En agglomération,1,Normale,Trois véhicules et plus – en chaîne,75,119,75119,PORTE DU PRE SAINT GERVA,4888170,0240198,75019,,"{'lon': 2.401736, 'lat': 48.879335}",27,normale,,A sens unique,,00,0,140.0,,15.0,4.0,Voie Communale,600.0,Partie rectiligne,Plat,,Sur chaussée,"['1982', '1977', '1966']","['Masculin', 'Masculin', 'Masculin']","['Se déplaçant', 'Se déplaçant', 'Se déplaçant']","['Indemne', 'Blessé', 'Indemne']","['Ceinture', 'Casque', 'Ceinture']","['Oui', 'Oui', 'Oui']",,"B01,C01,A01","['1', '1', '1']","['Conducteur', 'Conducteur', 'Conducteur']",,"['Promenade – loisirs', 'Autre', 'Promenade – loisirs']","['Arrière droit', 'Avant gauche', 'Avant']","['Même sens', 'Sans changement de direction', 'Même sens']","PK ou PR ou numéro d’adresse postale croissant,PK ou PR ou numéro d’adresse postale croissant,PK ou PR ou numéro d’adresse postale croissant","['Véhicule', 'Véhicule', 'Véhicule']",,"['VL seul', 'VL seul', 'Scooter > 125 cm3']",,Métropole,,2016,Paris,75,Paris,200054781,Métropole du Grand Paris,11,Île-de-France,Paris 19e Arrondissement,75119
201600057575,2016-08-21T15:00:00+00:00,Le Robert,2016,08,21,17:00,Plein jour,En agglomération,1,Normale,Deux véhicules – par le coté,97,222,97222,chère épice,,,97231,,"{'lon': -60.967858, 'lat': 14.698185}",15,normale,,Bidirectionnelle,,00,2,0.0,,0.0,0.0,Route Départementale,200.0,En courbe à droite,Pente,,Sur chaussée,"['1954', '2001']","['Masculin', 'Masculin']","['Se déplaçant', 'Se déplaçant']","['Indemne', 'Blessé']","['Ceinture', 'Casque']","['Oui', 'Non']",,"A01,B02","['1', '1']","['Conducteur', 'Conducteur']",,"['Promenade – loisirs', 'Promenade – loisirs']","['Avant gauche', 'Côté gauche']","['Sans changement de direction', 'Déporté A gauche']","PK ou PR ou numéro d’adresse postale décroissant,PK ou PR ou numéro d’adresse postale croissant","['Véhicule', 'Véhicule']",,"['VL seul', 'Bicyclette']",,Antilles (Martinique ou Guadeloupe),,2016,Le Robert,972,Martinique,200041788,CA du Pays Nord Martinique,02,Martinique,Le Robert,97222
201600057587,2016-02-13T07:00:00+00:00,Baillif,2016,02,13,08:00,Plein jour,En agglomération,1,Normale,Autre collision,97,104,97104,AVENUE DU PERE LABAT,,,97123,,"{'lon': -61.746689, 'lat': 16.018414}",,normale,2,Bidirectionnelle,,99,1,80.0,,0.0,2.0,Route Nationale,,Partie rectiligne,,,Sur chaussée,"['1963', '1931']","['Masculin', 'Masculin']","['Se déplaçant', 'Traversant']","['Indemne', 'Tué']",['Ceinture'],['Oui'],['Sur chaussée - A – 50 m du passage piéton'],A01,['1'],"['Conducteur', 'Piéton']",['Seul'],"['Courses – achats', 'Courses – achats']",['Avant'],['Sans changement de direction'],PK ou PR ou numéro d’adresse postale décroissant,['Piéton'],,['VL seul'],,Antilles (Martinique ou Guadeloupe),,2016,Baillif,971,Guadeloupe,249710070,CA Grand Sud Caraïbe,01,Guadeloupe,Baillif,97104
201600050185,2016-02-28T00:00:00+00:00,Genas,2016,02,28,01:00,Nuit sans éclairage public,Hors agglomération,1,Normale,Trois véhicules et plus – en chaîne,69,277,69277,RN346   36.215 A 38.000,,,69740,346,"{'lon': 5.005466, 'lat': 45.72152}",37,normale,,A chaussées séparées,,99,346,35.0,,25.0,2.0,Route Nationale,500.0,Partie rectiligne,Plat,,Sur chaussée,"['1986', '1996', '1986']","['Masculin', 'Masculin', 'Masculin']","['Se déplaçant', 'Se déplaçant', 'Se déplaçant']","['Indemne', 'Blessé', 'Indemne']","['Ceinture', 'Ceinture', 'Ceinture']","['Oui', 'Oui', 'Oui']",,"C01,A01,B01","['1', '1', '1']","['Conducteur', 'Conducteur', 'Conducteur']",,"['Promenade – loisirs', 'Promenade – loisirs', 'Promenade – loisirs']","['Avant', 'Avant', 'Arrière gauche']","['Même sens', 'Même sens', 'Même sens']","PK ou PR ou numéro d’adresse postale décroissant,PK ou PR ou numéro d’adresse postale décroissant,PK ou PR ou numéro d’adresse postale décroissant","['Véhicule', 'Véhicule', 'Véhicule']",['Autre obstacle fixe sur chaussée'],"['VL seul', 'VL seul', 'VL seul']",,,,2016,Genas,69,Rhône,246900575,CC de l'Est Lyonnais (Ccel),84,Auvergne-Rhône-Alpes,Genas,69277
201600045973,2016-07-07T10:40:00+00:00,Montreuil,2016,07,07,12:40,Plein jour,Hors agglomération,1,Normale,Trois véhicules et plus - collisions multiples,93,048,93048,AUTOROUTE A3,4887188,0243308,93100,3,,1,normale,,,,99,3,140.0,,15.0,4.0,Autoroute,800.0,Partie rectiligne,Plat,Souterrain - tunnel,Sur chaussée,"['1984', '1970', '1985']","['Masculin', 'Masculin', 'Masculin']","['Se déplaçant', 'Se déplaçant', 'Se déplaçant']","['Blessé', 'Indemne', 'Indemne']","['Casque', 'Ceinture', 'Ceinture']","['Oui', 'Oui', 'Oui']",,"A01,C01,B01","['1', '1', '1']","['Conducteur', 'Conducteur', 'Conducteur']",,['Autre'],,,"PK ou PR ou numéro d’adresse postale décroissant,PK ou PR ou numéro d’adresse postale décroissant,PK ou PR ou numéro d’adresse postale décroissant","['Véhicule', 'Véhicule', 'Véhicule']",,"['Scooter > 125 cm3', 'VL seul', 'VL seul']",,Métropole,,2016,Montreuil,93,Seine-Saint-Denis,200054781,Métropole du Grand Paris,11,Île-de-France,Montreuil,93048
201600047609,2016-06-18T11:50:00+00:00,Tigery,2016,06,18,13:50,Plein jour,Hors agglomération,1,Normale,Deux véhicules – par le coté,91,617,91617,RN 104,4863162,0249883,91250,104,,31,normale,,A chaussées séparées,,99,104,140.0,,15.0,4.0,Route Nationale,200.0,Partie rectiligne,Plat,,Sur chaussée,"['1960', '1983', '1990']","['Masculin', 'Masculin', 'Masculin']","['Se déplaçant', 'Se déplaçant', 'Se déplaçant']","['Blessé', 'Indemne', 'Blessé']","['Ceinture', 'Ceinture', 'Ceinture']","['Oui', 'Oui', 'Oui']",,"B01,A01","['2', '1', '1']","['Passager', 'Conducteur', 'Conducteur']",,,"['Côté gauche', 'Avant']","['Traversant la chaussée', 'Sans changement de direction']","PK ou PR ou numéro d’adresse postale croissant,PK ou PR ou numéro d’adresse postale croissant","['Véhicule', 'Véhicule']",,"['VL seul', 'PL seul > 7']",,Métropole,,2016,Tigery,91,Essonne,200059228,CA Grand Paris Sud Seine Essonne Sénart,11,Île-de-France,Tigery,91617
201600044892,2016-07-04T11:45:00+00:00,Servon,2016,07,04,13:45,Plein jour,Hors agglomération,1,Normale,Autre collision,77,450,77450,RN104,,,77170,104,"{'lon': 2.586795, 'lat': 48.716119}",13,,,A chaussées séparées,,00,104,0.0,,0.0,2.0,Route Nationale,900.0,,,,Sur accotement,['1966'],['Masculin'],['Se déplaçant'],['Blessé'],['Ceinture'],['Oui'],,A01,['1'],['Conducteur'],,,,,PK ou PR ou numéro d’adresse postale croissant,,,['VU seul 1'],,,,2016,Servon,77,Seine-et-Marne,247700644,CC l'Orée de la Brie,11,Île-de-France,Servon,77450
201600050984,2016-11-10T08:48:00+00:00,,2016,11,10,09:48,Plein jour,Hors agglomération,1,Normale,Trois véhicules et plus – en chaîne,13,055,13055,A7-Sens Lyon vers Marsei,,,,7,"{'lon': 3.298409, 'lat': 48.17964}",280,normale,,A sens unique,,00,7,100.0,,0.0,3.0,Autoroute,0.0,Partie rectiligne,Plat,,Sur chaussée,"['1980', '1965', '1975']","['Féminin', 'Masculin', 'Masculin']","['Se déplaçant', 'Se déplaçant', 'Se déplaçant']","['Indemne', 'Blessé', 'Blessé']","['Ceinture', 'Ceinture', 'Ceinture']","['Oui', 'Oui', 'Oui']",,"B01,A01,C01","['1', '1', '1']","['Conducteur', 'Conducteur', 'Conducteur']",,"['Promenade – loisirs', 'Domicile – travail', 'Utilisation professionnelle']","['Arrière', 'Arrière', 'Avant']","['Même sens', 'Même sens', 'Même sens']","PK ou PR ou numéro d’adresse postale croissant,PK ou PR ou numéro d’adresse postale croissant,PK ou PR ou numéro d’adresse postale croissant","['Véhicule', 'Véhicule', 'Véhicule']",,"['VU seul 1', 'VL seul', 'VL seul']",,Métropole,,2016,Marseille,13,Bouches-du-Rhône,200054807,Métropole d'Aix-Marseille-Provence,93,Provence-Alpes-Côte d'Azur,,13055
201600051828,2016-02-08T17:35:00+00:00,Paris-6e-arrondissement,2016,02,08,18:35,Nuit avec éclairage public allumé,En agglomération,1,Normale,Deux véhicules – par le coté,75,106,75106,"95, RUE DE RENNES",4884950,0232921,75006,95,"{'lon': 2.329364, 'lat': 48.84946}",,mouillée,,Bidirectionnelle,,00,,60.0,,0.0,2.0,Voie Communale,,Partie rectiligne,Plat,,Sur chaussée,"['1958', '1965']","['Masculin', 'Féminin']","['Se déplaçant', 'Se déplaçant']","['Indemne', 'Blessé']","['Ceinture', 'Casque']","['Oui', 'Oui']",,"B01,A01","['1', '1']","['Conducteur', 'Conducteur']",,,"['Avant', 'Arrière gauche']","['Sans changement de direction', 'En faisant demi-tour sur la chaussée']","PK ou PR ou numéro d’adresse postale décroissant,PK ou PR ou numéro d’adresse postale décroissant","['Véhicule', 'Véhicule']",,"['Motocyclette > 50 cm3 et <= 125 cm3', 'VL seul']",,Métropole,,2016,Paris,75,Paris,200054781,Métropole du Grand Paris,11,Île-de-France,Paris 6e Arrondissement,75106
201600045082,2016-10-10T17:15:00+00:00,Croissy-beaubourg,2016,10,10,19:15,Nuit avec éclairage public non allumé,Hors agglomération,1,Normale,Deux véhicules – par l’arrière,77,146,77146,A4.Y PARIS-PROVINCE,,,77183,4,"{'lon': 2.659484, 'lat': 48.828363}",20,normale,,A chaussées séparées,,99,4,140.0,,20.0,4.0,Autoroute,300.0,Partie rectiligne,Plat,,Sur chaussée,"['1962', '1993']","['Masculin', 'Masculin']","['Se déplaçant', 'Se déplaçant']","['Blessé', 'Indemne']","['Ceinture', 'Ceinture']","['Oui', 'Oui']",,"A01,B01","['1', '1']","['Conducteur', 'Conducteur']",,"['Domicile – travail', 'Utilisation professionnelle']","['Avant gauche', 'Avant droit']","['Sans changement de direction', 'Sans changement de direction']","PK ou PR ou numéro d’adresse postale croissant,PK ou PR ou numéro d’adresse postale croissant","['Véhicule', 'Véhicule']",,"['VL seul', 'PL > 3']",,,,2016,Croissy-Beaubourg,77,Seine-et-Marne,200057958,CA Paris - Vallée de la Marne,11,Île-de-France,Croissy-Beaubourg,77146
201600045146,2016-11-08T13:15:00+00:00,Creteil,2016,11,08,14:15,Plein jour,Hors agglomération,1,Normale,Trois véhicules et plus - collisions multiples,94,028,94028,A86 EXT,4877830,0244083,94000,86,"{'lon': 2.452945, 'lat': 48.777641}",28,mouillée,,A chaussées séparées,,99,86,0.0,,0.0,2.0,Autoroute,200.0,En courbe à gauche,Plat,,Sur chaussée,"['1951', '1987', '1956', '1984']","['Masculin', 'Féminin', 'Masculin', 'Masculin']","['Se déplaçant', 'Se déplaçant', 'Se déplaçant', 'Se déplaçant']","['Blessé', 'Indemne', 'Blessé', 'Indemne']","['Ceinture', 'Ceinture', 'Ceinture', 'Ceinture']","['Non', 'Oui', 'Oui', 'Oui']",,"A01,C01,B01","['2', '1', '1', '1']","['Passager', 'Conducteur', 'Conducteur', 'Conducteur']",,"['Utilisation professionnelle', 'Promenade – loisirs', 'Utilisation professionnelle', 'Utilisation professionnelle']","['Arrière', 'Arrière', 'Avant']","['Sans changement de direction', 'Sans changement de direction', 'Même sens']","PK ou PR ou numéro d’adresse postale décroissant,PK ou PR ou numéro d’adresse postale décroissant,PK ou PR ou numéro d’adresse postale décroissant","['Véhicule', 'Véhicule', 'Véhicule']",,"['VL seul', 'VL seul', 'VU seul 1']",,Métropole,,2016,Créteil,94,Val-de-Marne,200054781,Métropole du Grand Paris,11,Île-de-France,Créteil,94028
201700018195,2017-11-11T21:45:00+00:00,Breze,2017,11,11,22:45,Nuit sans éclairage public,En agglomération,1,Pluie légère,Sans collision,49,046,49046,rue de l'amiral maillé b,4718072,-005946,49260,,"{'lon': -0.060696, 'lat': 47.176299}",9,mouillée,,Bidirectionnelle,,03,93,0.0,,0.0,2.0,Route Départementale,640.0,Partie rectiligne,Plat,,Sur trottoir,['1996'],['Masculin'],['Se déplaçant'],['Blessé'],['Casque'],['Non déterminable'],,A01,['1'],['Conducteur'],,['Promenade – loisirs'],,['Sans changement de direction'],,,['Ilot'],['Cyclomoteur <50cm3'],,Métropole,,2017,Brézé,49,Maine-et-Loire,200071876,CA Saumur Val de Loire,52,Pays de la Loire,Brézé,49046
201700018256,2017-06-29T14:15:00+00:00,Saint-mihiel,2017,06,29,16:15,Plein jour,En agglomération,1,Normale,Autre collision,55,463,55463,7 rue des écoles,4889110,0554020,55300,7,"{'lon': 5.540309, 'lat': 48.891032}",,normale,,A sens unique,,03,0,0.0,,0.0,1.0,Voie Communale,,Partie rectiligne,Plat,,Sur chaussée,"['2007', '1966']","['Féminin', 'Féminin']","['Traversant', 'Se déplaçant']","['Blessé', 'Indemne']","['Autre', 'Ceinture']","['Non', 'Non déterminable']",['Sur chaussée - A – 50 m du passage piéton'],A01,['1'],"['Piéton', 'Conducteur']",['Seul'],,['Avant'],['Sans changement de direction'],,['Piéton'],,['VL seul'],,Métropole,,2017,Saint-Mihiel,55,Meuse,245500327,CC du Sammiellois,44,Grand Est,Saint-Mihiel,55463
201700018912,2017-09-02T08:15:00+00:00,Bessede-de-sault,2017,09,02,10:15,Plein jour,Hors agglomération,1,Normale,Sans collision,11,038,11038,CHEMIN COMMUNAL,4277117,0216350,11140,,"{'lon': 2.124657, 'lat': 42.787944}",,normale,,Bidirectionnelle,,99,,29.0,,0.0,2.0,Voie Communale,,Partie rectiligne,Pente,,Sur chaussée,['1932'],['Masculin'],['Se déplaçant'],['Tué'],['Autre'],['Non déterminable'],,A01,['1'],['Conducteur'],,['Promenade – loisirs'],,,,,,['Tracteur agricole'],,Métropole,2017-12-01,2017,Bessède-de-Sault,11,Aude,200043776,CC Pyrénées Audoises,76,Occitanie,Bessède-de-Sault,11038
201700020200,2017-12-24T14:35:00+00:00,Megeve,2017,12,24,15:35,Plein jour,En agglomération,1,Normale,Deux véhicules - frontale,74,173,74173,ROUTE EDMOND ROTHCHILD,4585371,0663200,74120,,"{'lon': 6.631399, 'lat': 45.855961}",3,mouillée,,Bidirectionnelle,,99,309,70.0,A,0.0,2.0,Route Départementale,275.0,Partie rectiligne,Pente,,Sur chaussée,"['1959', '1975']","['Masculin', 'Féminin']","['Se déplaçant', 'Se déplaçant']","['Blessé', 'Blessé']","['Ceinture', 'Ceinture']","['Non déterminable', 'Oui']",,"A01,B01","['1', '1']","['Conducteur', 'Conducteur']",,"['Autre', 'Promenade – loisirs']","['Avant droit', 'Avant droit']","['Tournant A gauche', 'Sans changement de direction']",,"['Véhicule', 'Véhicule']",['Bâtiment'],"['Autobus', 'VL seul']",['2'],Métropole,,2017,Megève,74,Haute-Savoie,200034882,CC Pays du Mont-Blanc,84,Auvergne-Rhône-Alpes,Megève,74173
201700011816,2017-10-15T13:00:00+00:00,Valleraugue,2017,10,15,15:00,Plein jour,Hors agglomération,1,Normale,Sans collision,30,339,30339,D 986,4409229,0356619,30570,986,"{'lon': 3.641763, 'lat': 44.080623}",28,normale,,Bidirectionnelle,,99,986,90.0,,0.0,2.0,Route Départementale,565.0,En courbe à gauche,Pente,,,['1981'],['Masculin'],['Se déplaçant'],['Blessé'],['Casque'],['Oui'],,A01,['1'],['Conducteur'],,['Promenade – loisirs'],['Côté droit'],['Sans changement de direction'],PK ou PR ou numéro d’adresse postale décroissant,,,['Motocyclette > 125 cm3'],,Métropole,,2017,Valleraugue,30,Gard,200034601,CC Causses Aigoual Cévennes,76,Occitanie,Valleraugue,30339
201300025379,2013-10-09T18:50:00+00:00,Rennes,2013,10,09,20:50,Nuit avec éclairage public allumé,En agglomération,2,Normale,Deux véhicules - frontale,35,238,35238,ST J.B.SALLE/LE GUILLOUX,4811450,-170007,35000,,"{'lon': -1.696719, 'lat': 48.116463}",,normale,,Bidirectionnelle,,00,,0.0,,0.0,2.0,Voie Communale,,Partie rectiligne,Plat,Carrefour aménagé,Sur chaussée,"['1994', '1990']","['Masculin', 'Masculin']","['Se déplaçant', 'Se déplaçant']","['Blessé', 'Blessé']","['Ceinture', 'Ceinture']","['Oui', 'Oui']",,"A01,B01","['1', '1']","['Conducteur', 'Conducteur']",,"['Promenade – loisirs', 'Promenade – loisirs']","['Avant droit', 'Avant']","['Tournant A gauche', 'Sans changement de direction']",,"['Véhicule', 'Véhicule']",,"['VL seul', 'VL seul']",,Métropole,,2015,Rennes,35,Ille-et-Vilaine,243500139,Rennes Métropole,53,Bretagne,Rennes,35238