num_acc,datetime,nom_com,an,mois,jour,hrmn,lum,agg,int,atm,col,dep,com,insee,adr,lat,long,code_postal,num,coordonnees,pr,surf,v1,circ,vosp,env1,voie,larrout,v2,lartpc,nbv,catr,pr1,plan,prof,infra,situ,an_nais,sexe,actp,grav,secu,secu_utl,locp,num_veh,place,catu,etatp,trajet,choc,manv,senc,obsm,obs,catv,occutc,gps,date,year_georef,com_name,dep_code,dep_name,epci_code,epci_name,reg_code,reg_name,com_arm_name,com_code
201400038435,2014-02-03T13:50:00+00:00,Etampes,2014,02,03,14:50,Plein jour,Hors agglomération,1,Normale,Autre collision,91,223,91223,CD63,,,91150,63,"{'lon': 2.161776, 'lat': 48.435018}",4,normale,,Bidirectionnelle,,00,63,63.0,,0.0,2.0,Route Départementale,400.0,Partie rectiligne,Pente,,Sur chaussée,['1946'],['Féminin'],['Se déplaçant'],['Tué'],['Ceinture'],['Oui'],,A01,['1'],['Conducteur'],,['Autre'],['Avant'],['Déporté A gauche'],,,['Arbre'],['VL seul'],,,,2015,Étampes,91,Essonne,200017846,CC Etampois Sud Essonne (Ccese),11,Île-de-France,Étampes,91223
201400038716,2014-10-05T16:40:00+00:00,Montgeron,2014,10,05,18:40,Plein jour,Hors agglomération,1,Normale,Autre collision,91,421,91421,NATIONALE 6 (GLACIERE),,,91230,6,"{'lon': 2.435136, 'lat': 48.712684}",6,normale,,A chaussées séparées,,99,6,0.0,,0.0,4.0,Route Nationale,0.0,En courbe à droite,Plat,Bretelle d’échangeur ou de raccordement,Sur chaussée,['1986'],['Masculin'],['Se déplaçant'],['Blessé'],['Ceinture'],['Oui'],,A01,['1'],['Conducteur'],,,['Avant'],['Tournant A droite'],,,['Glissière béton'],['VL seul'],,,,2015,Montgeron,91,Essonne,249100520,CA Sénart Val de Seine (Casvs),11,Île-de-France,Montgeron,91421
201400038761,2014-05-19T16:40:00+00:00,Palaiseau,2014,05,19,18:40,Plein jour,En agglomération,1,Normale,Deux véhicules – par le coté,91,477,91477,"29, JOSEPH BARA (BLD)",,,91120,29,"{'lon': 2.245529, 'lat': 48.719969}",0,normale,,Bidirectionnelle,,99,0,0.0,,0.0,2.0,Voie Communale,0.0,Partie rectiligne,Plat,,Sur chaussée,"['1996', '1963']","['Masculin', 'Féminin']","['Se déplaçant', 'Se déplaçant']","['Blessé', 'Indemne']","['Casque', 'Ceinture']","['Non déterminable', 'Non déterminable']",,"B01,A01","['1', '1']","['Conducteur', 'Conducteur']",,"['Domicile – école', 'Domicile – école']","['Avant droit', 'Avant gauche']","['Sans changement de direction', 'En s’insérant']",,"['Véhicule', 'Véhicule']",,"['Cyclomoteur <50cm3', 'VL seul']",,,,2015,Palaiseau,91,Essonne,249100405,CA du Plateau de Saclay (Caps),11,Île-de-France,Palaiseau,91477
201400039246,2014-06-10T06:30:00+00:00,Boulogne-billancourt,2014,06,10,08:30,Plein jour,En agglomération,2,Temps couvert,Deux véhicules – par le coté,92,012,92012,DENFERT ROCHEREAU (RUE),,,92100,,"{'lon': 2.24557, 'lat': 48.844529}",,normale,,A sens unique,,99,28,0.0,,0.0,2.0,Voie Communale,,Partie rectiligne,Plat,,Sur chaussée,"['1981', '1996']","['Masculin', 'Masculin']","['Se déplaçant', 'Se déplaçant']","['Indemne', 'Blessé']","['Ceinture', 'Casque']","['Oui', 'Oui']",,"A01,B01","['1', '1']","['Conducteur', 'Conducteur']",,['Domicile – travail'],"['Avant', 'Avant droit']","['Sans changement de direction', 'Sans changement de direction']",,"['Véhicule', 'Véhicule']",,"['Scooter < 50 cm3', 'VL seul']",,,,2015,Boulogne-Billancourt,92,Hauts-de-Seine,200023356,CA Grand Paris Seine Ouest (Gpso),11,Île-de-France,Boulogne-Billancourt,92012
201400039375,2014-01-20T12:25:00+00:00,Sceaux,2014,01,20,13:25,Plein jour,En agglomération,1,Pluie légère,Sans collision,92,071,92071,"1, CAUCHY (AVENUE)",,,92330,1,"{'lon': 2.289165, 'lat': 48.776885}",,mouillée,,Bidirectionnelle,,03,0,0.0,,0.0,2.0,Route Départementale,,Partie rectiligne,Pente,,Sur chaussée,"['1964', '1931']","['Féminin', 'Masculin']","['Se déplaçant', 'Se déplaçant']","['Blessé', 'Indemne']","['Casque', 'Ceinture']","['Oui', 'Oui']",,"A01,B01","['1', '1']","['Conducteur', 'Conducteur']",,"['Domicile – travail', 'Promenade – loisirs']",,"['Sans changement de direction', 'Manœuvre de stationnement']",,['Véhicule'],,"['Scooter > 50 cm3 et <= 125 cm3', 'VL seul']",,,,2015,Sceaux,92,Hauts-de-Seine,249200015,CA des Hauts de Bièvre,11,Île-de-France,Sceaux,92071
201400039445,2014-05-19T07:30:00+00:00,Clamart,2014,05,19,09:30,Plein jour,En agglomération,1,Normale,Autre collision,92,023,92023,"233, GENERAL DE GAULLE (",,,92140,233,"{'lon': 2.255515, 'lat': 48.786928}",,normale,,Bidirectionnelle,,99,906,0.0,,0.0,3.0,Route Départementale,,Partie rectiligne,Plat,,Sur chaussée,"['1997', '1981']","['Féminin', 'Masculin']","['Jouant – courant', 'Se déplaçant']","['Tué', 'Indemne']","['Autre', 'Casque']","['Non déterminable', 'Oui']",['Sur chaussée - A – 50 m du passage piéton'],A01,['1'],"['Piéton', 'Conducteur']",['Accompagné'],"['Domicile – école', 'Domicile – travail']",['Avant'],['Sans changement de direction'],,['Piéton'],,['Motocyclette > 125 cm3'],,,,2015,Clamart,92,Hauts-de-Seine,249200056,CA Sud de Seine,11,Île-de-France,Clamart,92023
201400039519,2014-12-12T17:40:00+00:00,Clamart,2014,12,12,18:40,Nuit avec éclairage public allumé,En agglomération,2,Pluie légère,Deux véhicules – par le coté,92,023,92023,"., HENRI BARBUSSE (AVENU",,,92140,,"{'lon': 2.258036, 'lat': 48.81189}",,mouillée,,Bidirectionnelle,,99,0,0.0,,0.0,2.0,Voie Communale,,Partie rectiligne,Pente,,Sur chaussée,"['1977', '1958']","['Masculin', 'Masculin']","['Se déplaçant', 'Se déplaçant']","['Blessé', 'Indemne']","['Casque', 'Ceinture']","['Oui', 'Oui']",,"B01,A01","['1', '1']","['Conducteur', 'Conducteur']",,"['Promenade – loisirs', 'Domicile – travail']","['Avant', 'Avant droit']","['Sans changement de direction', 'Tournant A gauche']",,"['Véhicule', 'Véhicule']",,"['Cyclomoteur <50cm3', 'VL seul']",,,,2015,Clamart,92,Hauts-de-Seine,249200056,CA Sud de Seine,11,Île-de-France,Clamart,92023
201400041546,2014-05-12T14:38:00+00:00,Aulnay-sous-bois,2014,05,12,16:38,Plein jour,En agglomération,1,Pluie légère,Autre collision,93,005,93005,"12, EDGAR DEGAS (RUE)",,,93600,12,"{'lon': 2.497714, 'lat': 48.95569}",,mouillée,,Bidirectionnelle,,00,0,50.0,,0.0,2.0,Voie Communale,,Partie rectiligne,Plat,,Sur chaussée,"['1993', '2006']","['Masculin', 'Féminin']","['Se déplaçant', 'Masqué']","['Indemne', 'Blessé']","['Ceinture', 'Autre']","['Oui', 'Non déterminable']",['Sur chaussée - A + 50 m du passage piéton'],A01,['1'],"['Conducteur', 'Piéton']",['Seul'],"['Utilisation professionnelle', 'Autre']",['Avant gauche'],['Sans changement de direction'],,['Piéton'],,['VU seul 1'],,,,2015,Aulnay-sous-Bois,93,Seine-Saint-Denis,,,11,Île-de-France,Aulnay-sous-Bois,93005
201400041620,2014-10-18T11:40:00+00:00,Aulnay-sous-bois,2014,10,18,13:40,Plein jour,En agglomération,5,Normale,Deux véhicules - frontale,93,005,93005,LOUISE MICHEL (RUE),,,93600,,"{'lon': 2.501598, 'lat': 48.931683}",,normale,,Bidirectionnelle,,99,0,0.0,,0.0,2.0,Voie Communale,,En courbe à droite,Pente,,Sur chaussée,"['2003', '1994', '1981']","['Masculin', 'Féminin', 'Masculin']","['Se déplaçant', 'Se déplaçant', 'Se déplaçant']","['Blessé', 'Blessé', 'Blessé']","['Ceinture', 'Ceinture', 'Ceinture']","['Oui', 'Non déterminable', 'Non déterminable']",,"B01,A01","['4', '1', '1']","['Passager', 'Conducteur', 'Conducteur']",,,"['Avant gauche', 'Avant droit']","['Sans changement de direction', 'Tournant A gauche']",,"['Véhicule', 'Véhicule']",,"['VL seul', 'VL seul']",,,,2015,Aulnay-sous-Bois,93,Seine-Saint-Denis,,,11,Île-de-France,Aulnay-sous-Bois,93005
201400041648,2014-12-15T19:55:00+00:00,Aulnay-sous-bois,2014,12,15,20:55,Nuit avec éclairage public allumé,En agglomération,1,Pluie légère,Deux véhicules – par le coté,93,005,93005,JACQUES DUCLOS [CD44] (R,,,93600,44,"{'lon': 2.493818, 'lat': 48.945851}",,mouillée,,Bidirectionnelle,,00,0,0.0,,0.0,2.0,Voie Communale,,,Plat,,Sur chaussée,"['1981', '1991']","['Masculin', 'Masculin']","['Se déplaçant', 'Se déplaçant']","['Indemne', 'Blessé']","['Ceinture', 'Ceinture']","['Oui', 'Oui']",,"A01,B01","['1', '1']","['Conducteur', 'Conducteur']",,,"['Avant', 'Avant droit']","['Sans changement de direction', 'En faisant demi-tour sur la chaussée']",,"['Véhicule', 'Véhicule']",,"['VL seul', 'VL seul']",,,,2015,Aulnay-sous-Bois,93,Seine-Saint-Denis,,,11,Île-de-France,Aulnay-sous-Bois,93005
201400041913,2014-01-07T16:15:00+00:00,Clichy-sous-bois,2014,01,07,17:15,Nuit avec éclairage public allumé,En agglomération,1,Pluie légère,Autre collision,93,014,93014,"0, SEVIGNE (AVENUE DE)",,,93390,0,"{'lon': 2.547735, 'lat': 48.913102}",,mouillée,,Bidirectionnelle,,00,0,40.0,,40.0,2.0,Route Départementale,,Partie rectiligne,Plat,,Sur chaussée,"['2008', '1990']","['Féminin', 'Féminin']","['Traversant', 'Se déplaçant']","['Blessé', 'Indemne']","['Autre', 'Ceinture']","['Non déterminable', 'Oui']",['Sur passage piéton - Avec signalisation lumineuse'],A01,['1'],"['Piéton', 'Conducteur']",['Seul'],"['Promenade – loisirs', 'Domicile – travail']",['Avant gauche'],['Sans changement de direction'],,['Piéton'],,['VL seul'],,,,2015,Clichy-sous-Bois,93,Seine-Saint-Denis,249300070,CA de Clichy S/ Bois - Montfermeil,11,Île-de-France,Clichy-sous-Bois,93014
201300000947,2013-02-08T06:30:00+00:00,,2013,02,08,07:30,Crépuscule ou aube,Hors agglomération,1,Pluie légère,Deux véhicules - frontale,22,142,22142,KER AN ROCK,4843077,-250893,,,"{'lon': -3.112251, 'lat': 48.859034}",16,mouillée,,Bidirectionnelle,,99,14,73.0,,0.0,2.0,Route Départementale,584.0,En courbe à droite,Plat,,Sur chaussée,"['1996', '1995', '1992', '1994', '1988', '1944', '1990']","['Féminin', 'Féminin', 'Masculin', 'Masculin', 'Masculin', 'Masculin', 'Masculin']","['Se déplaçant', 'Se déplaçant', 'Se déplaçant', 'Se déplaçant', 'Se déplaçant', 'Se déplaçant', 'Se déplaçant']","['Blessé', 'Blessé', 'Tué', 'Blessé', 'Blessé', 'Indemne', 'Tué']","['Ceinture', 'Ceinture', 'Ceinture', 'Ceinture', 'Ceinture', 'Ceinture', 'Ceinture']","['Non', 'Non', 'Oui', 'Oui', 'Non', 'Oui', 'Oui']",,"B02,A01","['9', '9', '1', '2', '4', '1', '3']","['Passager', 'Passager', 'Conducteur', 'Passager', 'Passager', 'Conducteur', 'Passager']",,"['Domicile – école', 'Domicile – école', 'Domicile – école', 'Domicile – école', 'Domicile – école', 'Utilisation professionnelle', 'Domicile – école']","['Avant gauche', 'Avant gauche']","['Sans changement de direction', 'Dépassant A gauche']",,"['Véhicule', 'Véhicule']",,"['Autocar', 'VL seul']",['57'],Métropole,,2015,,,,,,,,,22142
201300001605,2013-07-13T00:10:00+00:00,Saint-denis-les-bourg,2013,07,13,02:10,Nuit avec éclairage public allumé,Hors agglomération,2,Normale,Deux véhicules – par le coté,01,344,01344,DOMBES (AVENUE DE LA),4619070,0519714,01000,,"{'lon': 5.197776, 'lat': 46.204831}",4,normale,,Bidirectionnelle,,00,117,0.0,,0.0,2.0,Route Départementale,191.0,En courbe à droite,Plat,Carrefour aménagé,Sur chaussée,"['1972', '1989', '1994']","['Masculin', 'Masculin', 'Féminin']","['Se déplaçant', 'Se déplaçant', 'Se déplaçant']","['Indemne', 'Blessé', 'Blessé']","['Ceinture', 'Ceinture', 'Ceinture']","['Oui', 'Non déterminable', 'Non déterminable']",,"B01,A01","['1', '1', '2']","['Conducteur', 'Conducteur', 'Passager']",,"['Utilisation professionnelle', 'Promenade – loisirs', 'Promenade – loisirs']","['Arrière droit', 'Avant']","['Sans changement de direction', 'Traversant la chaussée']",,"['Véhicule', 'Véhicule']",,"['Tracteur routier + semi-remorque', 'VL seul']",,Métropole,,2015,Saint-Denis-lès-Bourg,01,Ain,240100628,CA Bourg en Bresse Agglomération,82,Rhône-Alpes,Saint-Denis-lès-Bourg,01344
201300020844,2013-11-19T00:38:00+00:00,Besancon,2013,11,19,01:38,Nuit avec éclairage public allumé,En agglomération,1,Brouillard - fumée,Sans collision,25,056,25056,"SANS, CHARDONNET AV. DE",4723276,0603807,25000,,"{'lon': 6.038004, 'lat': 47.232913}",,,,,,99,,0.0,,0.0,0.0,Voie Communale,,,,,Sur chaussée,['1986'],['Masculin'],['Se déplaçant'],['Blessé'],['Casque'],['Non déterminable'],,A01,['1'],['Conducteur'],,,,,,,['Bordure de trottoir'],['Cyclomoteur <50cm3'],,Métropole,,2015,Besançon,25,Doubs,242500361,CA du Grand Besançon,43,Franche-Comté,Besançon,25056
201200005345,2012-08-03T13:45:00+00:00,Anthon,2012,08,03,15:45,Plein jour,Hors agglomération,1,Normale,Deux véhicules - frontale,38,011,38011,,4578320,0515938,38280,,"{'lon': 5.169208, 'lat': 45.790289}",7,normale,,Bidirectionnelle,,00,55,66.0,,0.0,0.0,Route Départementale,100.0,Partie rectiligne,Pente,,Sur chaussée,"['1951', '1948']","['Masculin', 'Masculin']","['Se déplaçant', 'Se déplaçant']","['Indemne', 'Tué']","['Ceinture', 'Casque']","['Oui', 'Oui']",,"A01,B02","['1', '1']","['Conducteur', 'Conducteur']",,"['Promenade – loisirs', 'Promenade – loisirs']","['Avant gauche', 'Arrière']","['Sans changement de direction', 'Manœuvre d’évitement']",,,,"['VL seul', 'Motocyclette > 125 cm3']",,Métropole,,2015,Anthon,38,Isère,243800935,CC Porte Dauphinoise de Lyon Saint-Exupéry,82,Rhône-Alpes,Anthon,38011
201200005379,2012-01-28T14:15:00+00:00,Montbrison,2012,01,28,15:15,Plein jour,En agglomération,1,Normale,Deux véhicules – par le coté,42,147,42147,3 chemin du bouchet,4560523,0405726,42600,3,"{'lon': 4.057636, 'lat': 45.605243}",0,normale,3,Bidirectionnelle,,00,0,54.0,,0.0,2.0,Voie Communale,0.0,En courbe à droite,Pente,,Sur chaussée,"['1976', '1962']","['Masculin', 'Masculin']","['Se déplaçant', 'Se déplaçant']","['Indemne', 'Blessé']","['Ceinture', 'Casque']","['Oui', 'Oui']",,"B02,A01","['1', '1']","['Conducteur', 'Conducteur']",,"['Promenade – loisirs', 'Promenade – loisirs']","['Avant droit', 'Côté droit']","['Traversant la chaussée', 'Manœuvre d’évitement']",,"['Véhicule', 'Véhicule']",,"['VU seul 1', 'Motocyclette > 125 cm3']",,Métropole,,2015,Montbrison,42,Loire,244200796,CA Loire Forez,82,Rhône-Alpes,Montbrison,42147
201200005534,2012-04-10T07:30:00+00:00,Sainte-foy-tarentaise,2012,04,10,09:30,Plein jour,Hors agglomération,1,Normale,Deux véhicules - frontale,73,232,73232,,4559700,0687964,73640,,"{'lon': 6.882513, 'lat': 45.589246}",25,normale,,Bidirectionnelle,,00,902,76.0,,0.0,2.0,Route Départementale,925.0,En courbe à droite,Bas de côte,Pont - autopont,Sur chaussée,"['1991', '1992', '1975']","['Féminin', 'Féminin', 'Masculin']","['Se déplaçant', 'Se déplaçant', 'Se déplaçant']","['Blessé', 'Tué', 'Blessé']","['Ceinture', 'Ceinture', 'Ceinture']","['Oui', 'Oui', 'Oui']",,"A01,B02","['2', '1', '1']","['Passager', 'Conducteur', 'Conducteur']",,"['Domicile – travail', 'Utilisation professionnelle']","['Avant gauche', 'Avant gauche']","['Déporté A gauche', 'Sans changement de direction']",,"['Véhicule', 'Véhicule']",,"['VL seul', 'PL seul > 7']",,Métropole,,2015,Sainte-Foy-Tarentaise,73,Savoie,247300254,CC Maison de l'Intercommunalité de Haute Tarentaise,82,Rhône-Alpes,Sainte-Foy-Tarentaise,73232
201200005872,2012-07-09T13:15:00+00:00,Deux-chaises,2012,07,09,15:15,Plein jour,Hors agglomération,1,Normale,Deux véhicules - frontale,03,099,03099,Le Bois du Mat,4636700,0309800,03240,,"{'lon': 2.984929, 'lat': 46.370898}",3,normale,,Bidirectionnelle,,00,235,41.0,,0.0,2.0,Route Départementale,0.0,Partie rectiligne,Plat,,Sur chaussée,"['1953', '1997']","['Masculin', 'Masculin']","['Se déplaçant', 'Se déplaçant']","['Indemne', 'Blessé']","['Ceinture', 'Casque']","['Oui', 'Oui']",,"A01,B02","['1', '1']","['Conducteur', 'Conducteur']",,"['Promenade – loisirs', 'Promenade – loisirs']","['Avant droit', 'Avant gauche']","['Déporté A gauche', 'Tournant A gauche']",,"['Véhicule', 'Véhicule']",,"['Scooter < 50 cm3', 'VL seul']",,Métropole,,2015,Deux-Chaises,03,Allier,240300715,CC Bocage Sud,83,Auvergne,Deux-Chaises,03099
201200006311,2012-01-20T09:30:00+00:00,Vichy,2012,01,20,10:30,Plein jour,En agglomération,1,Pluie légère,Autre collision,03,310,03310,"10, RUSSIE (BOULEVARD DE",,,03200,10,"{'lon': 3.418651, 'lat': 46.122636}",,mouillée,,Bidirectionnelle,,99,0,80.0,,0.0,2.0,Voie Communale,,Partie rectiligne,Plat,,Sur chaussée,"['1933', '1929']","['Masculin', 'Féminin']","['Se déplaçant', 'Traversant']","['Indemne', 'Blessé']","['Ceinture', 'Autre']","['Oui', 'Non déterminable']",['Sur passage piéton - Sans signalisation lumineuse'],A01,['1'],"['Conducteur', 'Piéton']",['Seul'],"['Promenade – loisirs', 'Promenade – loisirs']",['Avant'],['Sans changement de direction'],,['Piéton'],,['VL seul'],,,2012-11-01,2015,Vichy,03,Allier,240300426,CA Vichy Val d'Allier,83,Auvergne,Vichy,03310
201200041967,2012-02-18T18:10:00+00:00,Clamart,2012,02,18,19:10,Nuit avec éclairage public allumé,En agglomération,3,Pluie légère,Deux véhicules – par le coté,92,023,92023,TRIVAUX / CHAMPAGNE,,,92140,,"{'lon': 2.230891, 'lat': 48.782376}",,mouillée,,Bidirectionnelle,,00,,0.0,,0.0,2.0,Voie Communale,,Partie rectiligne,Plat,,Sur chaussée,"['1983', '1975']","['Féminin', 'Masculin']","['Se déplaçant', 'Se déplaçant']","['Indemne', 'Blessé']","['Ceinture', 'Casque']","['Oui', 'Oui']",,"A01,B01","['1', '1']","['Conducteur', 'Conducteur']",,"['Promenade – loisirs', 'Domicile – travail']","['Avant droit', 'Avant']","['Tournant A gauche', 'Sans changement de direction']",,"['Véhicule', 'Véhicule']",,"['VL seul', 'Scooter > 50 cm3 et <= 125 cm3']",,,,2015,Clamart,92,Hauts-de-Seine,249200056,CA Sud de Seine,11,Île-de-France,Clamart,92023
201200042389,2012-11-16T18:40:00+00:00,La Garenne-colombes,2012,11,16,19:40,Nuit avec éclairage public allumé,En agglomération,2,Normale,Autre collision,92,035,92035,"9, G?n?ral de Gaulle  (",,,92250,9,"{'lon': 2.253747, 'lat': 48.912826}",,normale,,Bidirectionnelle,,99,106,0.0,,0.0,4.0,Route Départementale,,Partie rectiligne,Plat,,Sur chaussée,['1994'],['Masculin'],['Se déplaçant'],['Blessé'],['Casque'],['Oui'],,A01,['1'],['Conducteur'],,['Utilisation professionnelle'],,,,,,['Cyclomoteur <50cm3'],,,,2015,La Garenne-Colombes,92,Hauts-de-Seine,,,11,Île-de-France,La Garenne-Colombes,92035
201200042474,2012-12-05T03:40:00+00:00,Gennevilliers,2012,12,05,04:40,Nuit avec éclairage public allumé,En agglomération,1,Normale,Sans collision,92,036,92036,"0, MARCEL PAUL (AVENUE)",,,92230,0,"{'lon': 2.304272, 'lat': 48.939683}",,normale,,A chaussées séparées,,99,0,150.0,,20.0,5.0,Voie Communale,,,Plat,,Sur chaussée,['1981'],['Masculin'],['Se déplaçant'],['Blessé'],['Ceinture'],['Oui'],,A01,['1'],['Conducteur'],,['Promenade – loisirs'],['Avant gauche'],['Déporté A droite'],,,['Autre obstacle fixe sur chaussée'],['VL seul'],,,,2015,Gennevilliers,92,Hauts-de-Seine,,,11,Île-de-France,Gennevilliers,92036
201200043262,2012-10-26T18:25:00+00:00,Rueil-malmaison,2012,10,26,20:25,Nuit avec éclairage public allumé,En agglomération,1,Normale,Sans collision,92,063,92063,"13, HOPITAL STELL (BOULE",,,92500,13,"{'lon': 2.186794, 'lat': 48.877203}",,normale,,Bidirectionnelle,,00,39,0.0,,0.0,4.0,Route Départementale,,En courbe à gauche,Pente,,Sur chaussée,['1977'],['Masculin'],['Se déplaçant'],['Blessé'],['Ceinture'],['Oui'],,A01,['1'],['Conducteur'],,,['Avant'],['Déporté A droite'],,,['Arbre'],['VL seul'],,,,2015,Rueil-Malmaison,92,Hauts-de-Seine,200018059,CA du Mont Valérien,11,Île-de-France,Rueil-Malmaison,92063
201200043982,2012-07-26T15:25:00+00:00,Aulnay-sous-bois,2012,07,26,17:25,Plein jour,En agglomération,1,Normale,Deux véhicules – par l’arrière,93,005,93005,BALAGNY (RUE DE),,,93600,,"{'lon': 2.487132, 'lat': 48.942873}",,normale,,A sens unique,,03,,50.0,,0.0,1.0,Route Nationale,,En courbe à droite,Plat,,Sur chaussée,"['1975', '1991']","['Féminin', 'Masculin']","['Se déplaçant', 'Se déplaçant']","['Blessé', 'Indemne']","['Casque', 'Ceinture']","['Oui', 'Oui']",,"B01,A01","['1', '1']","['Conducteur', 'Conducteur']",,,"['Arrière', 'Avant']","['Même sens', 'Même sens']",,['Véhicule'],,"['Cyclomoteur <50cm3', 'VL seul']",,,,2015,Aulnay-sous-Bois,93,Seine-Saint-Denis,,,11,Île-de-France,Aulnay-sous-Bois,93005
201200047253,2012-10-17T10:00:00+00:00,Maisons-alfort,2012,10,17,12:00,Plein jour,En agglomération,1,Pluie forte,Deux véhicules - frontale,94,046,94046,"161, GENERAL LECLERC (AV",,,94700,161,"{'lon': 2.436593, 'lat': 48.808239}",,mouillée,,A chaussées séparées,,00,,221.0,,38.0,4.0,Route Nationale,,Partie rectiligne,Plat,,Sur chaussée,"['1990', '1991', '1979']","['Masculin', 'Masculin', 'Masculin']","['Se déplaçant', 'Se déplaçant', 'Se déplaçant']","['Blessé', 'Blessé', 'Indemne']","['Casque', 'Casque', 'Ceinture']","['Oui', 'Oui', 'Oui']",,"A01,B01","['1', '2', '1']","['Conducteur', 'Passager', 'Conducteur']",,,"['Côté droit', 'Avant']","['Tournant A gauche', 'Sans changement de direction']",,"['Véhicule', 'Véhicule']",,"['VL seul', 'Cyclomoteur <50cm3']",,,,2015,Maisons-Alfort,94,Val-de-Marne,,,11,Île-de-France,Maisons-Alfort,94046
201200047317,2012-06-07T12:35:00+00:00,Joinville-le-pont,2012,06,07,14:35,Plein jour,En agglomération,5,Pluie légère,Deux véhicules – par l’arrière,94,042,94042,PARIS (R DE),,,94340,,"{'lon': 2.467858, 'lat': 48.816895}",,mouillée,,Bidirectionnelle,,00,0,90.0,,0.0,3.0,Route Départementale,,Partie rectiligne,Pente,,Sur chaussée,"['1981', '1956', '1957']","['Féminin', 'Masculin', 'Féminin']","['Se déplaçant', 'Se déplaçant', 'Se déplaçant']","['Indemne', 'Indemne', 'Blessé']","['Ceinture', 'Ceinture', 'Ceinture']","['Oui', 'Oui', 'Oui']",,"B01,A01","['1', '1', '2']","['Conducteur', 'Conducteur', 'Passager']",,"['Autre', 'Utilisation professionnelle', 'Utilisation professionnelle']","['Arrière gauche', 'Avant droit']","['Même sens', 'Même sens']",,['Véhicule'],,"['VL seul', 'PL seul > 7']",,,,2015,Joinville-le-Pont,94,Val-de-Marne,,,11,Île-de-France,Joinville-le-Pont,94042
201900051052,2019-11-28T09:45:00+00:00,Tours,2019,11,28,10:45,Plein jour,En agglomération,1,Autre,Deux véhicules - frontale,37,37261,37261,MARECHAL JUIN (BD),"47,4086500","0,7035400",37000,,,0,mouillée,0,A sens unique,Voie réservée,,MARECHAL JUIN (BD),,,,6.0,Voie Communale,0.0,Partie rectiligne,Plat,,Sur chaussée,"['1987', '1958']","['Féminin', 'Féminin']","['-1', '-1']","['Blessé', 'Indemne']",,,"['-1', '-1']","B01,A01","['1', '1']","['Conducteur', 'Conducteur']","['-1', '-1']","['Domicile – travail', 'Domicile – travail']","['Avant', 'Avant']","['Sans changement de direction', 'Tournant A gauche']","3,3","['Véhicule', 'Véhicule']",,"['VL seul', 'VL seul']",,,,2019,Tours,37,Indre-et-Loire,243700754,Tours Métropole Val de Loire,24,Centre-Val de Loire,Tours,37261
201900055747,2019-07-05T21:00:00+00:00,Matoury,2019,07,05,23:00,Nuit sans éclairage public,En agglomération,1,Normale,Deux véhicules - frontale,97,97307,97307,1005 Rue du Champ de Canne,"4,8818611","-52,3210144",97351,1005,"{'lon': -52.323463, 'lat': 4.876741}",(1),normale,,Bidirectionnelle,,,,,,,1.0,Voie Communale,,Partie rectiligne,Plat,,Sur chaussée,"['1989', '1991', '1989']","['Masculin', 'Féminin', 'Féminin']","['Se déplaçant', 'Se déplaçant', 'Se déplaçant']","['Blessé', 'Blessé', 'Blessé']",,,,"A01,B01","['1', '2', '2']","['Conducteur', 'Passager', 'Passager']","['-1', '-1', '-1']","['Promenade – loisirs', 'Promenade – loisirs', 'Promenade – loisirs']","['Avant', 'Avant']","['Sans changement de direction', 'Dépassant A gauche']","3,3","['Véhicule', 'Véhicule']",,"['Cyclomoteur <50cm3', 'Cyclomoteur <50cm3']",,,,2019,Matoury,973,Guyane,249730045,CA du Centre Littoral,03,Guyane,Matoury,97307
201900055963,2019-03-27T15:40:00+00:00,Riorges,2019,03,27,16:40,Plein jour,En agglomération,6,Normale,Deux véhicules – par l’arrière,42,42184,42184,DUBREIL   PIERRE   (RUE),"46,0454600","4,0445700",42153,,"{'lon': 4.045328, 'lat': 46.048735}",0,normale,0,A sens unique,,,DUBREIL   PIERRE   (RUE),,,,1.0,Voie Communale,1.0,En courbe à gauche,Plat,,Sur chaussée,"['1999', '1959', '2001']","['Masculin', 'Féminin', 'Masculin']","['Se déplaçant', 'Se déplaçant', 'Se déplaçant']","['Blessé', 'Indemne', 'Blessé']",,,,"B01,A01","['2', '1', '1']","['Passager', 'Conducteur', 'Conducteur']","['-1', '-1', '-1']","['Autre', 'Domicile – travail', 'Autre']","['Arrière', 'Avant gauche']",['Même sens'],"3,3","['Véhicule', 'Véhicule']",,"['Scooter > 50 cm3 et <= 125 cm3', 'VL seul']",,,,2019,Riorges,42,Loire,200035731,CA Roannais Agglomération,84,Auvergne-Rhône-Alpes,Riorges,42184
201900039566,2019-04-05T14:20:00+00:00,Mainvilliers,2019,04,05,16:20,Plein jour,Hors agglomération,3,Normale,Deux véhicules – par l’arrière,28,28229,28229,D939,"48,4640007","1,4283151",28300,939,"{'lon': 1.460879, 'lat': 48.45229}",0,normale,0,Bidirectionnelle,,,939,,,,2.0,Route Départementale,0.0,Partie rectiligne,Plat,,Sur chaussée,"['1969', '1960']","['Féminin', 'Féminin']","['-1', '-1']","['Blessé', 'Blessé']",,,"['-1', '-1']","A01,B01","['1', '1']","['Conducteur', 'Conducteur']","['-1', '-1']",['Domicile – travail'],"['Avant', 'Arrière gauche']","['Dépassant A gauche', 'Tournant A gauche']","3,3","['Véhicule', 'Véhicule']",,"['VL seul', 'Voiturette (Quadricycle à moteur carrossé) (anciennement ""voiturette ou tricycle à moteur"")']",,,,2019,Mainvilliers,28,Eure-et-Loir,200033181,CA Chartres Métropole,24,Centre-Val de Loire,Mainvilliers,28229