num_acc,datetime,nom_com,an,mois,jour,hrmn,lum,agg,int,atm,col,dep,com,insee,adr,lat,long,code_postal,num,coordonnees,pr,surf,v1,circ,vosp,env1,voie,larrout,v2,lartpc,nbv,catr,pr1,plan,prof,infra,situ,an_nais,sexe,actp,grav,secu,secu_utl,locp,num_veh,place,catu,etatp,trajet,choc,manv,senc,obsm,obs,catv,occutc,gps,date,year_georef,com_name,dep_code,dep_name,epci_code,epci_name,reg_code,reg_name,com_arm_name,com_code
201300012999,2013-06-25T09:24:00+00:00,Carcassonne,2013,06,25,11:24,Plein jour,En agglomération,1,Normale,Deux véhicules – par le coté,11,069,11069,"2, RAMOND AIME",,,11000,2,"{'lon': 2.355002, 'lat': 43.211917}",,normale,,A sens unique,,00,0,20.0,,0.0,1.0,Voie Communale,,Partie rectiligne,Plat,,Sur chaussée,['1959'],['Masculin'],['Se déplaçant'],['Blessé'],['Autre'],['Non déterminable'],,"B01,A01",['1'],['Conducteur'],,['Promenade – loisirs'],,,PK ou PR ou numéro d’adresse postale croissant,"['Véhicule', 'Véhicule']",,"['Bicyclette', 'VL seul']",,,,2015,Carcassonne,11,Aude,200035715,CA Carcassonne Agglo,91,Languedoc-Roussillon,Carcassonne,11069
201300045354,2013-03-12T08:30:00+00:00,Noisiel,2013,03,12,09:30,Plein jour,Hors agglomération,1,Neige - grêle,Trois véhicules et plus – en chaîne,77,337,77337,RN104,,,77186,104,"{'lon': 2.62795, 'lat': 48.853861}",0,enneigée,,A chaussées séparées,,99,104,70.0,,20.0,4.0,Route Nationale,200.0,En courbe à gauche,Plat,,Sur chaussée,"['1985', '1979', '1985']","['Masculin', 'Féminin', 'Masculin']","['Se déplaçant', 'Se déplaçant', 'Se déplaçant']","['Indemne', 'Blessé', 'Indemne']","['Ceinture', 'Ceinture', 'Ceinture']","['Oui', 'Oui', 'Oui']",,"B01,C01,A01","['1', '1', '1']","['Conducteur', 'Conducteur', 'Conducteur']",,,"['Arrière', 'Avant', 'Arrière']","['Même sens', 'Même sens', 'Même sens']",,"['Véhicule', 'Véhicule']",,"['VL seul', 'VL seul', 'VL seul']",,,,2015,Noisiel,77,Seine-et-Marne,200035749,CA Marne la Vallée - Val Maubuée,11,Île-de-France,Noisiel,77337
201300047205,2013-10-14T05:30:00+00:00,Saint-cloud,2013,10,14,07:30,Crépuscule ou aube,Hors agglomération,1,Normale,Deux véhicules – par l’arrière,92,064,92064,A13,,,92210,13,"{'lon': 2.215131, 'lat': 48.845569}",4,normale,,A sens unique,,99,86,105.0,,0.0,3.0,Autoroute,37.0,Partie rectiligne,Plat,Souterrain - tunnel,Sur chaussée,"['1969', '1958']","['Masculin', 'Masculin']","['Se déplaçant', 'Se déplaçant']","['Blessé', 'Indemne']","['Casque', 'Ceinture']","['Oui', 'Oui']",,"A01,B01","['1', '1']","['Conducteur', 'Conducteur']",,"['Domicile – travail', 'Domicile – travail']","['Avant', 'Arrière']","['Dépassant A droite', 'Sans changement de direction']",,"['Véhicule', 'Véhicule']",,"['Motocyclette > 125 cm3', 'VL seul']",,,,2015,Saint-Cloud,92,Hauts-de-Seine,249200049,CA Coeur de Seine,11,Île-de-France,Saint-Cloud,92064
201800046018,2018-07-28T15:30:00+00:00,Rueil-malmaison,2018,07,28,17:30,Plein jour,Hors agglomération,1,Normale,Sans collision,92,063,92063,A86,4888621,0216625,92500,86,"{'lon': 2.187376, 'lat': 48.877761}",76,flaques,,A chaussées séparées,,00,86,,,,3.0,Autoroute,900.0,Partie rectiligne,Plat,Souterrain - tunnel,Sur chaussée,['1972'],['Masculin'],,['Blessé'],['Casque'],['Oui'],,A01,['1'],['Conducteur'],,['Promenade – loisirs'],['Avant droit'],['Sans changement de direction'],PK ou PR ou numéro d’adresse postale croissant,,,['Scooter > 125 cm3'],,Métropole,,2018,Rueil-Malmaison,92,Hauts-de-Seine,200054781,Métropole du Grand Paris,11,Île-de-France,Rueil-Malmaison,92063
201800046160,2018-10-16T10:20:00+00:00,Mantes-la-ville,2018,10,16,12:20,Plein jour,Hors agglomération,1,Normale,Deux véhicules – par l’arrière,78,362,78362,A13,4897000,0170000,78711,13,"{'lon': 1.710488, 'lat': 48.973406}",48,normale,,,,00,13,,,,3.0,Autoroute,119.0,Partie rectiligne,Plat,,Sur accotement,"['1963', '1973']","['Masculin', 'Féminin']",,"['Blessé', 'Blessé']","['Ceinture', 'Ceinture']","['Oui', 'Oui']",,"B01,A01","['1', '1']","['Conducteur', 'Conducteur']",,,"['Arrière gauche', 'Avant droit']","['Changeant de file A gauche', 'Changeant de file A gauche']","PK ou PR ou numéro d’adresse postale décroissant,PK ou PR ou numéro d’adresse postale décroissant","['Véhicule', 'Véhicule']",,"['VU seul 1', 'VL seul']",,Métropole,,2018,Mantes-la-Ville,78,Yvelines,200059889,CU Grand Paris Seine et Oise,11,Île-de-France,Mantes-la-Ville,78362
201800047379,2018-02-17T12:05:00+00:00,Pierre-benite,2018,02,17,13:05,Plein jour,En agglomération,9,Pluie forte,Deux véhicules – par l’arrière,69,152,69152,MURIERS (DES),4569509,0482600,69310,,"{'lon': 4.824242, 'lat': 45.695041}",0,mouillée,,Bidirectionnelle,,99,0,70.0,,10.0,2.0,Voie Communale,1.0,Partie rectiligne,Plat,,Sur chaussée,"['1957', '1947']","['Féminin', 'Masculin']","['Se déplaçant', 'Se déplaçant']","['Blessé', 'Indemne']","['Autre', 'Autre']","['Non déterminable', 'Non déterminable']",,"A01,B01","['1', '1']","['Conducteur', 'Conducteur']",,"['Promenade – loisirs', 'Promenade – loisirs']","['Avant', 'Arrière']","['Déporté A droite', 'Tournant A droite']","PK ou PR ou numéro d’adresse postale croissant,PK ou PR ou numéro d’adresse postale croissant","['Véhicule', 'Véhicule']",,"['VL seul', 'VL seul']",,Métropole,,2018,Pierre-Bénite,69,Rhône,200046977,Métropole de LYON,84,Auvergne-Rhône-Alpes,Pierre-Bénite,69152
201800047564,2018-06-06T16:10:00+00:00,Lyon-9e-arrondissement,2018,06,06,18:10,Plein jour,En agglomération,1,Normale,Autre collision,69,389,69389,SERGENT MICHEL BERTHET (,4576848,0480577,69009,,"{'lon': 4.80534, 'lat': 45.770749}",0,normale,,A sens unique,,00,,,,,3.0,7,1.0,Partie rectiligne,Plat,,Sur accotement,['1959'],['Masculin'],,['Blessé'],['Casque'],['Oui'],,A01,['1'],['Conducteur'],,['Domicile – travail'],['Avant droit'],['Dépassant A gauche'],,['Animal sauvage'],,['Motocyclette > 125 cm3'],,Métropole,,2018,Lyon,69,Rhône,200046977,Métropole de LYON,84,Auvergne-Rhône-Alpes,Lyon 9e Arrondissement,69389
201800053262,2018-02-04T13:00:00+00:00,Paris-16e-arrondissement,2018,02,04,14:00,Plein jour,En agglomération,2,Normale,Deux véhicules – par le coté,75,116,75116,"5-7, AVENUE VICTOR HUGO",4887300,0229310,75016,5,"{'lon': 2.292781, 'lat': 48.872688}",,normale,,Bidirectionnelle,,99,,50.0,,0.0,0.0,Voie Communale,,Partie rectiligne,Plat,,Sur chaussée,"['1975', '1973', '1950']","['Masculin', 'Féminin', 'Féminin']","['Se déplaçant', 'Se déplaçant', 'Se déplaçant']","['Blessé', 'Blessé', 'Indemne']","['Casque', 'Casque', 'Ceinture']","['Oui', 'Oui', 'Non déterminable']",,"B01,A01","['1', '2', '1']","['Conducteur', 'Passager', 'Conducteur']",,"['Promenade – loisirs', 'Promenade – loisirs']","['Côté gauche', 'Avant droit']","['Sans changement de direction', 'En faisant demi-tour sur la chaussée']","PK ou PR ou numéro d’adresse postale décroissant,PK ou PR ou numéro d’adresse postale décroissant","['Véhicule', 'Véhicule']",,"['Motocyclette > 125 cm3', 'VL seul']",,Métropole,,2018,Paris,75,Paris,200054781,Métropole du Grand Paris,11,Île-de-France,Paris 16e Arrondissement,75116
201800053406,2018-06-13T07:30:00+00:00,Paris-16e-arrondissement,2018,06,13,09:30,Plein jour,En agglomération,6,Normale,Deux véhicules – par l’arrière,75,116,75116,PLACE DE LA PORTE DE SAI,4883820,0225636,75016,,"{'lon': 2.257652, 'lat': 48.838366}",,normale,,A sens unique,,99,,0.0,,0.0,1.0,Voie Communale,,En courbe à gauche,Plat,,Sur chaussée,"['1990', '1963']","['Masculin', 'Féminin']","['Se déplaçant', 'Se déplaçant']","['Blessé', 'Indemne']","['Casque', 'Ceinture']","['Oui', 'Oui']",,"A01,B01","['1', '1']","['Conducteur', 'Conducteur']",,"['Domicile – travail', 'Domicile – travail']","['Avant droit', 'Arrière gauche']","['Sans changement de direction', 'En s’insérant']","PK ou PR ou numéro d’adresse postale croissant,PK ou PR ou numéro d’adresse postale croissant","['Véhicule', 'Véhicule']",,"['VL seul', 'Cyclomoteur <50cm3']",,Métropole,,2018,Paris,75,Paris,200054781,Métropole du Grand Paris,11,Île-de-France,Paris 16e Arrondissement,75116
201800053659,2018-01-05T11:00:00+00:00,Paris-17e-arrondissement,2018,01,05,12:00,Plein jour,En agglomération,4,Normale,Autre collision,75,117,75117,"15, RUE PHILIBERT DELORM",4888810,0230232,75017,15,"{'lon': 2.3023, 'lat': 48.888398}",,normale,,A sens unique,,00,,0.0,,0.0,1.0,Voie Communale,,Partie rectiligne,Plat,,Sur chaussée,"['1963', '1946']","['Féminin', 'Féminin']","['Traversant', 'Se déplaçant']","['Blessé', 'Indemne']",['Ceinture'],['Oui'],['Sur passage piéton - Sans signalisation lumineuse'],A01,['1'],"['Piéton', 'Conducteur']",['Seul'],"['Utilisation professionnelle', 'Promenade – loisirs']",['Avant'],['Sans changement de direction'],PK ou PR ou numéro d’adresse postale décroissant,['Piéton'],,['VL seul'],,Métropole,,2018,Paris,75,Paris,200054781,Métropole du Grand Paris,11,Île-de-France,Paris 17e Arrondissement,75117
201900006584,2019-10-19T23:20:00+00:00,Sannois,2019,10,20,01:20,Nuit sans éclairage public,Hors agglomération,1,Pluie légère,Autre collision,95,95582,95582,AUTOROUTE A115,"48,9833300","2,2409100",95110,115,"{'lon': 2.251268, 'lat': 48.972465}",1,mouillée,0,A sens unique,,,115,,,,1.0,Autoroute,299.0,En courbe à droite,Pente,,Sur chaussée,"['1998', '1995']","['Féminin', 'Masculin']","['Se déplaçant', 'Se déplaçant']","['Blessé', 'Blessé']",,,"['-1', '-1']",A01,"['2', '1']","['Passager', 'Conducteur']","['-1', '-1']","['Promenade – loisirs', 'Promenade – loisirs']",['Côté droit'],['Sans changement de direction'],PK ou PR ou numéro d’adresse postale décroissant,['Véhicule'],['Glissière métallique'],['Motocyclette > 125 cm3'],,,,2019,Sannois,95,Val-d'Oise,200058485,CA Val Parisis,11,Île-de-France,Sannois,95582
201900006910,2019-06-02T08:40:00+00:00,Vix,2019,06,02,10:40,Plein jour,Hors agglomération,1,Normale,Sans collision,85,85303,85303,D25,"46,3759460","-0,8803100",85770,25,"{'lon': -0.858244, 'lat': 46.355559}",40,normale,,Bidirectionnelle,,,25,,,,2.0,Route Départementale,906.0,En courbe à gauche,Sommet de côte,,Sur accotement,['1976'],['Masculin'],['Se déplaçant'],['Blessé'],,,,A01,['1'],['Conducteur'],['-1'],['Promenade – loisirs'],,['Même sens'],PK ou PR ou numéro d’adresse postale croissant,,['Arbre'],['Motocyclette > 125 cm3'],,,2019-10-01,2019,Vix,85,Vendée,248500563,"CC Vendée,Sèvre,Autise",52,Pays de la Loire,Vix,85303
201900007058,2019-08-09T14:05:00+00:00,Evry-gregy-sur-yerre,2019,08,09,16:05,Plein jour,Hors agglomération,9,Pluie forte,Autre collision,77,77175,77175,RN104,"48,6654200","2,6129300",77166,104,"{'lon': 2.633437, 'lat': 48.655108}",19,mouillée,0,A chaussées séparées,,,104,,,,6.0,Route Nationale,399.0,Partie rectiligne,Pente,,Sur accotement,['1996'],['Masculin'],['Se déplaçant'],['Blessé'],,,['-1'],A01,['1'],['Conducteur'],['-1'],['Promenade – loisirs'],['Chocs multiples (tonneaux)'],,PK ou PR ou numéro d’adresse postale croissant,,['Fossé'],['VL seul'],,,,2019,Évry-Grégy-sur-Yerre,77,Seine-et-Marne,200070779,CC Brie des Rivières et Châteaux,11,Île-de-France,Évry-Grégy-sur-Yerre,77175
201900007095,2019-08-09T10:40:00+00:00,Cayenne,2019,08,09,12:40,Plein jour,Hors agglomération,1,Normale,Deux véhicules – par le coté,97,97302,97302,ROUTE NATIONALE 1,"4,9132780","-52,3285085",97300,1,"{'lon': -52.3243, 'lat': 4.905089}",2,normale,0,A sens unique,,,1,,,,2.0,Route Nationale,0.0,Partie rectiligne,Plat,,Sur chaussée,"['1987', '1901']","['Féminin', 'Masculin']","['-1', '-1']","['Blessé', 'Indemne']",,,"['-1', '-1']","B01,Z01","['1', '1']","['Conducteur', 'Conducteur']","['-1', '-1']",,['Côté droit'],['Sans changement de direction'],"PK ou PR ou numéro d’adresse postale croissant,PK ou PR ou numéro d’adresse postale croissant","['Véhicule', 'Véhicule']",,"['VL seul', 'VL seul']",,,,2019,Cayenne,973,Guyane,249730045,CA du Centre Littoral,03,Guyane,Cayenne,97302
201900008099,2019-03-21T14:05:00+00:00,Paris-9e-arrondissement,2019,03,21,15:05,Plein jour,En agglomération,2,Normale,Deux véhicules – par le coté,75,75109,75109,BOULEVARD MONTMARTRE,"48,8719860","2,3400390",75009,,"{'lon': 2.341555, 'lat': 48.871907}",0,normale,0,Bidirectionnelle,,,BOULEVARD MONTMARTRE,,,,2.0,Voie Communale,0.0,Partie rectiligne,Plat,,Sur chaussée,"['1953', '1985']","['Masculin', 'Masculin']","['Se déplaçant', 'Se déplaçant']","['Blessé', 'Indemne']",,,,"B01,A01","['1', '1']","['Conducteur', 'Conducteur']","['-1', '-1']","['Autre', 'Utilisation professionnelle']","['Avant gauche', 'Avant droit']","['Tournant A gauche', 'Sans changement de direction']","PK ou PR ou numéro d’adresse postale croissant,PK ou PR ou numéro d’adresse postale croissant","['Véhicule', 'Véhicule']",,"['Scooter > 50 cm3 et <= 125 cm3', 'VU seul 1']",,,,2019,Paris,75,Paris,200054781,Métropole du Grand Paris,11,Île-de-France,Paris 9e Arrondissement,75109
201900008565,2019-06-02T02:45:00+00:00,Montlouis-sur-loire,2019,06,02,04:45,Crépuscule ou aube,Hors agglomération,6,Normale,Sans collision,37,37156,37156,D140,"47,3679067","0,8311123",37270,140,"{'lon': 0.840951, 'lat': 47.383831}",9,normale,,Bidirectionnelle,,,140,,D,,2.0,Route Départementale,100.0,Partie rectiligne,Plat,Carrefour aménagé,Sur chaussée,"['2000', '1999']","['Masculin', 'Féminin']","['Se déplaçant', 'Se déplaçant']","['Blessé', 'Blessé']",,,,A01,"['1', '2']","['Conducteur', 'Passager']","['-1', '-1']","['Promenade – loisirs', 'Promenade – loisirs']",['Avant'],['Sans changement de direction'],PK ou PR ou numéro d’adresse postale croissant,,['Bordure de trottoir'],['VL seul'],,,,2019,Montlouis-sur-Loire,37,Indre-et-Loire,200073161,CC Touraine-Est Vallées,24,Centre-Val de Loire,Montlouis-sur-Loire,37156
201900008634,2019-06-04T00:15:00+00:00,Calonges,2019,06,04,02:15,Nuit avec éclairage public non allumé,Hors agglomération,1,Normale,Autre collision,47,47046,47046,A62- PK 82.525. SENS TOULOUSE /BORDEAUX,"44,3702220","0,2391800",47430,62,,82,normale,0,A chaussées séparées,Voie réservée,,62,,A,,4.0,Autoroute,500.0,Partie rectiligne,Plat,9,Sur chaussée,['1999'],['Masculin'],['Se déplaçant'],['Blessé'],,,,A01,['1'],['Conducteur'],['-1'],['Utilisation professionnelle'],['Avant gauche'],['Déporté A gauche'],PK ou PR ou numéro d’adresse postale décroissant,,['Glissière métallique'],['Tracteur routier + semi-remorque'],,,,2019,Calonges,47,Lot-et-Garonne,200030674,CA Val de Garonne Agglomération,75,Nouvelle-Aquitaine,Calonges,47046
201900009575,2019-09-14T17:15:00+00:00,Neuilly-plaisance,2019,09,14,19:15,Crépuscule ou aube,En agglomération,2,Normale,Deux véhicules – par le coté,93,93049,93049,MARECHAL FOCH (AVENUE) PL J.MERMOZ->2 CO,"48,8625200","2,5039800",93360,2,,0,normale,0,A sens unique,,,30,,,,1.0,Route Départementale,0.0,Partie rectiligne,Pente,,Sur chaussée,"['1971', '1999', '1996']","['Masculin', 'Féminin', 'Masculin']","['-1', '-1', '-1']","['Blessé', 'Blessé', 'Indemne']",,,"['-1', '-1', '-1']","A01,B01","['1', '2', '1']","['Conducteur', 'Passager', 'Conducteur']","['-1', '-1', '-1']","['Autre', 'Promenade – loisirs', 'Promenade – loisirs']","['Avant droit', 'Avant gauche']","['Sans changement de direction', 'Sans changement de direction']","3,PK ou PR ou numéro d’adresse postale décroissant","['Véhicule', 'Véhicule']",,"['VL seul', 'VL seul']",,,,2019,Neuilly-Plaisance,93,Seine-Saint-Denis,200054781,Métropole du Grand Paris,11,Île-de-France,Neuilly-Plaisance,93049
201900009632,2019-09-16T13:30:00+00:00,Le Bleymard,2019,09,16,15:30,Plein jour,Hors agglomération,1,Normale,Sans collision,48,48027,48027,Mirandol (Chasseradès),"44,5540260","3,7900990",48190,,,13,normale,0,Bidirectionnelle,,,6,,,,2.0,Route Départementale,500.0,En courbe à droite,Plat,,Sur accotement,"['2017', '1959', '1985']","['Féminin', 'Féminin', 'Féminin']","['Se déplaçant', 'Se déplaçant', 'Se déplaçant']","['Indemne', 'Indemne', 'Blessé']",,,,A01,"['7', '1', '2']","['Passager', 'Conducteur', 'Passager']","['-1', '-1', '-1']","['Autre', 'Autre', 'Autre']",['Chocs multiples (tonneaux)'],['Sans changement de direction'],PK ou PR ou numéro d’adresse postale décroissant,,['Sortie de chaussée sans obstacle'],['VL seul'],,,,2019,Mont Lozère et Goulet,48,Lozère,200069128,CC Mont Lozère,76,Occitanie,Mont Lozère et Goulet,48027
201900010015,2019-02-10T16:45:00+00:00,Attainville,2019,02,10,17:45,Nuit sans éclairage public,Hors agglomération,1,Pluie forte,Autre collision,95,95028,95028,RN 104,"49,0599800","2,3550500",95570,104,"{'lon': 2.335427, 'lat': 49.05151}",10,mouillée,0,A chaussées séparées,,,104,,,,5.0,Route Nationale,0.0,En courbe à gauche,Plat,,Sur chaussée,"['2018', '1987']","['Féminin', 'Féminin']","['Se déplaçant', 'Se déplaçant']","['Blessé', 'Blessé']",,,"['-1', '-1']",A01,"['2', '1']","['Passager', 'Conducteur']","['-1', '-1']",,['Avant'],['Sans changement de direction'],PK ou PR ou numéro d’adresse postale croissant,,['Glissière béton'],['VL seul'],,,,2019,Attainville,95,Val-d'Oise,200056380,CA Plaine Vallée,11,Île-de-France,Attainville,95028
201900010305,2019-06-19T15:20:00+00:00,Villefort,2019,06,19,17:20,Plein jour,En agglomération,1,Normale,Deux véhicules - frontale,48,48198,48198,Avenue de la Gare,"44,4392620","3,9216350",48800,,"{'lon': 3.929458, 'lat': 44.440982}",0,normale,,Bidirectionnelle,,,66,,,,2.0,Route Départementale,830.0,En « S »,Pente,Pont - autopont,Sur chaussée,"['1968', '2002']","['Féminin', 'Masculin']","['Se déplaçant', 'Se déplaçant']","['Blessé', 'Indemne']",,,,"B01,A01","['1', '1']","['Conducteur', 'Conducteur']","['-1', '-1']","['Promenade – loisirs', 'Promenade – loisirs']","['Avant', 'Avant']","['Même sens', 'Même sens']","PK ou PR ou numéro d’adresse postale décroissant,PK ou PR ou numéro d’adresse postale croissant","['Véhicule', 'Autre']",,"['Bicyclette', 'Cyclomoteur <50cm3']",,,,2019,Villefort,48,Lozère,200069128,CC Mont Lozère,76,Occitanie,Villefort,48198
201900010969,2019-07-05T09:00:00+00:00,Boulogne-billancourt,2019,07,05,11:00,Plein jour,En agglomération,1,Pluie légère,Sans collision,92,92012,92012,SILLY (RUE DE) 1/87 - 2/88,"48,8417000","2,2312100",92100,1,"{'lon': 2.232143, 'lat': 48.836604}",0,mouillée,0,Bidirectionnelle,,,SILLY (RUE DE) 1/87 - 2/88,,,,3.0,7,0.0,Partie rectiligne,Plat,,Sur chaussée,['1981'],['Masculin'],['Se déplaçant'],['Blessé'],,,['-1'],A01,['1'],['Conducteur'],['-1'],,['Avant gauche'],['26'],3,,,['Motocyclette > 50 cm3 et <= 125 cm3'],,,,2019,Boulogne-Billancourt,92,Hauts-de-Seine,200054781,Métropole du Grand Paris,11,Île-de-France,Boulogne-Billancourt,92012
201900011277,2019-12-13T15:16:00+00:00,Toulouse,2019,12,13,16:16,Plein jour,En agglomération,1,Pluie légère,Deux véhicules – par le coté,31,31555,31555,RTE DE NARBONNE,"43,5670000","1,4583400",31000,,"{'lon': 1.441281, 'lat': 43.59645}",0,mouillée,0,Bidirectionnelle,,,113,,,,2.0,Route Départementale,0.0,Partie rectiligne,Plat,,Sur chaussée,"['1991', '1997']","['Féminin', 'Masculin']","['-1', '-1']","['Blessé', 'Indemne']",,,"['-1', '-1']","A01,B01","['1', '1']","['Conducteur', 'Conducteur']","['-1', '-1']","['Autre', 'Autre']","['Avant droit', 'Avant gauche']","['Tournant A gauche', 'Sans changement de direction']",,"['Véhicule', 'Véhicule']",,"['VL seul', 'Motocyclette > 125 cm3']",,,,2019,Toulouse,31,Haute-Garonne,243100518,Toulouse Métropole,76,Occitanie,Toulouse,31555
201900012290,2019-08-11T14:00:00+00:00,Prunieres,2019,08,11,16:00,Plein jour,Hors agglomération,1,Normale,Deux véhicules - frontale,5,05106,5106,N94,"44,5297250","6,3334029",05230,94,"{'lon': 6.327127, 'lat': 44.548493}",92,normale,,Bidirectionnelle,,,94,,,,2.0,Route Nationale,200.0,En courbe à droite,Plat,,Sur chaussée,"['1962', '1964', '1993']","['Masculin', 'Féminin', 'Féminin']","['Se déplaçant', 'Se déplaçant', 'Se déplaçant']","['Tué', 'Tué', 'Blessé']",,,,"B01,A01","['1', '2', '1']","['Conducteur', 'Passager', 'Conducteur']","['-1', '-1', '-1']",['Promenade – loisirs'],"['Avant', 'Avant gauche']","['Sans changement de direction', 'Déporté A gauche']","PK ou PR ou numéro d’adresse postale décroissant,PK ou PR ou numéro d’adresse postale croissant","['Véhicule', 'Véhicule']",,"['Motocyclette > 125 cm3', 'VL seul']",,,,2019,Prunières,05,Hautes-Alpes,200067742,CC Serre-Ponçon,93,Provence-Alpes-Côte d'Azur,Prunières,5106
201900012658,2019-07-07T02:00:00+00:00,Bertry,2019,07,07,04:00,Nuit sans éclairage public,Hors agglomération,1,Normale,Sans collision,59,59074,59074,départementale 115,"50,0867330","3,4410940",59980,115,,(1),normale,,Bidirectionnelle,Piste cyclable,,115,,,,2.0,Route Départementale,,En courbe à gauche,Plat,9,Sur chaussée,"['1984', '1987', '1993', '1986', '1997', '2000', '1998']","['Masculin', 'Masculin', 'Masculin', 'Féminin', 'Féminin', 'Féminin', 'Masculin']","['Se déplaçant', 'Se déplaçant', 'Se déplaçant', 'Se déplaçant', 'Se déplaçant', 'Se déplaçant', 'Se déplaçant']","['Blessé', 'Blessé', 'Indemne', 'Blessé', 'Blessé', 'Blessé', 'Blessé']",,,,A01,"['8', '1', '3', '9', '2', '4', '7']","['Passager', 'Conducteur', 'Passager', 'Passager', 'Passager', 'Passager', 'Passager']","['-1', '-1', '-1', '-1', '-1', '-1', '-1']","['Promenade – loisirs', 'Promenade – loisirs', 'Promenade – loisirs', 'Promenade – loisirs', 'Promenade – loisirs', 'Promenade – loisirs', 'Promenade – loisirs']",['Chocs multiples (tonneaux)'],['Sans changement de direction'],PK ou PR ou numéro d’adresse postale croissant,,['Bordure de trottoir'],['VL seul'],,,,2019,Bertry,59,Nord,200030633,CA du Caudrésis et du Catésis,32,Hauts-de-France,Bertry,59074
201900000077,2019-11-24T09:30:00+00:00,Tarascon,2019,11,24,10:30,Plein jour,Hors agglomération,1,Pluie légère,Sans collision,13,13108,13108,RD 970 ROUTE D'AVIGNON,"43,8204321","4,6865004",13150,970,"{'lon': 4.695074, 'lat': 43.824234}",1,mouillée,0,Bidirectionnelle,,,970,,,,0.0,Route Départementale,0.0,Partie rectiligne,Plat,,Sur chaussée,['1987'],['Masculin'],['Se déplaçant'],['Blessé'],,,['-1'],A01,['1'],['Conducteur'],['-1'],['Promenade – loisirs'],['Chocs multiples (tonneaux)'],['Dépassant A gauche'],PK ou PR ou numéro d’adresse postale croissant,,['Fossé'],['VL seul'],,,,2019,Tarascon,13,Bouches-du-Rhône,241300417,CA d'Arles-Crau-Camargue-Montagnette,93,Provence-Alpes-Côte d'Azur,Tarascon,13108
201900000394,2019-06-13T12:30:00+00:00,Montreuil,2019,06,13,14:30,Plein jour,En agglomération,1,Normale,Deux véhicules – par le coté,93,93048,93048,PARIS (RUE DE),"48,8578882","2,4351291",93100,,"{'lon': 2.425784, 'lat': 48.856241}",0,normale,0,-1,,,902,,,,2.0,Route Départementale,1.0,Partie rectiligne,Plat,,Sur chaussée,"['1965', '1992']","['Féminin', 'Masculin']","['-1', '-1']","['Blessé', 'Indemne']",,,"['-1', '-1']","B01,A01","['1', '1']","['Conducteur', 'Conducteur']","['-1', '-1']","['Domicile – travail', 'Utilisation professionnelle']",['Avant'],['Même sens'],"PK ou PR ou numéro d’adresse postale croissant,PK ou PR ou numéro d’adresse postale croissant",,['Véhicule en stationnement'],"['Bicyclette', 'VL seul']",,,,2019,Montreuil,93,Seine-Saint-Denis,200054781,Métropole du Grand Paris,11,Île-de-France,Montreuil,93048
201900000810,2019-09-20T13:35:00+00:00,Paris-12e-arrondissement,2019,09,20,15:35,Plein jour,En agglomération,1,Normale,Autre collision,75,75112,75112,ROUTE ROYALE DE BEAUTE,"48,8341140","2,4435680",75012,,"{'lon': 2.464272, 'lat': 48.827228}",0,normale,0,Bidirectionnelle,Piste cyclable,,ROUTE ROYALE DE BEAUTE,,,,2.0,Voie Communale,0.0,Partie rectiligne,Plat,,Sur piste cyclable,['1945'],['Masculin'],['Se déplaçant'],['Blessé'],,,,B01,['1'],['Conducteur'],['-1'],['Promenade – loisirs'],['Avant'],['Sans changement de direction'],PK ou PR ou numéro d’adresse postale croissant,,['Véhicule en stationnement'],['Bicyclette'],,,2019-10-01,2019,Paris,75,Paris,200054781,Métropole du Grand Paris,11,Île-de-France,Paris 12e Arrondissement,75112
201900001756,2019-10-18T11:23:00+00:00,La Ravoire,2019,10,18,13:23,Plein jour,En agglomération,6,Normale,Autre collision,73,73213,73213,D5 Rue des Belledonnes,"45,5516210","5,9693155",73490,5,"{'lon': 5.963078, 'lat': 45.556105}",2,normale,,Bidirectionnelle,,,5,,,,2.0,Route Départementale,580.0,En courbe à droite,Plat,Carrefour aménagé,Sur chaussée,"['2000', '2003']","['Féminin', 'Masculin']","['Traversant', 'Se déplaçant']","['Blessé', 'Blessé']",,,['Sur passage piéton - Sans signalisation lumineuse'],A01,"['10', '1']","['Piéton', 'Conducteur']","['Seul', '-1']",['Autre'],['Avant'],['Sans changement de direction'],,['Piéton'],,['Cyclomoteur <50cm3'],,,,2019,La Ravoire,73,Savoie,200069110,CA du Grand Chambéry,84,Auvergne-Rhône-Alpes,La Ravoire,73213