num_acc,datetime,nom_com,an,mois,jour,hrmn,lum,agg,int,atm,col,dep,com,insee,adr,lat,long,code_postal,num,coordonnees,pr,surf,v1,circ,vosp,env1,voie,larrout,v2,lartpc,nbv,catr,pr1,plan,prof,infra,situ,an_nais,sexe,actp,grav,secu,secu_utl,locp,num_veh,place,catu,etatp,trajet,choc,manv,senc,obsm,obs,catv,occutc,gps,date,year_georef,com_name,dep_code,dep_name,epci_code,epci_name,reg_code,reg_name,com_arm_name,com_code
201800007440,2018-10-05T08:15:00+00:00,Sainte-savine,2018,10,05,10:15,Plein jour,En agglomération,1,Normale,Autre collision,10,362,10362,SAVIPOL (ZI),4829293,0401778,10300,,"{'lon': 4.013782, 'lat': 48.292742}",0,normale,,Bidirectionnelle,,00,,,,,1.0,Voie Communale,0.0,En courbe à gauche,Plat,,Sur accotement,"['1936', '1939', '1948']","['Féminin', 'Féminin', 'Masculin']","['Se déplaçant', 'Se déplaçant Sens véhicule heurtant']","['Indemne', 'Indemne', 'Blessé']","['Ceinture', 'Ceinture', 'Dispositif enfants']","['Oui', 'Oui', 'Non déterminable']",['Sur chaussée - A + 50 m du passage piéton'],A01,"['1', '2']","['Conducteur', 'Passager', 'Piéton']",['Seul'],"['Courses – achats', 'Courses – achats', 'Courses – achats']",['Avant droit'],['En s’insérant'],PK ou PR ou numéro d’adresse postale croissant,['Piéton'],,['VL seul'],,Métropole,,2018,Sainte-Savine,10,Aube,200069250,CA Troyes Champagne Métropole,44,Grand Est,Sainte-Savine,10362
201800007555,2018-11-04T03:30:00+00:00,L'albenc,2018,11,04,04:30,Nuit sans éclairage public,Hors agglomération,1,Temps couvert,Sans collision,38,004,38004,A49,4520688,0544818,38470,49,"{'lon': 5.456626, 'lat': 45.217585}",20,mouillée,,A chaussées séparées,,00,49,,,,4.0,Autoroute,300.0,Partie rectiligne,Sommet de côte,,Sur bande d’arrêt d’urgence,['1996'],['Masculin'],['Se déplaçant'],['Tué'],['Ceinture'],['Oui'],,A01,['1'],['Conducteur'],,['Promenade – loisirs'],['Avant droit'],,PK ou PR ou numéro d’adresse postale croissant,,['Fossé'],['VL seul'],,Métropole,,2018,L'Albenc,38,Isère,200070431,CC Saint-Marcellin Vercors Isère Communauté,84,Auvergne-Rhône-Alpes,L'Albenc,38004
201800008393,2018-01-24T11:15:00+00:00,,2018,01,24,12:15,Plein jour,En agglomération,3,Normale,Deux véhicules – par le coté,13,055,13055,"255, OLIVES (AVENUE DES)",4332354,0544542,,255,"{'lon': 5.445696, 'lat': 43.323528}",,normale,,Bidirectionnelle,,00,4,75.0,,0.0,1.0,Route Départementale,,Partie rectiligne,Pente,,Sur chaussée,"['1964', '2000']","['Masculin', 'Masculin']","['Se déplaçant', 'Se déplaçant']","['Indemne', 'Blessé']","['Ceinture', 'Casque']","['Oui', 'Oui']",,"B01,A01","['1', '1']","['Conducteur', 'Conducteur']",,"['Autre', 'Autre']","['Avant gauche', 'Avant droit']","['Tournant A gauche', 'Dépassant A gauche']","PK ou PR ou numéro d’adresse postale croissant,PK ou PR ou numéro d’adresse postale croissant","['Véhicule', 'Véhicule']",,"['VL seul', 'Scooter < 50 cm3']",,Métropole,,2018,Marseille,13,Bouches-du-Rhône,200054807,Métropole d'Aix-Marseille-Provence,93,Provence-Alpes-Côte d'Azur,,13055
201800008664,2018-03-13T23:05:00+00:00,,2018,03,14,00:05,Nuit avec éclairage public allumé,En agglomération,1,Normale,Deux véhicules – par le coté,13,055,13055,"256, ROGER SALENGRO (AVE",4332178,0536765,,256,"{'lon': 4.879686, 'lat': 45.778607}",,normale,,Bidirectionnelle,,99,0,10.0,,10.0,2.0,Voie Communale,,Partie rectiligne,Plat,,Sur chaussée,['1981'],['Masculin'],['Se déplaçant'],['Blessé'],['Casque'],['Oui'],,"A01,Z01",['1'],['Conducteur'],,,"['Avant', 'Côté gauche']","['Traversant la chaussée', 'Manœuvre de stationnement']","PK ou PR ou numéro d’adresse postale croissant,PK ou PR ou numéro d’adresse postale croissant",['Véhicule'],['Véhicule en stationnement'],"['Motocyclette > 50 cm3 et <= 125 cm3', 'VL seul']",,Métropole,,2018,Marseille,13,Bouches-du-Rhône,200054807,Métropole d'Aix-Marseille-Provence,93,Provence-Alpes-Côte d'Azur,,13055
201800008741,2018-03-27T10:05:00+00:00,,2018,03,27,12:05,Plein jour,En agglomération,1,Normale,Autre collision,13,055,13055,"162, TIMONE (AVENUE DE L",4328671,0541072,,162,"{'lon': 5.410993, 'lat': 43.285545}",,normale,,Bidirectionnelle,,99,0,40.0,,0.0,2.0,Voie Communale,,Partie rectiligne,Plat,,Sur chaussée,"['1935', '2005']","['Féminin', 'Masculin']","['Se déplaçant', 'Traversant']","['Indemne', 'Blessé']",['Ceinture'],['Oui'],['Sur chaussée - A – 50 m du passage piéton'],A01,['1'],"['Conducteur', 'Piéton']",['Seul'],"['Promenade – loisirs', 'Domicile – école']",['Avant droit'],['Dépassant A gauche'],PK ou PR ou numéro d’adresse postale décroissant,['Piéton'],,['VL seul'],,Métropole,,2018,Marseille,13,Bouches-du-Rhône,200054807,Métropole d'Aix-Marseille-Provence,93,Provence-Alpes-Côte d'Azur,,13055
201800009331,2018-07-05T15:15:00+00:00,,2018,07,05,17:15,Plein jour,En agglomération,1,Normale,Autre collision,13,055,13055,REPUBLIQUE RUE DE LA),4330386,0536810,,,"{'lon': 1.434305, 'lat': 43.59846}",0,normale,,A chaussées séparées,,00,,,,,2.0,Voie Communale,0.0,Partie rectiligne,Plat,,Sur accotement,"['1999', '1966']","['Masculin', 'Féminin']",['Traversant'],"['Indemne', 'Blessé']","['Casque', 'Dispositif enfants']","['Oui', 'Non déterminable']",['Sur trottoir'],A01,['1'],"['Conducteur', 'Piéton']",['Seul'],"['Promenade – loisirs', 'Courses – achats']",['Avant'],,PK ou PR ou numéro d’adresse postale croissant,['Piéton'],,['Scooter < 50 cm3'],,Métropole,,2018,Marseille,13,Bouches-du-Rhône,200054807,Métropole d'Aix-Marseille-Provence,93,Provence-Alpes-Côte d'Azur,,13055
201800011952,2018-08-11T07:35:00+00:00,La Feuillade,2018,08,11,09:35,Plein jour,Hors agglomération,1,Normale,Deux véhicules - frontale,24,179,24179,RD60,4511602,0140723,24120,60,"{'lon': 1.397413, 'lat': 45.116066}",1,normale,,Bidirectionnelle,,00,60,,,,2.0,Route Départementale,620.0,En courbe à droite,Pente,,Sur chaussée,"['1954', '1965', '1970']","['Masculin', 'Féminin', 'Masculin']","['Se déplaçant', 'Se déplaçant', 'Se déplaçant']","['Blessé', 'Blessé', 'Blessé']","['Ceinture', 'Ceinture', 'Ceinture']","['Oui', 'Oui', 'Non déterminable']",,"B01,A01","['1', '2', '1']","['Conducteur', 'Passager', 'Conducteur']",,"['Promenade – loisirs', 'Promenade – loisirs', 'Promenade – loisirs']","['Avant', 'Avant']","['Sans changement de direction', 'A contresens']","PK ou PR ou numéro d’adresse postale décroissant,PK ou PR ou numéro d’adresse postale croissant","['Véhicule', 'Véhicule']",,"['VL seul', 'VL seul']",,Métropole,,2018,La Feuillade,24,Dordogne,200041150,CC du Terrassonnais en Périgord Noir Thenon Hautefort,75,Nouvelle-Aquitaine,La Feuillade,24179
201800031486,2018-10-09T14:45:00+00:00,Banyuls-dels-aspres,2018,10,09,16:45,Plein jour,Hors agglomération,1,Pluie forte,Trois véhicules et plus – en chaîne,66,015,66015,autoroute A9 PK265+000 s,,,66300,9,"{'lon': 2.865095, 'lat': 42.559254}",265,mouillée,,A sens unique,,00,9,,,,3.0,Autoroute,0.0,Partie rectiligne,Plat,,Sur chaussée,"['1949', '1981', '1950', '1957']","['Masculin', 'Féminin', 'Masculin', 'Masculin']","['Se déplaçant', 'Se déplaçant', 'Se déplaçant', 'Se déplaçant']","['Indemne', 'Blessé', 'Blessé', 'Indemne']","['Ceinture', 'Ceinture', 'Ceinture', 'Ceinture']","['Oui', 'Oui', 'Oui', 'Oui']",,"A01,C01,D01,B01","['1', '1', '1', '1']","['Conducteur', 'Conducteur', 'Conducteur', 'Conducteur']",,"['Promenade – loisirs', 'Promenade – loisirs', 'Courses – achats', 'Promenade – loisirs']","['Arrière', 'Arrière droit', 'Avant gauche', 'Avant']","['Sans changement de direction', 'Même sens', 'Même sens', 'Même sens']","PK ou PR ou numéro d’adresse postale décroissant,PK ou PR ou numéro d’adresse postale décroissant,PK ou PR ou numéro d’adresse postale décroissant,PK ou PR ou numéro d’adresse postale décroissant",,"['Véhicule en stationnement', 'Véhicule en stationnement']","['VL seul', 'VL seul', 'VL seul', 'VL seul']",,Métropole,,2018,Banyuls-dels-Aspres,66,Pyrénées-Orientales,246600449,CC des Aspres,76,Occitanie,Banyuls-dels-Aspres,66015
201800031571,2018-03-28T05:10:00+00:00,Les Roches-de-condrieu,2018,03,28,07:10,Crépuscule ou aube,En agglomération,1,Pluie légère,Autre collision,38,340,38340,Avenue de la Libération,4545213,0476724,38370,,"{'lon': 4.767991, 'lat': 45.453273}",17,mouillée,,Bidirectionnelle,,00,4,,,,2.0,Route Départementale,500.0,Partie rectiligne,Plat,,Sur chaussée,"['1996', '1995']","['Féminin', 'Féminin']","['Traversant', 'Se déplaçant']","['Blessé', 'Indemne']","['Casque', 'Ceinture']","['Non', 'Oui']",['Sur passage piéton - Sans signalisation lumineuse'],A01,['1'],"['Piéton', 'Conducteur']",['Seul'],"['Domicile – école', 'Domicile – école']",['Avant'],['Sans changement de direction'],PK ou PR ou numéro d’adresse postale décroissant,['Piéton'],,['VL seul'],,Métropole,,2018,Les Roches-de-Condrieu,38,Isère,243800778,CC du Pays Roussillonnais,84,Auvergne-Rhône-Alpes,Les Roches-de-Condrieu,38340
201800034219,2018-05-01T14:45:00+00:00,Lagny-sur-marne,2018,05,01,16:45,Plein jour,En agglomération,1,Normale,Deux véhicules – par l’arrière,77,243,77243,SAINT DENIS  (RUE   ),4888000,0271000,77400,,"{'lon': 2.712246, 'lat': 48.878894}",0,normale,,Bidirectionnelle,,00,,,,,1.0,Voie Communale,0.0,Partie rectiligne,Plat,,Sur accotement,"['1953', '1999', '1962']","['Masculin', 'Masculin', 'Masculin']",,"['Indemne', 'Blessé', 'Indemne']","['Ceinture', 'Casque', 'Ceinture']","['Oui', 'Oui', 'Oui']",,"B01,A01","['1', '1', '2']","['Conducteur', 'Conducteur', 'Passager']",,['Autre'],['Avant'],['Déporté A gauche'],"PK ou PR ou numéro d’adresse postale décroissant,PK ou PR ou numéro d’adresse postale décroissant","['Véhicule', 'Véhicule']",,"['VU seul 1', 'Scooter < 50 cm3']",,Métropole,,2018,Lagny-sur-Marne,77,Seine-et-Marne,247700594,CA Marne et Gondoire,11,Île-de-France,Lagny-sur-Marne,77243
201800034951,2018-01-14T17:05:00+00:00,Amiens,2018,01,14,18:05,Nuit avec éclairage public allumé,En agglomération,1,Normale,Autre collision,80,021,80021,"24, R CESAR FRANCK",4991071,0230975,80090,24,,,normale,,Bidirectionnelle,,00,0,0.0,,0.0,2.0,Voie Communale,,Partie rectiligne,Plat,,Sur chaussée,"['1991', '1974']","['Masculin', 'Masculin']","['Traversant', 'Se déplaçant']","['Blessé', 'Indemne']",['Ceinture'],['Oui'],['Sur passage piéton - Sans signalisation lumineuse'],A01,['1'],"['Piéton', 'Conducteur']",['Seul'],"['Autre', 'Autre']",['Avant'],['Sans changement de direction'],,['Piéton'],,['VL seul'],,Métropole,,2018,Amiens,80,Somme,248000531,CA Amiens Métropole,32,Hauts-de-France,Amiens,80021
201800036368,2018-07-05T14:42:00+00:00,Offemont,2018,07,05,16:42,Plein jour,Hors agglomération,1,Pluie légère,Deux véhicules - frontale,90,075,90075,R.D.22,4766449,0686583,90300,22,"{'lon': 6.872147, 'lat': 47.688598}",0,normale,,Bidirectionnelle,,00,22,,,,2.0,Route Départementale,0.0,En courbe à droite,Plat,,Sur accotement,"['1989', '1993', '1999', '1989']","['Masculin', 'Féminin', 'Masculin', 'Masculin']",,"['Blessé', 'Blessé', 'Blessé', 'Blessé']","['Ceinture', 'Ceinture', 'Ceinture', 'Ceinture']","['Oui', 'Oui', 'Oui', 'Oui']",,"A01,B01","['2', '4', '1', '1']","['Passager', 'Passager', 'Conducteur', 'Conducteur']",,"['Promenade – loisirs', 'Promenade – loisirs', 'Promenade – loisirs']","['Avant', 'Avant gauche']",['Déporté A gauche'],"PK ou PR ou numéro d’adresse postale croissant,PK ou PR ou numéro d’adresse postale décroissant","['Véhicule', 'Véhicule']",,"['VL seul', 'VL seul']",,Métropole,,2018,Offemont,90,Territoire de Belfort,200069052,CA Grand Belfort,27,Bourgogne-Franche-Comté,Offemont,90075
201800025475,2018-09-03T05:47:00+00:00,Tours,2018,09,03,07:47,Plein jour,En agglomération,1,Normale,Deux véhicules – par le coté,37,261,37261,MONGE (AVENUE),4735700,0070300,37000,,"{'lon': 0.692595, 'lat': 47.381509}",0,normale,,Bidirectionnelle,,00,,,,,2.0,Voie Communale,0.0,Partie rectiligne,Plat,,Sur accotement,"['1998', '1969']","['Masculin', 'Masculin']",,"['Indemne', 'Blessé']","['Ceinture', 'Casque']","['Oui', 'Oui']",,"A01,B01","['1', '1']","['Conducteur', 'Conducteur']",,"['Domicile – école', 'Domicile – travail']","['Avant', 'Avant droit']","['Sans changement de direction', 'Manœuvre de stationnement']",PK ou PR ou numéro d’adresse postale décroissant,"['Véhicule', 'Véhicule']",,"['Motocyclette > 125 cm3', 'VL seul']",,Métropole,,2018,Tours,37,Indre-et-Loire,243700754,Tours Métropole Val de Loire,24,Centre-Val de Loire,Tours,37261
201800026285,2018-02-20T01:25:00+00:00,Reze,2018,02,20,02:25,Nuit avec éclairage public allumé,En agglomération,1,Normale,Autre collision,44,143,44143,"10, RUE DE LA ROBINIERE",4716277,-153717,44400,10,"{'lon': -1.537074, 'lat': 47.162813}",,normale,,,,00,0,0.0,,0.0,1.0,Voie Communale,,Partie rectiligne,Plat,,Sur chaussée,"['1992', '1990', '1981']","['Masculin', 'Masculin', 'Masculin']","['Se déplaçant', 'Se déplaçant', 'Se déplaçant']","['Blessé', 'Blessé', 'Indemne']","['Ceinture', 'Ceinture', 'Ceinture']","['Oui', 'Non déterminable', 'Non déterminable']",,A01,"['1', '3', '2']","['Conducteur', 'Passager', 'Passager']",,"['Promenade – loisirs', 'Promenade – loisirs', 'Promenade – loisirs']",['Avant'],['Sans changement de direction'],,,['Bâtiment'],['VL seul'],,Métropole,,2018,Rezé,44,Loire-Atlantique,244400404,Nantes Métropole,52,Pays de la Loire,Rezé,44143
201800026553,2018-06-22T14:45:00+00:00,Saint-nazaire,2018,06,22,16:45,Plein jour,En agglomération,1,Normale,Autre collision,44,184,44184,COUBERTIN (AVENUE PIERRE,4727020,-223340,44600,,"{'lon': -2.232889, 'lat': 47.270693}",,normale,,Bidirectionnelle,,00,,,,,2.0,Voie Communale,,Partie rectiligne,Plat,,Sur bande d’arrêt d’urgence,"['1948', '2003']","['Féminin', 'Féminin']",['Traversant'],"['Indemne', 'Blessé']",['Ceinture'],['Oui'],['Sur chaussée - A – 50 m du passage piéton'],A01,['1'],"['Conducteur', 'Piéton']",['Seul'],"['Domicile – école', 'Domicile – école']",['Avant'],['Sans changement de direction'],PK ou PR ou numéro d’adresse postale croissant,['Piéton'],,['VL seul'],,Métropole,,2018,Saint-Nazaire,44,Loire-Atlantique,244400644,CA de la Région Nazairienne et de l'Estuaire (Carene),52,Pays de la Loire,Saint-Nazaire,44184
201800027829,2018-12-19T15:00:00+00:00,Cherbourg-octeville,2018,12,19,16:00,Plein jour,En agglomération,1,Normale,Deux véhicules – par le coté,50,129,50129,COUBERTIN (RUE PIERRE DE,4964235,-163908,50110,,"{'lon': -1.587181, 'lat': 49.649013}",0,normale,,Bidirectionnelle,,00,,,,,2.0,Voie Communale,0.0,Partie rectiligne,Plat,,Sur accotement,"['2002', '1977']","['Masculin', 'Féminin']",,"['Blessé', 'Indemne']","['Casque', 'Ceinture']","['Oui', 'Oui']",,"B01,A01","['1', '1']","['Conducteur', 'Conducteur']",,"['Promenade – loisirs', 'Promenade – loisirs']","['Avant', 'Côté gauche']","['Sans changement de direction', 'En s’insérant']",,"['Véhicule', 'Véhicule']",,"['Cyclomoteur <50cm3', 'VL seul']",,Métropole,,2018,Cherbourg-en-Cotentin,50,Manche,200067205,CA du Cotentin,28,Normandie,Cherbourg-en-Cotentin,50129
201800028238,2018-07-13T07:50:00+00:00,Change,2018,07,13,09:50,Plein jour,Hors agglomération,1,Normale,Deux véhicules - frontale,53,054,53054,VC (ancienne RD104),4809443,-078680,53810,104,,1,normale,,Bidirectionnelle,,00,,,,,2.0,Voie Communale,0.0,En « S »,Plat,,Sur accotement,"['2000', '1969', '1963']","['Masculin', 'Masculin', 'Féminin']",,"['Indemne', 'Tué', 'Blessé']","['Dispositif enfants', 'Ceinture', 'Ceinture']","['Non déterminable', 'Oui', 'Oui']",,"A01,B01","['7', '1', '1']","['Passager', 'Conducteur', 'Conducteur']",,"['Promenade – loisirs', 'Promenade – loisirs', 'Utilisation professionnelle']","['Avant', 'Avant gauche']","['Déporté A gauche', 'Sans changement de direction']","PK ou PR ou numéro d’adresse postale croissant,PK ou PR ou numéro d’adresse postale croissant","['Véhicule', 'Véhicule']",,"['VL seul', 'Autobus']",['3'],Métropole,,2018,Changé,53,Mayenne,245300330,CA de Laval,52,Pays de la Loire,Changé,53054
201800029695,2018-06-11T13:50:00+00:00,Roubaix,2018,06,11,15:50,Plein jour,En agglomération,1,Normale,Autre collision,59,512,59512,PARABOLES (AVENUE DES),5068770,0317598,59100,,"{'lon': 3.170298, 'lat': 50.672903}",0,normale,,A chaussées séparées,,00,,,,,1.0,Voie Communale,0.0,Partie rectiligne,Plat,,Sur accotement,"['1970', '1996']","['Masculin', 'Féminin']","['Traversant', 'Se déplaçant']","['Blessé', 'Indemne']","['Dispositif enfants', 'Ceinture']","['Non déterminable', 'Oui']",['Sur chaussée - A + 50 m du passage piéton'],A01,['1'],"['Piéton', 'Conducteur']",['Seul'],['Domicile – travail'],['Avant'],['Sans changement de direction'],PK ou PR ou numéro d’adresse postale croissant,['Piéton'],,['VL seul'],,Métropole,,2018,Roubaix,59,Nord,245900410,Métropole Européenne de Lille,32,Hauts-de-France,Roubaix,59512
201800054050,2018-03-31T18:00:00+00:00,Paris-18e-arrondissement,2018,03,31,20:00,Crépuscule ou aube,En agglomération,1,Normale,Autre collision,75,118,75118,"50, AVENUE DE LA PORTE D",4890140,0235194,75018,50,"{'lon': 2.352359, 'lat': 48.900391}",,normale,,Bidirectionnelle,,00,,50.0,,0.0,2.0,Voie Communale,,Partie rectiligne,Plat,,Sur chaussée,['1967'],['Féminin'],['Traversant'],['Blessé'],,,['Sur passage piéton - Sans signalisation lumineuse'],Z01,,['Piéton'],['Seul'],,['Avant'],['Sans changement de direction'],PK ou PR ou numéro d’adresse postale croissant,['Piéton'],,['VL seul'],,Métropole,,2018,Paris,75,Paris,200054781,Métropole du Grand Paris,11,Île-de-France,Paris 18e Arrondissement,75118
201800054309,2018-01-11T07:30:00+00:00,Paris-19e-arrondissement,2018,01,11,08:30,Plein jour,En agglomération,1,Normale,Autre collision,75,119,75119,"11, QUAI DE LA SEINE",4888460,0237048,75019,11,"{'lon': 2.37041, 'lat': 48.884696}",,mouillée,,A sens unique,,99,,0.0,,0.0,1.0,Voie Communale,,Partie rectiligne,Plat,,Sur chaussée,"['1991', '1985']","['Féminin', 'Masculin']","['Traversant', 'Se déplaçant']","['Blessé', 'Indemne']",['Casque'],['Oui'],['Sur chaussée - A – 50 m du passage piéton'],A01,['1'],"['Piéton', 'Conducteur']",['En groupe'],"['Promenade – loisirs', 'Domicile – travail']",['Avant droit'],['Sans changement de direction'],PK ou PR ou numéro d’adresse postale décroissant,['Piéton'],,['Cyclomoteur <50cm3'],,Métropole,2018-09-01,2018,Paris,75,Paris,200054781,Métropole du Grand Paris,11,Île-de-France,Paris 19e Arrondissement,75119
201800055072,2018-07-10T16:20:00+00:00,Paris-11e-arrondissement,2018,07,10,18:20,Plein jour,En agglomération,2,Normale,Trois véhicules et plus - collisions multiples,75,111,75111,RUE DU CHEMIN VERT,4885780,0237092,75011,,"{'lon': 2.379, 'lat': 48.860494}",,normale,,A sens unique,,99,,60.0,,0.0,2.0,Voie Communale,,Partie rectiligne,Plat,,Sur chaussée,"['1990', '1996', '1999', '1988']","['Masculin', 'Masculin', 'Masculin', 'Masculin']","['Se déplaçant', 'Se déplaçant', 'Se déplaçant', 'Se déplaçant']","['Blessé', 'Blessé', 'Blessé', 'Indemne']","['Casque', 'Casque', 'Casque', 'Ceinture']","['Oui', 'Oui', 'Oui', 'Oui']",,"B01,A01,C01","['1', '2', '1', '1']","['Conducteur', 'Passager', 'Conducteur', 'Conducteur']",,"['Autre', 'Autre', 'Utilisation professionnelle']","['Arrière', 'Avant', 'Avant gauche']","['Arrêté (hors stationnement)', 'Sans changement de direction', 'Arrêté (hors stationnement)']","PK ou PR ou numéro d’adresse postale croissant,PK ou PR ou numéro d’adresse postale croissant,PK ou PR ou numéro d’adresse postale croissant","['Véhicule', 'Véhicule', 'Véhicule']",,"['Cyclomoteur <50cm3', 'Motocyclette > 125 cm3', 'VL seul']",,Métropole,,2018,Paris,75,Paris,200054781,Métropole du Grand Paris,11,Île-de-France,Paris 11e Arrondissement,75111
201800056658,2018-11-30T08:30:00+00:00,Les Abymes,2018,11,30,09:30,Plein jour,Hors agglomération,1,Normale,Autre collision,97,101,97101,RN1-  HAUTEUR DE SORTIE,1625096,6154175,97139,1,,0,normale,,A sens unique,,00,126,,,,1.0,Route Départementale,0.0,Partie rectiligne,Plat,,Sur accotement,"['1928', '1985']","['Féminin', 'Féminin']",['Traversant'],"['Blessé', 'Indemne']","['Dispositif enfants', 'Ceinture']","['Non déterminable', 'Oui']",['Sur chaussée - A + 50 m du passage piéton'],A01,['1'],"['Piéton', 'Conducteur']",['Seul'],"['Promenade – loisirs', 'Promenade – loisirs']",['Avant gauche'],['Dépassant A gauche'],,['Piéton'],,['VL seul'],,Antilles (Martinique ou Guadeloupe),,2018,Les Abymes,971,Guadeloupe,200018653,CA Cap Excellence,01,Guadeloupe,Les Abymes,97101
201800022424,2018-12-04T18:52:00+00:00,Quimper,2018,12,04,19:52,Nuit avec éclairage public allumé,En agglomération,3,Pluie légère,Autre collision,29,232,29232,JAURES JEAN  RUE,4799352,-409894,29000,,"{'lon': -4.099003, 'lat': 47.993623}",1,mouillée,,A sens unique,,00,,,,,1.0,Voie Communale,0.0,Partie rectiligne,Plat,Carrefour aménagé,Sur accotement,['1994'],['Masculin'],,['Blessé'],['Casque'],['Non déterminable'],,A01,['1'],['Conducteur'],,,['Avant'],['Tournant A gauche'],,,['Autre obstacle fixe sur trottoir ou accotement'],['Bicyclette'],,Métropole,,2018,Quimper,29,Finistère,200068120,CA Quimper Bretagne Occidentale,53,Bretagne,Quimper,29232
201800023274,2018-10-03T13:35:00+00:00,Blagnac,2018,10,03,15:35,Plein jour,En agglomération,1,Normale,Deux véhicules – par l’arrière,31,069,31069,DEWOITINE (RD-PT EMILE),4362536,0138275,31700,,"{'lon': 1.382666, 'lat': 43.625848}",0,normale,,A sens unique,,00,,,,,2.0,Voie Communale,0.0,Partie rectiligne,Plat,,Sur accotement,"['1985', '1981', '1978']","['Masculin', 'Masculin', 'Masculin']",,"['Indemne', 'Indemne', 'Blessé']","['Ceinture', 'Ceinture', 'Ceinture']","['Oui', 'Oui', 'Oui']",,"B01,A01","['1', '1', '2']","['Conducteur', 'Conducteur', 'Passager']",,"['Utilisation professionnelle', 'Autre', 'Autre']","['Arrière', 'Avant']","['Même sens', 'Même sens']",,"['Véhicule', 'Véhicule']",,"['VL seul', 'VU seul 1']",,Métropole,,2018,Blagnac,31,Haute-Garonne,243100518,Toulouse Métropole,76,Occitanie,Blagnac,31069
201800024003,2018-09-14T00:00:00+00:00,Bordeaux,2018,09,14,02:00,Nuit avec éclairage public allumé,En agglomération,1,Normale,Autre collision,33,063,33063,CRS DE L'INTENDANCE,4484203,-057506,33100,,,0,normale,,Bidirectionnelle,Voie réservée,00,,,,,2.0,Voie Communale,0.0,Partie rectiligne,Plat,Voie ferrée,Sur chaussée,"['2000', '1978']","['Masculin', 'Masculin']",['Traversant'],"['Blessé', 'Indemne']",['Autre'],['Non déterminable'],['Sur chaussée - A – 50 m du passage piéton'],A01,['1'],"['Piéton', 'Conducteur']",['Accompagné'],,,['Sans changement de direction'],,['Piéton'],,['Tramway'],['1'],Métropole,2018-03-01,2018,Bordeaux,33,Gironde,243300316,Bordeaux Métropole,75,Nouvelle-Aquitaine,Bordeaux,33063
201800024299,2018-04-12T07:15:00+00:00,Montpellier,2018,04,12,09:15,Plein jour,En agglomération,1,Pluie légère,Autre collision,34,172,34172,MAURIN (AVENUE DE,4359129,0387363,34080,,"{'lon': 3.833735, 'lat': 43.633127}",0,mouillée,,Bidirectionnelle,,00,,,,,2.0,Voie Communale,0.0,Partie rectiligne,Plat,,Sur accotement,"['1979', '1946']","['Masculin', 'Féminin']",['Autre'],"['Indemne', 'Tué']","['Ceinture', 'Dispositif enfants']","['Oui', 'Non déterminable']",['Sur trottoir'],Z01,['1'],"['Conducteur', 'Piéton']",['Seul'],"['Autre', 'Autre']",['Avant'],['Manœuvre d’évitement'],PK ou PR ou numéro d’adresse postale décroissant,['Piéton'],['Bordure de trottoir'],['VL seul'],,Métropole,,2018,Montpellier,34,Hérault,243400017,Montpellier Méditerranée Métropole,76,Occitanie,Montpellier,34172
201800024592,2018-01-05T16:05:00+00:00,Rennes,2018,01,05,17:05,Plein jour,En agglomération,1,Normale,Autre collision,35,238,35238,"01, SAXE (CARRE DE)",4808956,-165180,35000,01,"{'lon': -1.651522, 'lat': 48.08978}",,normale,,,,99,0,0.0,,0.0,1.0,Voie Communale,,Partie rectiligne,Plat,,Sur chaussée,"['1935', '1977']","['Masculin', 'Féminin']","['Se déplaçant', 'Se déplaçant Sens véhicule heurtant']","['Indemne', 'Blessé']",['Ceinture'],['Oui'],['Sur chaussée - A + 50 m du passage piéton'],A01,['1'],"['Conducteur', 'Piéton']",['Seul'],"['Promenade – loisirs', 'Promenade – loisirs']",['Avant'],['Sans changement de direction'],PK ou PR ou numéro d’adresse postale croissant,['Piéton'],,['VL seul'],,Métropole,,2018,Rennes,35,Ille-et-Vilaine,243500139,Rennes Métropole,53,Bretagne,Rennes,35238
201400026212,2014-06-07T18:45:00+00:00,Saint-avertin,2014,06,07,20:45,Plein jour,En agglomération,2,Normale,Deux véhicules – par l’arrière,37,208,37208,BD Paul DOUMER,,,37550,,"{'lon': 0.729452, 'lat': 47.368781}",,normale,,A sens unique,,00,0,40.0,,0.0,1.0,Voie Communale,,Partie rectiligne,Pente,,Sur chaussée,"['1993', '1978']","['Masculin', 'Féminin']","['Se déplaçant', 'Se déplaçant']","['Indemne', 'Blessé']","['Ceinture', 'Ceinture']","['Oui', 'Oui']",,"A01,B01","['1', '1']","['Conducteur', 'Conducteur']",,"['Promenade – loisirs', 'Promenade – loisirs']","['Avant', 'Arrière']","['Sans changement de direction', 'Sans changement de direction']",,"['Véhicule', 'Véhicule']",,"['VL seul', 'VL seul']",,,,2015,Saint-Avertin,37,Indre-et-Loire,243700754,CA Tours (Plus),24,Centre,Saint-Avertin,37208