num_acc,datetime,nom_com,an,mois,jour,hrmn,lum,agg,int,atm,col,dep,com,insee,adr,lat,long,code_postal,num,coordonnees,pr,surf,v1,circ,vosp,env1,voie,larrout,v2,lartpc,nbv,catr,pr1,plan,prof,infra,situ,an_nais,sexe,actp,grav,secu,secu_utl,locp,num_veh,place,catu,etatp,trajet,choc,manv,senc,obsm,obs,catv,occutc,gps,date,year_georef,com_name,dep_code,dep_name,epci_code,epci_name,reg_code,reg_name,com_arm_name,com_code
201400041213,2014-06-23T06:45:00+00:00,Malakoff,2014,06,23,08:45,Plein jour,En agglomération,3,Normale,Deux véhicules – par le coté,92,046,92046,"., MARECHAL LECLERC (AVE",,,92240,,"{'lon': 2.309928, 'lat': 48.820681}",,normale,,Bidirectionnelle,,00,0,0.0,,0.0,2.0,Voie Communale,,Partie rectiligne,Plat,,Sur chaussée,"['1999', '1978']","['Masculin', 'Masculin']","['Se déplaçant', 'Se déplaçant']","['Blessé', 'Blessé']","['Autre', 'Ceinture']","['Non déterminable', 'Non']",,"A01,B01","['1', '1']","['Conducteur', 'Conducteur']",,,"['Avant droit', 'Avant']","['Tournant A gauche', 'Sans changement de direction']",,"['Véhicule', 'Véhicule']",,"['VL seul', 'Bicyclette']",,,,2015,Malakoff,92,Hauts-de-Seine,249200056,CA Sud de Seine,11,Île-de-France,Malakoff,92046
201400044447,2014-03-15T10:30:00+00:00,Arcueil,2014,03,15,11:30,Plein jour,En agglomération,1,Normale,Autre collision,94,003,94003,AV LAPLACE,4880720,0233525,94110,,"{'lon': 2.331783, 'lat': 48.80834}",,normale,,A chaussées séparées,,99,161,0.0,B,0.0,1.0,Route Départementale,,Partie rectiligne,Pente,,Sur chaussée,"['1924', '1987']","['Masculin', 'Masculin']","['Traversant', 'Se déplaçant']","['Blessé', 'Indemne']","['Autre', 'Ceinture']","['Non déterminable', 'Oui']",['Sur passage piéton - Avec signalisation lumineuse'],A01,['1'],"['Piéton', 'Conducteur']",['Accompagné'],"['Promenade – loisirs', 'Utilisation professionnelle']",['Avant'],['Sans changement de direction'],,['Piéton'],,['VU seul 1'],,Métropole,,2015,Arcueil,94,Val-de-Marne,249400060,CA Val de Bièvre,11,Île-de-France,Arcueil,94003
201300013227,2013-12-15T04:30:00+00:00,Narbonne,2013,12,15,05:30,Nuit avec éclairage public allumé,En agglomération,2,Normale,Deux véhicules – par le coté,11,262,11262,CASTAN (RUE SIMON),4318712,0299413,11100,,"{'lon': 2.994349, 'lat': 43.186859}",,normale,,Bidirectionnelle,,99,0,0.0,,0.0,2.0,Voie Communale,,Partie rectiligne,Plat,,Sur chaussée,"['1975', '1992']","['Masculin', 'Masculin']","['Se déplaçant', 'Se déplaçant']","['Blessé', 'Indemne']","['Ceinture', 'Ceinture']","['Oui', 'Oui']",,"A01,B01","['1', '1']","['Conducteur', 'Conducteur']",,,"['Avant droit', 'Avant gauche']","['Tournant A droite', 'Tournant A gauche']",,"['Véhicule', 'Véhicule']",,"['VL seul', 'VL seul']",,Métropole,,2015,Narbonne,11,Aude,241100593,CA le Grand Narbonne,91,Languedoc-Roussillon,Narbonne,11262
201300000532,2013-05-10T23:15:00+00:00,Vineuil-saint-firmin,2013,05,11,01:15,Nuit avec éclairage public allumé,En agglomération,1,Normale,Autre collision,60,695,60695,route de Senlis,,,60500,,"{'lon': 2.514713, 'lat': 49.197595}",12,normale,,Bidirectionnelle,,00,924,63.0,,0.0,2.0,Route Départementale,160.0,En courbe à droite,Pente,,Sur trottoir,['1964'],['Masculin'],['Se déplaçant'],['Tué'],['Casque'],['Oui'],,A01,['1'],['Conducteur'],,['Promenade – loisirs'],['Avant'],['Sans changement de direction'],,,['Poteau'],['Motocyclette > 50 cm3 et <= 125 cm3'],,Métropole,,2015,Vineuil-Saint-Firmin,60,Oise,246000764,CC de l'Aire Cantilienne,22,Picardie,Vineuil-Saint-Firmin,60695
201300000823,2013-10-31T08:30:00+00:00,Acigne,2013,10,31,09:30,Plein jour,Hors agglomération,3,Normale,Deux véhicules – par le coté,35,001,35001,,,,35690,,"{'lon': -1.53664, 'lat': 48.133938}",0,normale,2,Bidirectionnelle,,00,100,50.0,,0.0,2.0,Route Départementale,0.0,Partie rectiligne,,,,"['1943', '1953']","['Féminin', 'Féminin']","['Se déplaçant', 'Se déplaçant']","['Blessé', 'Indemne']","['Ceinture', 'Ceinture']","['Oui', 'Oui']",,"B02,A01","['1', '1']","['Conducteur', 'Conducteur']",,"['Promenade – loisirs', 'Promenade – loisirs']","['Avant gauche', 'Avant']","['Tournant A gauche', 'Sans changement de direction']",,"['Véhicule', 'Véhicule']",,"['VL seul', 'VL seul']",,Métropole,,2015,Acigné,35,Ille-et-Vilaine,243500139,Rennes Métropole,53,Bretagne,Acigné,35001
201400031053,2014-06-24T19:00:00+00:00,Wattrelos,2014,06,24,21:00,Plein jour,En agglomération,1,Normale,Trois véhicules et plus - collisions multiples,59,650,59650,PHILIPPOT (RUE GEORGES),,,59150,,"{'lon': 3.208125, 'lat': 50.70778}",,normale,,Bidirectionnelle,,00,0,0.0,,0.0,2.0,Voie Communale,,Partie rectiligne,Plat,,,"['1995', '1950', '1962']","['Masculin', 'Masculin', 'Féminin']","['Se déplaçant', 'Se déplaçant', 'Se déplaçant']","['Blessé', 'Indemne', 'Indemne']","['Ceinture', 'Autre', 'Autre']","['Oui', 'Non déterminable', 'Non déterminable']",,"B01,A01,C01","['1', '1', '1']","['Conducteur', 'Conducteur', 'Conducteur']",,,"['Chocs multiples (tonneaux)', 'Avant']",['Sans changement de direction'],,,['Véhicule en stationnement'],"['VL seul', 'VL seul', 'VL seul']",,,,2015,Wattrelos,59,Nord,245900410,Métropole Européenne de Lille,31,Nord-Pas-de-Calais,Wattrelos,59650
201400031291,2014-01-15T18:25:00+00:00,Valenciennes,2014,01,15,19:25,Nuit avec éclairage public allumé,En agglomération,1,Normale,Autre collision,59,606,59606,WATTEAU (BOULEVARD),,,59300,,"{'lon': 3.53105, 'lat': 50.35582}",,normale,,A chaussées séparées,,03,0,160.0,A,0.0,4.0,Voie Communale,,Partie rectiligne,Plat,,Sur chaussée,"['1939', '1980']","['Masculin', 'Masculin']","['Se déplaçant', 'Traversant']","['Indemne', 'Blessé']","['Ceinture', 'Autre']","['Oui', 'Non déterminable']",,A01,['1'],"['Conducteur', 'Piéton']",,"['Promenade – loisirs', 'Domicile – travail']",['Avant gauche'],['Sans changement de direction'],,['Piéton'],,['VL seul'],,,,2015,Valenciennes,59,Nord,245901160,CA Valenciennes Métropole,31,Nord-Pas-de-Calais,Valenciennes,59606
201400031962,2014-04-10T08:00:00+00:00,Lens,2014,04,10,10:00,Plein jour,En agglomération,1,Normale,Autre collision,62,498,62498,DELOTS (R AUGUSTIN,5043099,0284011,62300,,"{'lon': 2.839283, 'lat': 50.431688}",,normale,,A sens unique,,03,0,36.0,,0.0,1.0,Voie Communale,,Partie rectiligne,Plat,,Sur chaussée,"['1993', '1949']","['Féminin', 'Féminin']","['Se déplaçant', 'Traversant']","['Indemne', 'Blessé']","['Ceinture', 'Autre']","['Oui', 'Non déterminable']",['Sur passage piéton - Sans signalisation lumineuse'],A01,['1'],"['Conducteur', 'Piéton']",['Seul'],"['Domicile – école', 'Promenade – loisirs']",['Avant'],['Sans changement de direction'],,['Piéton'],,['VL seul'],,Métropole,,2015,Lens,62,Pas-de-Calais,246200364,CA de Lens - Liévin,31,Nord-Pas-de-Calais,Lens,62498
201400032607,2014-09-09T07:05:00+00:00,Billere,2014,09,09,09:05,Plein jour,En agglomération,1,Normale,Deux véhicules – par l’arrière,64,129,64129,140 AV JEAN MERMOZ,,,64140,140,"{'lon': -0.378048, 'lat': 43.315268}",,normale,,Bidirectionnelle,,00,0,40.0,,0.0,2.0,Voie Communale,,Partie rectiligne,Plat,,Sur chaussée,"['1998', '1984']","['Féminin', 'Féminin']","['Se déplaçant', 'Se déplaçant']","['Blessé', 'Indemne']","['Casque', 'Ceinture']","['Oui', 'Oui']",,"A01,B01","['1', '1']","['Conducteur', 'Conducteur']",,"['Autre', 'Utilisation professionnelle']","['Avant', 'Arrière']","['Sans changement de direction', 'Arrêté (hors stationnement)']",,"['Véhicule', 'Véhicule']",,"['Scooter < 50 cm3', 'VL seul']",,,,2015,Billère,64,Pyrénées-Atlantiques,246401723,CA Pau-Pyrénées,72,Aquitaine,Billère,64129
201900039614,2019-04-04T15:40:00+00:00,Grasse,2019,04,04,17:40,Plein jour,En agglomération,1,Normale,Sans collision,6,06069,6069,LIBERATION (AVENUE DE LA),"43,6422913","6,9121478",06520,,"{'lon': 6.953505, 'lat': 43.683317}",0,normale,0,-1,,,2562,,,,2.0,Route Départementale,0.0,Partie rectiligne,Plat,,Sur chaussée,['1989'],['Féminin'],['Se déplaçant'],['Blessé'],,,,A01,['1'],['Conducteur'],['-1'],['Promenade – loisirs'],['Avant'],,3,['Véhicule'],,['VL seul'],,,,2019,Grasse,06,Alpes-Maritimes,200039857,CA du Pays de Grasse,93,Provence-Alpes-Côte d'Azur,Grasse,6069
201900039681,2019-07-20T02:00:00+00:00,Champigny-sur-marne,2019,07,20,04:00,Nuit avec éclairage public allumé,Hors agglomération,1,Normale,Deux véhicules – par l’arrière,94,94017,94017,A86.EXT,"48,8300900","2,4881000",94500,86,"{'lon': 2.515182, 'lat': 48.816583}",32,normale,0,A chaussées séparées,,,86,,EXT,,2.0,Autoroute,500.0,En courbe à gauche,Pente,Souterrain - tunnel,Sur chaussée,"['1977', '1999']","['Masculin', 'Masculin']","['Se déplaçant', 'Se déplaçant']","['Indemne', 'Blessé']",,,"['-1', '-1']","B01,A01","['1', '1']","['Conducteur', 'Conducteur']","['-1', '-1']","['Promenade – loisirs', 'Promenade – loisirs']","['Arrière', 'Avant']","['Sans changement de direction', 'Sans changement de direction']","PK ou PR ou numéro d’adresse postale croissant,PK ou PR ou numéro d’adresse postale croissant","['Véhicule', 'Véhicule']",['Bâtiment'],"['VL seul', 'VL seul']",,,,2019,Champigny-sur-Marne,94,Val-de-Marne,200054781,Métropole du Grand Paris,11,Île-de-France,Champigny-sur-Marne,94017
201900020150,2019-11-14T22:00:00+00:00,Paris-15e-arrondissement,2019,11,14,23:00,Nuit avec éclairage public allumé,En agglomération,3,Pluie légère,Sans collision,75,75115,75115,RUE LECOURBE,"48,8374050","2,2850600",75015,,"{'lon': 2.297389, 'lat': 48.840934}",326,mouillée,0,A sens unique,-1,,RUE LECOURBE,,,,2.0,Voie Communale,0.0,Partie rectiligne,Plat,,Sur chaussée,['1992'],['Masculin'],['Se déplaçant'],['Blessé'],,,,A01,['1'],['Conducteur'],['-1'],['Promenade – loisirs'],['Côté droit'],['Sans changement de direction'],PK ou PR ou numéro d’adresse postale croissant,,,['43'],,,,2019,Paris,75,Paris,200054781,Métropole du Grand Paris,11,Île-de-France,Paris 15e Arrondissement,75115
201900020295,2019-03-16T19:55:00+00:00,Chasseneuil-sur-bonnieure,2019,03,16,20:55,Nuit avec éclairage public allumé,En agglomération,3,Normale,Autre collision,16,16085,16085,route d'Yvrac,"45,8193800","0,4483784",16260,,"{'lon': 0.452763, 'lat': 45.807861}",9,normale,0,Bidirectionnelle,,,62,5.0,,0.0,2.0,Route Départementale,340.0,En courbe à gauche,Pente,Carrefour aménagé,Sur trottoir,['1944'],['Masculin'],['Se déplaçant'],['Blessé'],,,,A01,['1'],['Conducteur'],['-1'],['Promenade – loisirs'],['Avant'],['Sans changement de direction'],PK ou PR ou numéro d’adresse postale décroissant,,['Bordure de trottoir'],['Motocyclette > 125 cm3'],,,,2019,Chasseneuil-sur-Bonnieure,16,Charente,200072049,CC de Charente Limousine,75,Nouvelle-Aquitaine,Chasseneuil-sur-Bonnieure,16085
201900021154,2019-04-18T06:00:00+00:00,Antony,2019,04,18,08:00,Plein jour,Hors agglomération,1,Normale,Deux véhicules – par l’arrière,92,92002,92002,AUTOROUTE A86,"48,7598814","2,2780136",92160,86,"{'lon': 2.295423, 'lat': 48.752531}",54,normale,0,A chaussées séparées,,,86,,,,4.0,Autoroute,200.0,Partie rectiligne,Pente,,Sur chaussée,"['1972', '1961']","['Féminin', 'Masculin']","['Se déplaçant', 'Se déplaçant']","['Blessé', 'Indemne']",,,"['-1', '-1']","A01,B01","['1', '1']","['Conducteur', 'Conducteur']","['-1', '-1']",,"['Avant', 'Arrière']","['Déporté A droite', 'Sans changement de direction']","PK ou PR ou numéro d’adresse postale décroissant,PK ou PR ou numéro d’adresse postale décroissant","['Véhicule', 'Véhicule']",,"['Scooter > 50 cm3 et <= 125 cm3', 'VU seul 1']",,,,2019,Antony,92,Hauts-de-Seine,200054781,Métropole du Grand Paris,11,Île-de-France,Antony,92002
201900037214,2019-01-17T16:15:00+00:00,Paris-13e-arrondissement,2019,01,17,17:15,Plein jour,En agglomération,1,Pluie légère,Autre collision,75,75113,75113,RUE DE TOLBIAC,"48,8294700","2,3747420",75013,,"{'lon': 2.360267, 'lat': 48.826276}",0,mouillée,0,Bidirectionnelle,,,RUE DE TOLBIAC,,,,4.0,Voie Communale,0.0,Partie rectiligne,Sommet de côte,,Sur chaussée,"['1974', '1965']","['Masculin', 'Masculin']","['Jouant – courant', 'Se déplaçant']","['Blessé', 'Indemne']",,,['Sur chaussée - A – 50 m du passage piéton'],A01,"['10', '1']","['Piéton', 'Conducteur']","['Seul', '-1']",['Utilisation professionnelle'],['Avant droit'],['Même sens'],PK ou PR ou numéro d’adresse postale décroissant,['Piéton'],,['VU seul 1'],,,,2019,Paris,75,Paris,200054781,Métropole du Grand Paris,11,Île-de-France,Paris 13e Arrondissement,75113
201900037433,2019-08-23T11:47:00+00:00,Angers,2019,08,23,13:47,Plein jour,En agglomération,1,Normale,Sans collision,49,49007,49007,PATTON AVENUE,"47,4737900","-0,5776500",49000,,"{'lon': -0.5885, 'lat': 47.473586}",0,normale,0,Bidirectionnelle,,,PATTON AVENUE,,,,2.0,Voie Communale,0.0,Partie rectiligne,Plat,,Sur chaussée,['1982'],['Masculin'],['-1'],['Blessé'],,,['-1'],A01,['1'],['Conducteur'],['-1'],,,,PK ou PR ou numéro d’adresse postale croissant,,,['Bicyclette'],,,,2019,Angers,49,Maine-et-Loire,244900015,CU Angers Loire Métropole,52,Pays de la Loire,Angers,49007
201900037642,2019-04-07T04:55:00+00:00,,2019,04,07,06:55,Plein jour,Hors agglomération,1,Temps couvert,Autre collision,2B,2B120,,11 - RT,"42,6357749","9,4385763",,11,"{'lon': 7.357021, 'lat': 47.759606}",1,mouillée,0,A chaussées séparées,,,11 - RT,,,,4.0,Route Nationale,0.0,Partie rectiligne,Pente,,Sur chaussée,['1967'],['Féminin'],['-1'],['Blessé'],,,['-1'],A01,['1'],['Conducteur'],['-1'],['Utilisation professionnelle'],['Avant droit'],['Déporté A droite'],3,,['Poteau'],['VU seul 1'],,,,2019,,,,,,,,,
201200024929,2012-03-14T12:50:00+00:00,Merignac,2012,03,14,13:50,Plein jour,En agglomération,3,Normale,Deux véhicules – par l’arrière,33,281,33281,ST MEDARD (AVE),,,33700,,"{'lon': -0.645949, 'lat': 44.862173}",,normale,,Bidirectionnelle,,00,0,0.0,,0.0,2.0,Voie Communale,,Partie rectiligne,Plat,,Sur chaussée,"['1952', '1938', '1983']","['Féminin', 'Féminin', 'Masculin']","['Se déplaçant', 'Se déplaçant', 'Se déplaçant']","['Blessé', 'Indemne', 'Blessé']","['Ceinture', 'Ceinture', 'Ceinture']","['Oui', 'Non déterminable', 'Oui']",,"A01,B01","['2', '1', '1']","['Passager', 'Conducteur', 'Conducteur']",,"['Domicile – travail', 'Promenade – loisirs', 'Domicile – travail']","['Avant', 'Arrière']","['Sans changement de direction', 'Sans changement de direction']",,['Véhicule'],,"['VL seul', 'VL seul']",,,,2015,Mérignac,33,Gironde,243300316,Bordeaux Métropole,72,Aquitaine,Mérignac,33281
201900047393,2019-05-31T15:20:00+00:00,Plainfaing,2019,05,31,17:20,Plein jour,Hors agglomération,1,Normale,Sans collision,88,88349,88349,Route départementale 23,"48,1290110","7,0284570",88230,23,"{'lon': 6.993394, 'lat': 48.095711}",33,normale,,Bidirectionnelle,,,23,,,,2.0,Route Départementale,500.0,Partie rectiligne,Plat,,Sur accotement,"['1964', '1961']","['Féminin', 'Masculin']","['Se déplaçant', 'Se déplaçant']","['Blessé', 'Blessé']",,,,A01,"['2', '1']","['Passager', 'Conducteur']","['-1', '-1']","['Promenade – loisirs', 'Promenade – loisirs']",['Côté droit'],['Sans changement de direction'],PK ou PR ou numéro d’adresse postale décroissant,,['Fossé'],['Motocyclette > 125 cm3'],,,,2019,Plainfaing,88,Vosges,200071066,CA de Saint-Dié-des-Vosges,44,Grand Est,Plainfaing,88349
201900048103,2019-01-11T14:25:00+00:00,Paris-20e-arrondissement,2019,01,11,15:25,Plein jour,En agglomération,2,Temps couvert,Sans collision,75,75120,75120,RUE DES ORTEAUX,"48,8561100","2,4058820",75020,,"{'lon': 2.403194, 'lat': 48.856351}",0,mouillée,0,Bidirectionnelle,,,RUE DES ORTEAUX,,,,2.0,Voie Communale,0.0,Partie rectiligne,Plat,,Sur chaussée,['1982'],['Masculin'],['Se déplaçant'],['Blessé'],,,,A01,['1'],['Conducteur'],['-1'],,['Côté gauche'],['Dépassant A gauche'],PK ou PR ou numéro d’adresse postale décroissant,,,['Scooter < 50 cm3'],,,2019-03-01,2019,Paris,75,Paris,200054781,Métropole du Grand Paris,11,Île-de-France,Paris 20e Arrondissement,75120
201900032741,2019-05-26T18:50:00+00:00,Dijon,2019,05,26,20:50,Crépuscule ou aube,En agglomération,3,Normale,Autre collision,21,21231,21231,GUSTAVE EIFFEL (AVENUE),"47,3152900","5,0236600",21000,,"{'lon': 5.015303, 'lat': 47.313516}",0,normale,0,Bidirectionnelle,,,GUSTAVE EIFFEL (AVENUE),,,,2.0,Voie Communale,0.0,Partie rectiligne,Plat,,Sur chaussée,['1979'],['Masculin'],['-1'],['Blessé'],,,['-1'],A01,['1'],['Conducteur'],['-1'],,['Avant'],['Dépassant A gauche'],3,,['Bordure de trottoir'],['Motocyclette > 125 cm3'],,,,2019,Dijon,21,Côte-d'Or,242100410,Dijon Métropole,27,Bourgogne-Franche-Comté,Dijon,21231
201900032767,2019-05-28T07:20:00+00:00,La Rochelle,2019,05,28,09:20,Plein jour,En agglomération,1,Normale,Autre collision,17,17300,17300,SCHWEITZER   RUE DU DOCTEUR ALB,"46,1582300","-1,1438700",17000,,"{'lon': -1.144872, 'lat': 46.158449}",0,normale,0,A sens unique,Piste cyclable,,SCHWEITZER   RUE DU DOCTEUR ALB,,,,1.0,Voie Communale,0.0,Partie rectiligne,Pente,,Sur chaussée,"['1996', '1980']","['Féminin', 'Féminin']","['-1', '-1']","['Blessé', 'Blessé']",,,"['-1', '-1']","A01,B01","['1', '1']","['Conducteur', 'Conducteur']","['-1', '-1']","['Promenade – loisirs', 'Autre']","['Avant', 'Côté gauche']","['Dépassant A gauche', 'Sans changement de direction']","PK ou PR ou numéro d’adresse postale décroissant,PK ou PR ou numéro d’adresse postale décroissant","['Véhicule', 'Véhicule']",,"['Scooter < 50 cm3', 'Bicyclette']",,,,2019,La Rochelle,17,Charente-Maritime,241700434,CA de la Rochelle,75,Nouvelle-Aquitaine,La Rochelle,17300
201900034200,2019-03-26T11:50:00+00:00,Lille,2019,03,26,12:50,Plein jour,En agglomération,1,Normale,Deux véhicules – par le coté,59,59350,59350,MONTEBELLO BD PAIRS DE 78 -196,"50,6206200","3,0469900",59000,78,"{'lon': 3.045128, 'lat': 50.622447}",0,normale,0,A chaussées séparées,Banque cyclable,,MONTEBELLO BD PAIRS DE 78 -196,,,,4.0,Voie Communale,0.0,Partie rectiligne,Plat,,Sur bande d’arrêt d’urgence,"['1986', '1999']","['Masculin', 'Masculin']","['Se déplaçant', 'Se déplaçant']","['Blessé', 'Indemne']",,,"['-1', '-1']","A01,B01","['1', '1']","['Conducteur', 'Conducteur']","['-1', '-1']","['Domicile – travail', 'Promenade – loisirs']","['Avant droit', 'Avant gauche']","['Manœuvre d’évitement', 'Changeant de file A gauche']","PK ou PR ou numéro d’adresse postale croissant,PK ou PR ou numéro d’adresse postale croissant","['Véhicule', 'Véhicule']",,"['VL seul', 'Bicyclette']",,,,2019,Lille,59,Nord,245900410,Métropole Européenne de Lille,32,Hauts-de-France,Lille,59350
201900034600,2019-05-22T15:30:00+00:00,Narbonne,2019,05,22,17:30,Plein jour,En agglomération,3,Normale,Autre collision,11,11262,11262,CARNOT (AVENUE),"43,1895380","3,0054510",11100,,"{'lon': 3.010253, 'lat': 43.194359}",0,normale,0,Bidirectionnelle,,,CARNOT (AVENUE),,,,2.0,Voie Communale,0.0,Partie rectiligne,Plat,,Sur chaussée,"['1972', '1957']","['Masculin', 'Masculin']","['Se déplaçant', 'Se déplaçant']","['Indemne', 'Blessé']",,,,"B01,A01","['1', '1']","['Conducteur', 'Conducteur']","['-1', '-1']",['Autre'],"['Avant', 'Avant']","['Sans changement de direction', 'En s’insérant']","PK ou PR ou numéro d’adresse postale croissant,PK ou PR ou numéro d’adresse postale croissant","['Véhicule', 'Véhicule']",,"['Scooter > 50 cm3 et <= 125 cm3', 'VL seul']",,,,2019,Narbonne,11,Aude,241100593,CA Le Grand Narbonne,76,Occitanie,Narbonne,11262
201900051134,2019-12-05T10:30:00+00:00,Paris-15e-arrondissement,2019,12,05,11:30,Plein jour,En agglomération,2,Normale,Autre collision,75,75115,75115,RUE DU COMMERCE,"48,8462000","2,2951970",75015,,"{'lon': 2.295433, 'lat': 48.846366}",0,normale,0,A sens unique,,,RUE DU THEATRE,,,,1.0,Voie Communale,0.0,Partie rectiligne,Plat,,Sur chaussée,"['1969', '1962']","['Masculin', 'Masculin']","['Se déplaçant', 'Traversant']","['Indemne', 'Blessé']",,,['Sur passage piéton - Sans signalisation lumineuse'],A01,"['1', '10']","['Conducteur', 'Piéton']","['-1', 'Seul']","['Utilisation professionnelle', 'Promenade – loisirs']",['Arrière gauche'],['En stationnement (avec occupants)'],PK ou PR ou numéro d’adresse postale croissant,['Piéton'],,['VU seul 1'],,,,2019,Paris,75,Paris,200054781,Métropole du Grand Paris,11,Île-de-France,Paris 15e Arrondissement,75115
201900043434,2019-07-17T14:10:00+00:00,Saint-martin-le-beau,2019,07,17,16:10,Plein jour,Hors agglomération,9,Normale,Sans collision,37,37225,37225,Chandon,"47,3450865","0,9100070",37270,,"{'lon': 0.909353, 'lat': 47.343598}",28,normale,0,-1,,,83,,D,,2.0,Route Départementale,100.0,En courbe à gauche,Plat,,8,['1964'],['Masculin'],['Se déplaçant'],['Blessé'],,,,A01,['1'],['Conducteur'],['-1'],,['Avant'],['Tournant A gauche'],PK ou PR ou numéro d’adresse postale croissant,,['Fossé'],['Motocyclette > 125 cm3'],,,,2019,Saint-Martin-le-Beau,37,Indre-et-Loire,243700820,CC de Bléré Val de Cher,24,Centre-Val de Loire,Saint-Martin-le-Beau,37225
201900038362,2019-05-25T13:00:00+00:00,Paris-5e-arrondissement,2019,05,25,15:00,Plein jour,En agglomération,2,Pluie légère,Deux véhicules – par le coté,75,75105,75105,RUE CLAUDE BERNARD,"48,8402820","2,3460390",75005,,"{'lon': 2.346895, 'lat': 48.839829}",0,mouillée,0,Bidirectionnelle,,,RUE CLAUDE BERNARD,,,,4.0,Voie Communale,0.0,Partie rectiligne,Plat,,Sur chaussée,"['1996', '1975']","['Masculin', 'Féminin']","['Se déplaçant', 'Se déplaçant']","['Indemne', 'Blessé']",,,,"B01,A01","['1', '2']","['Conducteur', 'Conducteur']","['-1', '-1']","['Promenade – loisirs', 'Promenade – loisirs']","['Avant', 'Côté droit']","['Sans changement de direction', 'Tournant A gauche']","PK ou PR ou numéro d’adresse postale croissant,PK ou PR ou numéro d’adresse postale croissant","['Véhicule', 'Véhicule']",,"['Scooter < 50 cm3', 'Bicyclette']",,,,2019,Paris,75,Paris,200054781,Métropole du Grand Paris,11,Île-de-France,Paris 5e Arrondissement,75105
201900039194,2019-08-28T16:40:00+00:00,Angouleme,2019,08,28,18:40,Plein jour,En agglomération,1,Normale,Autre collision,16,16015,16015,106 ter rue de Saintes,"45,6585720","0,1442550",16000,106,"{'lon': 0.144375, 'lat': 45.658589}",0,normale,0,Bidirectionnelle,,,rue de Saintes,7.0,,2.0,2.0,Voie Communale,0.0,Partie rectiligne,Plat,,Sur chaussée,"['1969', '1976']","['Féminin', 'Masculin']","['Traversant', 'Se déplaçant']","['Tué', 'Indemne']",,,['Sur chaussée - A – 50 m du passage piéton'],A01,"['10', '1']","['Piéton', 'Conducteur']","['Seul', '-1']","['Promenade – loisirs', 'Promenade – loisirs']",['Avant'],['Sans changement de direction'],PK ou PR ou numéro d’adresse postale décroissant,['Piéton'],,['VL seul'],,,,2019,Angoulême,16,Charente,200071827,CA du Grand Angoulême,75,Nouvelle-Aquitaine,Angoulême,16015
201900040008,2019-12-10T17:15:00+00:00,Puteaux,2019,12,10,18:15,Nuit avec éclairage public allumé,En agglomération,9,Normale,Autre collision,92,92062,92062,SOLJENITSYNE  (BD ALEXANDRE),"48,8840642","2,2491830",92800,,,0,normale,0,A sens unique,,,21,,,,2.0,Route Départementale,0.0,Partie rectiligne,Plat,,Sur chaussée,"['1976', '1986']","['Masculin', 'Masculin']","['Se déplaçant', 'Traversant']","['Indemne', 'Blessé']",,,"['-1', 'Sur passage piéton - Avec signalisation lumineuse']",A01,"['1', '10']","['Conducteur', 'Piéton']","['-1', 'Seul']","['Autre', 'Domicile – travail']",['Avant'],['Tournant A gauche'],,['Piéton'],,['VL seul'],,,2019-08-01,2019,Puteaux,92,Hauts-de-Seine,200054781,Métropole du Grand Paris,11,Île-de-France,Puteaux,92062
201300014719,2013-04-15T07:00:00+00:00,,2013,04,15,09:00,Plein jour,En agglomération,1,Normale,Sans collision,13,055,13055,"01, PCE JOSEPH VIDAL",4325400,0538151,,01,"{'lon': 5.369418, 'lat': 43.244695}",,normale,,A sens unique,,00,0,25.0,,25.0,1.0,Voie Communale,,Partie rectiligne,Plat,,Sur chaussée,"['1975', '1986']","['Féminin', 'Masculin']","['Traversant', 'Se déplaçant']","['Blessé', 'Blessé']","['Autre', 'Casque']","['Non déterminable', 'Oui']",['Sur passage piéton - Avec signalisation lumineuse'],A01,['1'],"['Piéton', 'Conducteur']",['Seul'],"['Domicile – travail', 'Domicile – travail']",['Avant'],,,['Piéton'],,['Scooter < 50 cm3'],,Métropole,,2015,Marseille,13,Bouches-du-Rhône,241300391,CU de Marseille Provence Métropole (Mpm),93,Provence-Alpes-Côte d'Azur,,13055
201300014778,2013-05-17T15:20:00+00:00,,2013,05,17,17:20,Plein jour,En agglomération,3,Normale,Deux véhicules – par le coté,13,055,13055,BD DES BASSINS DE RADOUB,4332668,0535838,,,"{'lon': 5.359916, 'lat': 43.324831}",,normale,,Bidirectionnelle,,99,0,120.0,,0.0,4.0,Voie Communale,,Partie rectiligne,Plat,,Sur chaussée,"['1959', '1977']","['Masculin', 'Masculin']","['Se déplaçant', 'Se déplaçant']","['Indemne', 'Blessé']","['Ceinture', 'Casque']","['Oui', 'Oui']",,"A01,B01","['1', '1']","['Conducteur', 'Conducteur']",,"['Domicile – travail', 'Promenade – loisirs']","['Avant droit', 'Côté droit']","['Tournant A gauche', 'Sans changement de direction']",,"['Véhicule', 'Véhicule']",,"['VL seul', 'Cyclomoteur <50cm3']",,Métropole,,2015,Marseille,13,Bouches-du-Rhône,241300391,CU de Marseille Provence Métropole (Mpm),93,Provence-Alpes-Côte d'Azur,,13055