num_acc,datetime,nom_com,an,mois,jour,hrmn,lum,agg,int,atm,col,dep,com,insee,adr,lat,long,code_postal,num,coordonnees,pr,surf,v1,circ,vosp,env1,voie,larrout,v2,lartpc,nbv,catr,pr1,plan,prof,infra,situ,an_nais,sexe,actp,grav,secu,secu_utl,locp,num_veh,place,catu,etatp,trajet,choc,manv,senc,obsm,obs,catv,occutc,gps,date,year_georef,com_name,dep_code,dep_name,epci_code,epci_name,reg_code,reg_name,com_arm_name,com_code
201700018695,2017-02-01T03:50:00+00:00,Subligny,2017,02,01,04:50,Nuit sans éclairage public,En agglomération,3,Brouillard - fumée,Deux véhicules – par l’arrière,89,404,89404,Rue Aristide Bruand,4816853,0320818,89100,,"{'lon': 3.203498, 'lat': 48.166896}",0,,,Bidirectionnelle,,00,381,,,,2.0,Route Départementale,0.0,Partie rectiligne,,,,"['1974', '1973']","['Masculin', 'Masculin']","['Se déplaçant', 'Se déplaçant']","['Blessé', 'Blessé']","['Ceinture', 'Ceinture']","['Oui', 'Oui']",,"B01,A01","['1', '1']","['Conducteur', 'Conducteur']",,"['Utilisation professionnelle', 'Utilisation professionnelle']",['Arrière'],"['Arrêté (hors stationnement)', 'Même sens']","PK ou PR ou numéro d’adresse postale décroissant,PK ou PR ou numéro d’adresse postale décroissant",['Véhicule'],,"['PL seul > 7', 'PL seul > 7']",,Métropole,,2017,Subligny,89,Yonne,248900748,CC du Gâtinais en Bourgogne,27,Bourgogne-Franche-Comté,Subligny,89404
201700019778,2017-10-14T03:45:00+00:00,,2017,10,14,05:45,Nuit sans éclairage public,Hors agglomération,1,Normale,Autre collision,20,001,20001,Lieu dit CHIOSU VE,4198095,0877945,,,"{'lon': -2.70909, 'lat': 48.444952}",0,normale,,Bidirectionnelle,,99,161,65.0,,0.0,2.0,Route Départementale,150.0,En courbe à gauche,Pente,,Sur chaussée,['1998'],['Masculin'],['Se déplaçant'],['Blessé'],['Ceinture'],['Non déterminable'],,A01,['1'],['Conducteur'],,['Promenade – loisirs'],['Avant'],['Sans changement de direction'],PK ou PR ou numéro d’adresse postale décroissant,,['Poteau'],['VL seul'],,Métropole,,2017,,,,,,,,,20001
201700020029,2017-10-15T15:00:00+00:00,Oermingen,2017,10,15,17:00,Plein jour,En agglomération,1,Normale,Deux véhicules – par l’arrière,67,355,67355,rue de Herbitzheim,4900073,0712763,67970,,"{'lon': 7.123609, 'lat': 49.001798}",,normale,,Bidirectionnelle,,99,0,0.0,,0.0,2.0,Voie Communale,,Partie rectiligne,Pente,,Sur chaussée,"['1995', '1973']","['Féminin', 'Masculin']","['Se déplaçant', 'Se déplaçant']","['Indemne', 'Blessé']","['Ceinture', 'Casque']","['Oui', 'Oui']",,"B01,A01","['1', '1']","['Conducteur', 'Conducteur']",,['Promenade – loisirs'],"['Avant', 'Arrière gauche']","['Même sens', 'Entre 2 files']",,"['Véhicule', 'Véhicule']",,"['Bicyclette', 'VL seul']",,Métropole,,2017,Oermingen,67,Bas-Rhin,200067841,CC de l'Alsace Bossue,44,Grand Est,Oermingen,67355
201700034102,2017-05-23T17:30:00+00:00,Strasbourg,2017,05,23,19:30,Plein jour,En agglomération,1,Normale,Deux véhicules – par le coté,67,482,67482,"0, RENE DESCARTES (RUE)",4857956,0776691,67100,0,"{'lon': 7.770607, 'lat': 48.553479}",,normale,,Bidirectionnelle,,00,0,0.0,,0.0,2.0,Voie Communale,,Partie rectiligne,Plat,,,"['1997', '1996']","['Masculin', 'Masculin']","['Se déplaçant', 'Se déplaçant']","['Blessé', 'Blessé']","['Casque', 'Casque']","['Oui', 'Oui']",,"B01,A01","['1', '1']","['Conducteur', 'Conducteur']",,"['Promenade – loisirs', 'Promenade – loisirs']",,,"PK ou PR ou numéro d’adresse postale croissant,PK ou PR ou numéro d’adresse postale croissant",,,"['Bicyclette', 'Bicyclette']",,Métropole,,2017,Strasbourg,67,Bas-Rhin,246700488,Eurométropole de Strasbourg,44,Grand Est,Strasbourg,67482
201500029349,2015-03-29T09:15:00+00:00,Seremange-erzange,2015,03,29,11:15,Plein jour,En agglomération,3,Pluie légère,Deux véhicules – par le coté,57,647,57647,"38, GALLIANE (AVENUE)",4931605,0610100,57290,38,"{'lon': 6.101307, 'lat': 49.316215}",,mouillée,,Bidirectionnelle,,99,,0.0,,0.0,2.0,Voie Communale,,Partie rectiligne,Plat,,Sur chaussée,"['1982', '1960']","['Masculin', 'Masculin']","['Se déplaçant', 'Se déplaçant']","['Indemne', 'Blessé']","['Ceinture', 'Ceinture']","['Oui', 'Oui']",,"A01,B01","['1', '1']","['Conducteur', 'Conducteur']",,"['Promenade – loisirs', 'Promenade – loisirs']","['Côté droit', 'Avant']","['Sans changement de direction', 'Sans changement de direction']",,"['Véhicule', 'Véhicule']",,"['VL seul', 'VL seul']",,Métropole,,2015,Serémange-Erzange,57,Moselle,245701222,CA du Val de Fensch,41,Lorraine,Serémange-Erzange,57647
201500030090,2015-05-27T14:20:00+00:00,Roubaix,2015,05,27,16:20,Plein jour,En agglomération,3,Normale,Deux véhicules - frontale,59,512,59512,136 AVE LINNE,5067851,0318986,59100,136,"{'lon': 3.189744, 'lat': 50.678548}",,normale,,Bidirectionnelle,,00,0,50.0,,0.0,2.0,Voie Communale,,Partie rectiligne,Plat,,Sur chaussée,"['1943', '1989', '1998']","['Masculin', 'Masculin', 'Masculin']","['Se déplaçant', 'Se déplaçant', 'Se déplaçant']","['Indemne', 'Blessé', 'Indemne']","['Ceinture', 'Casque', 'Ceinture']","['Oui', 'Oui', 'Oui']",,"A01,B01","['2', '1', '1']","['Passager', 'Conducteur', 'Conducteur']",,,"['Avant', 'Avant']","['Tournant A gauche', 'Sans changement de direction']",,"['Véhicule', 'Véhicule']",,"['VL seul', 'Motocyclette > 125 cm3']",,Métropole,,2015,Roubaix,59,Nord,245900410,Métropole Européenne de Lille,31,Nord-Pas-de-Calais,Roubaix,59512
201500031912,2015-03-01T08:25:00+00:00,Perpignan,2015,03,01,09:25,Plein jour,Hors agglomération,1,Normale,Deux véhicules – par le coté,66,136,66136,R D 900,4267829,0288058,66100,900,"{'lon': 2.893955, 'lat': 42.697055}",,normale,,A sens unique,,03,0,80.0,,50.0,2.0,Route Départementale,,,Plat,Carrefour aménagé,Sur chaussée,"['1974', '1993']","['Féminin', 'Féminin']","['Se déplaçant', 'Se déplaçant']","['Blessé', 'Indemne']","['Casque', 'Ceinture']","['Oui', 'Oui']",,"B01,A01","['1', '1']","['Conducteur', 'Conducteur']",,"['Domicile – travail', 'Promenade – loisirs']","['Avant gauche', 'Avant droit']",['Sans changement de direction'],,"['Véhicule', 'Véhicule']",,"['VL seul', 'Scooter < 50 cm3']",,Métropole,,2015,Perpignan,66,Pyrénées-Orientales,200027183,CA Perpignan Méditerranée (PMCA),91,Languedoc-Roussillon,Perpignan,66136
201500032094,2015-06-18T15:00:00+00:00,Haguenau,2015,06,18,17:00,Plein jour,En agglomération,1,Temps couvert,Autre collision,67,180,67180,"49, CHEMIN LONG",4800000,0700000,67500,49,"{'lon': 7.77386, 'lat': 48.823462}",,normale,,Bidirectionnelle,,00,0,56.0,,0.0,2.0,Voie Communale,,Partie rectiligne,Plat,,Sur chaussée,"['2011', '1952', '1956']","['Masculin', 'Féminin', 'Masculin']","['Traversant', 'Traversant', 'Se déplaçant']","['Blessé', 'Indemne', 'Indemne']","['Autre', 'Autre', 'Ceinture']","['Non déterminable', 'Non déterminable', 'Oui']","['Sur passage piéton - Sans signalisation lumineuse', 'Sur passage piéton - Sans signalisation lumineuse']",A01,['1'],"['Piéton en roller ou en trottinette', 'Piéton', 'Conducteur']","['Accompagné', 'Accompagné']",['Domicile – travail'],['Avant'],['Sans changement de direction'],,['Piéton'],,['VL seul'],,Métropole,,2015,Haguenau,67,Bas-Rhin,200030583,CC de la Région de Haguenau,42,Alsace,Haguenau,67180
201500033008,2015-09-23T15:45:00+00:00,Hericourt,2015,09,23,17:45,Plein jour,En agglomération,3,Temps couvert,Autre collision,70,285,70285,"1, NELSON MANDELA (RUE)",4758120,0676717,70400,1,"{'lon': 6.767218, 'lat': 47.581576}",,,,,,,,,,,,Voie Communale,,,,,,"['1939', '1997']","['Féminin', 'Masculin']","['Traversant', 'Se déplaçant']","['Blessé', 'Indemne']",['Ceinture'],['Oui'],['Sur passage piéton - Sans signalisation lumineuse'],A01,['1'],"['Piéton', 'Conducteur']",['Accompagné'],"['Promenade – loisirs', 'Promenade – loisirs']",,['Tournant A gauche'],,['Piéton'],,['VL seul'],,Métropole,2015-08-01,2015,Héricourt,70,Haute-Saône,247000722,CC du Pays d'héricourt,43,Franche-Comté,Héricourt,70285
201500034493,2015-07-04T10:45:00+00:00,Sartrouville,2015,07,04,12:45,Plein jour,En agglomération,1,Normale,Autre collision,78,586,78586,TIMBAUD (JEAN-PIERRE),,,78500,,"{'lon': 2.196908, 'lat': 48.949484}",,normale,,,,99,0,0.0,,0.0,0.0,Parc de stationnement ouvert à la circulation publique,,,,,,"['1941', '1964']","['Féminin', 'Masculin']","['Autre', 'Se déplaçant']","['Blessé', 'Indemne']",['Ceinture'],['Non déterminable'],,A01,['1'],"['Piéton', 'Conducteur']",['Accompagné'],['Courses – achats'],['Arrière'],['En marche arrière'],,['Piéton'],,['VL seul'],,Métropole,,2015,Sartrouville,78,Yvelines,247800659,CA de la Boucle de la Seine,11,Île-de-France,Sartrouville,78586
201500034523,2015-12-16T12:05:00+00:00,Versailles,2015,12,16,13:05,Plein jour,En agglomération,1,Normale,Autre collision,78,646,78646,"31, MARECHAL FOCH (RUE D",4880750,0213277,78000,31,"{'lon': 2.132534, 'lat': 48.807628}",,autre,,Bidirectionnelle,,99,0,0.0,,0.0,3.0,Voie Communale,,Partie rectiligne,Plat,,,"['1974', '1980']","['Féminin', 'Masculin']","['Traversant', 'Se déplaçant']","['Blessé', 'Indemne']",['Casque'],['Oui'],['Sur passage piéton - Sans signalisation lumineuse'],A01,['1'],"['Piéton', 'Conducteur']",['Accompagné'],"['Domicile – travail', 'Utilisation professionnelle']",['Avant'],['Sans changement de direction'],,['Piéton'],,['Scooter > 50 cm3 et <= 125 cm3'],,Métropole,,2015,Versailles,78,Yvelines,247800584,CA Versailles Grand Parc (C.A.V.G.P.),11,Île-de-France,Versailles,78646
201500026652,2015-12-29T13:40:00+00:00,Nantes,2015,12,29,14:40,Plein jour,En agglomération,1,Normale,Deux véhicules - frontale,44,109,44109,RUE PAUL BELLAMY,,,44200,,"{'lon': -1.53062, 'lat': 47.206217}",1,normale,,,,00,0,0.0,,0.0,0.0,Voie Communale,0.0,Partie rectiligne,Pente,,Sur chaussée,"['1973', '1971']","['Féminin', 'Masculin']","['Se déplaçant', 'Se déplaçant']","['Indemne', 'Blessé']","['Ceinture', 'Casque']","['Oui', 'Oui']",,"B01,A01","['1', '1']","['Conducteur', 'Conducteur']",,"['Autre', 'Autre']","['Avant gauche', 'Avant droit']",,,"['Véhicule', 'Véhicule']",,"['Bicyclette', 'VL seul']",,,,2015,Nantes,44,Loire-Atlantique,244400404,Nantes Métropole,52,Pays de la Loire,Nantes,44109
201500027901,2015-07-11T07:45:00+00:00,La Glacerie,2015,07,11,09:45,Plein jour,Hors agglomération,1,Normale,Deux véhicules - frontale,50,203,50203,VALLEE DE QUINCAMPOIX,4961550,-164026,,,"{'lon': -1.63191, 'lat': 49.618362}",85,normale,,Bidirectionnelle,,99,900,77.0,,0.0,2.0,Route Départementale,530.0,En « S »,Plat,,Sur chaussée,"['1978', '1986', '1998', '1965']","['Masculin', 'Masculin', 'Féminin', 'Féminin']","['Se déplaçant', 'Se déplaçant', 'Se déplaçant', 'Se déplaçant']","['Blessé', 'Blessé', 'Blessé', 'Blessé']","['Ceinture', 'Ceinture', 'Ceinture', 'Ceinture']","['Oui', 'Oui', 'Oui', 'Oui']",,"A01,B01","['1', '2', '1', '2']","['Conducteur', 'Passager', 'Conducteur', 'Passager']",,"['Promenade – loisirs', 'Promenade – loisirs', 'Promenade – loisirs', 'Promenade – loisirs']","['Avant gauche', 'Avant gauche']","['Déporté A gauche', 'Sans changement de direction']",,"['Véhicule', 'Véhicule']",,"['VL seul', 'VL seul']",,Métropole,,2015,La Glacerie,50,Manche,245000237,CU de Cherbourg,25,Basse-Normandie,La Glacerie,50203
201500029145,2015-06-18T13:13:00+00:00,Vannes,2015,06,18,15:13,Plein jour,En agglomération,3,Normale,Autre collision,56,260,56260,"., THIERS(RUE)",4765772,-275991,56000,,"{'lon': -2.759731, 'lat': 47.655582}",,normale,,Bidirectionnelle,,00,0,0.0,,0.0,2.0,Voie Communale,,Partie rectiligne,Pente,Carrefour aménagé,Sur chaussée,"['1952', '1962']","['Féminin', 'Féminin']","['Traversant', 'Se déplaçant']","['Blessé', 'Indemne']",['Ceinture'],['Oui'],['Sur passage piéton - Avec signalisation lumineuse'],A01,['1'],"['Piéton', 'Conducteur']",['Seul'],['Autre'],['Avant'],['Tournant A gauche'],,['Piéton'],,['VL seul'],,Métropole,,2015,Vannes,56,Morbihan,245600366,CA Vannes Agglo,53,Bretagne,Vannes,56260
201500013053,2015-05-03T03:15:00+00:00,Aix-en-provence,2015,05,03,05:15,Nuit sans éclairage public,Hors agglomération,1,Normale,Deux véhicules – par le coté,13,001,13001,ENFANT (RTE DE L'),4349093,0538747,13090,,"{'lon': 5.445025, 'lat': 43.527626}",,normale,,Bidirectionnelle,,00,0,0.0,,0.0,1.0,Voie Communale,,Partie rectiligne,Plat,,Sur chaussée,"['1995', '1961', '1987']","['Masculin', 'Féminin', 'Féminin']","['Se déplaçant', 'Se déplaçant', 'Se déplaçant']","['Blessé', 'Blessé', 'Blessé']","['Ceinture', 'Ceinture', 'Autre']","['Oui', 'Oui', 'Oui']",,"A01,B01","['1', '1', '2']","['Conducteur', 'Conducteur', 'Passager']",,,"['Avant', 'Avant gauche']","['Sans changement de direction', 'En s’insérant']",,"['Véhicule', 'Véhicule']",,"['VL seul', 'VL seul']",,Métropole,,2015,Aix-en-Provence,13,Bouches-du-Rhône,241300276,CA du Pays d'Aix en Provence (Capa),93,Provence-Alpes-Côte d'Azur,Aix-en-Provence,13001
201500015320,2015-10-11T09:20:00+00:00,,2015,10,11,11:20,Plein jour,En agglomération,1,Normale,Trois véhicules et plus - collisions multiples,13,055,13055,"177, MADRAGUE VILLE*(CHE",4332908,0535907,,177,"{'lon': 5.357868, 'lat': 43.335444}",,normale,,Bidirectionnelle,,00,0,50.0,,0.0,2.0,Voie Communale,,En courbe à gauche,Plat,,,"['1957', '1983', '1993']","['Masculin', 'Féminin', 'Masculin']","['Se déplaçant', 'Se déplaçant', 'Se déplaçant']","['Indemne', 'Blessé', 'Indemne']","['Ceinture', 'Ceinture', 'Ceinture']","['Oui', 'Oui', 'Oui']",,"A01,E01,F01","['1', '1', '1']","['Conducteur', 'Conducteur', 'Conducteur']",,,['Avant gauche'],,,"['Véhicule', 'Véhicule', 'Véhicule']",,"['VL seul', 'Voiturette (Quadricycle à moteur carrossé) (anciennement ""voiturette ou tricycle à moteur"")', 'VL seul']",,Métropole,,2015,Marseille,13,Bouches-du-Rhône,241300391,CU de Marseille Provence Métropole (Mpm),93,Provence-Alpes-Côte d'Azur,,13055
201500016177,2015-09-23T08:45:00+00:00,Cabries,2015,09,23,10:45,Plein jour,Hors agglomération,1,Normale,Deux véhicules - frontale,13,019,13019,ROUTE DES QUINSOUN,,,13480,,"{'lon': 5.368215, 'lat': 43.469141}",,normale,,Bidirectionnelle,,99,0,35.0,,0.0,1.0,Voie Communale,,Partie rectiligne,Plat,,Sur chaussée,"['1928', '1970']","['Féminin', 'Masculin']","['Se déplaçant', 'Se déplaçant']","['Blessé', 'Blessé']","['Ceinture', 'Ceinture']","['Oui', 'Oui']",,"B01,A01","['1', '1']","['Conducteur', 'Conducteur']",,"['Promenade – loisirs', 'Promenade – loisirs']","['Avant gauche', 'Avant gauche']","['Sans changement de direction', 'Sans changement de direction']",,"['Véhicule', 'Véhicule']",,"['VL seul', 'VL seul']",,,,2015,Cabriès,13,Bouches-du-Rhône,241300276,CA du Pays d'Aix en Provence (Capa),93,Provence-Alpes-Côte d'Azur,Cabriès,13019
201500016352,2015-06-13T06:30:00+00:00,Wittelsheim,2015,06,13,08:30,Plein jour,En agglomération,1,Normale,Deux véhicules – par le coté,68,375,68375,123 Rue de Reiningue,4779236,0782856,68310,123,"{'lon': 7.228626, 'lat': 47.792363}",13,normale,,Bidirectionnelle,Banque cyclable,99,19,125.0,,0.0,2.0,Route Départementale,550.0,Partie rectiligne,Plat,,Sur chaussée,"['1933', '1950']","['Masculin', 'Féminin']","['Se déplaçant', 'Se déplaçant']","['Indemne', 'Blessé']","['Ceinture', 'Casque']","['Oui', 'Oui']",,"B02,A01","['1', '1']","['Conducteur', 'Conducteur']",,"['Courses – achats', 'Courses – achats']","['Avant droit', 'Avant gauche']","['Sans changement de direction', 'En faisant demi-tour sur la chaussée']",,"['Véhicule', 'Véhicule']",,"['Scooter < 50 cm3', 'VL seul']",,Métropole,,2015,Wittelsheim,68,Haut-Rhin,200023281,CA Mulhouse Alsace Agglomération (M2A),42,Alsace,Wittelsheim,68375
201500016774,2015-01-30T16:30:00+00:00,Cereste,2015,01,30,17:30,Plein jour,En agglomération,6,Normale,Sans collision,04,045,04045,COURS ARISTIDE BRIAND,,,04280,,"{'lon': 5.590677, 'lat': 43.856201}",2,normale,,Bidirectionnelle,,00,4100,70.0,,0.0,2.0,Route Départementale,300.0,Partie rectiligne,Sommet de côte,Carrefour aménagé,Sur chaussée,['1939'],['Masculin'],['Se déplaçant'],['Blessé'],['Casque'],['Oui'],,A01,['1'],['Conducteur'],,['Promenade – loisirs'],['Arrière droit'],['Arrêté (hors stationnement)'],,,,['Motocyclette > 125 cm3'],,Métropole,,2015,Céreste,04,Alpes-de-Haute-Provence,200040624,CC Pays d'Apt-Luberon,93,Provence-Alpes-Côte d'Azur,Céreste,04045
201500017129,2015-12-22T11:15:00+00:00,Bresles,2015,12,22,12:15,Plein jour,Hors agglomération,1,Normale,Autre collision,60,103,60103,,4941811,0224672,60510,,"{'lon': 2.250625, 'lat': 49.40955}",38,,,,,00,31,0.0,,0.0,0.0,Route Nationale,800.0,,,,,['1972'],['Masculin'],['Se déplaçant'],['Blessé'],['Ceinture'],['Oui'],,A01,['1'],['Conducteur'],,,,,,,,['PL seul > 7'],,Métropole,,2015,Bresles,60,Oise,246000939,CC Rurales du Beauvaisis,22,Picardie,Bresles,60103
201500018479,2015-07-14T05:45:00+00:00,Puylaroque,2015,07,14,07:45,Plein jour,Hors agglomération,1,Normale,Deux véhicules – par l’arrière,82,148,82148,,,,82240,,"{'lon': 1.609896, 'lat': 44.250123}",39,normale,,Bidirectionnelle,,00,20,50.0,,0.0,2.0,Route Départementale,200.0,Partie rectiligne,,,Sur chaussée,"['1947', '1935', '1937']","['Masculin', 'Masculin', 'Féminin']","['Se déplaçant', 'Se déplaçant', 'Se déplaçant']","['Blessé', 'Indemne', 'Indemne']","['Casque', 'Ceinture', 'Ceinture']","['Oui', 'Oui', 'Oui']",,"A01,B02","['1', '1', '2']","['Conducteur', 'Conducteur', 'Passager']",,['Promenade – loisirs'],"['Côté droit', 'Arrière']","['Sans changement de direction', 'Sans changement de direction']",,"['Véhicule', 'Véhicule']",,"['VL seul', 'Bicyclette']",,Métropole,,2015,Puylaroque,82,Tarn-et-Garonne,248200057,CC du Quercy Caussadais,73,Midi-Pyrénées,Puylaroque,82148
201500019256,2015-07-07T16:35:00+00:00,Tonnay-charente,2015,07,07,18:35,Plein jour,Hors agglomération,1,Normale,Deux véhicules – par l’arrière,17,449,17449,"127, SAINTONGE AVENUE DE",4595257,-088323,17430,127,"{'lon': -0.884819, 'lat': 45.952342}",80,mouillée,,Bidirectionnelle,,99,137,60.0,,0.0,2.0,Route Départementale,1000.0,Partie rectiligne,Plat,,Sur chaussée,"['1970', '2007', '1980']","['Féminin', 'Masculin', 'Féminin']","['Se déplaçant', 'Se déplaçant', 'Se déplaçant']","['Indemne', 'Blessé', 'Indemne']","['Ceinture', 'Ceinture', 'Ceinture']","['Oui', 'Oui', 'Oui']",,"B01,A01","['1', '3', '1']","['Conducteur', 'Passager', 'Conducteur']",,"['Domicile – travail', 'Promenade – loisirs', 'Promenade – loisirs']","['Arrière', 'Avant']","['Même sens', 'Même sens']",,"['Véhicule', 'Véhicule']",,"['VL seul', 'VL seul']",,Métropole,,2015,Tonnay-Charente,17,Charente-Maritime,200041762,CA Rochefort Océan,54,Poitou-Charentes,Tonnay-Charente,17449
201500019650,2015-06-06T07:55:00+00:00,Saintes,2015,06,06,09:55,Plein jour,Hors agglomération,1,Normale,Deux véhicules – par l’arrière,17,415,17415,141,4572650,-063583,17100,141,"{'lon': -0.634675, 'lat': 45.74537}",21,,,Bidirectionnelle,,00,141,0.0,,0.0,2.0,Route Nationale,0.0,Partie rectiligne,Plat,,Sur chaussée,"['1981', '1973']","['Masculin', 'Masculin']","['Se déplaçant', 'Se déplaçant']","['Blessé', 'Indemne']","['Ceinture', 'Ceinture']","['Oui', 'Oui']",,"B01,A01","['1', '1']","['Conducteur', 'Conducteur']",,"['Domicile – travail', 'Domicile – travail']","['Arrière', 'Avant']","['Sans changement de direction', 'Sans changement de direction']",,['Véhicule'],,"['VL seul', 'VL seul']",,Métropole,,2015,Saintes,17,Charente-Maritime,200036473,CA de Saintes,54,Poitou-Charentes,Saintes,17415
201500006006,2015-03-25T10:15:00+00:00,Les Forges,2015,03,25,11:15,Plein jour,Hors agglomération,1,Temps couvert,Autre collision,88,178,88178,,4817598,0640937,88390,,"{'lon': 6.391246, 'lat': 48.176049}",60,flaques,,Bidirectionnelle,,99,460,70.0,,0.0,2.0,Route Départementale,950.0,Partie rectiligne,Plat,,Sur chaussée,"['1959', '2004']","['Féminin', 'Masculin']","['Se déplaçant', 'Se déplaçant']","['Blessé', 'Blessé']","['Ceinture', 'Ceinture']","['Oui', 'Oui']",,A01,"['1', '2']","['Conducteur', 'Passager']",,"['Promenade – loisirs', 'Promenade – loisirs']",['Avant'],['Sans changement de direction'],,,['Arbre'],['VL seul'],,Métropole,2015-06-01,2015,Les Forges,88,Vosges,200034361,CA d'Epinal,41,Lorraine,Les Forges,88178
201500006073,2015-06-23T09:15:00+00:00,Le Val-d'ajol,2015,06,23,11:15,Plein jour,Hors agglomération,1,Normale,Trois véhicules et plus - collisions multiples,88,487,88487,,4792181,0646781,88340,,"{'lon': 6.482397, 'lat': 47.924785}",30,normale,,Bidirectionnelle,,00,20,62.0,,0.0,2.0,Route Départementale,820.0,En « S »,Pente,,Sur chaussée,"['1961', '1959', '1965']","['Masculin', 'Masculin', 'Masculin']","['Se déplaçant', 'Se déplaçant', 'Se déplaçant']","['Blessé', 'Blessé', 'Indemne']","['Ceinture', 'Ceinture', 'Ceinture']","['Non', 'Oui', 'Oui']",,"A01,C03,B02","['1', '1', '1']","['Conducteur', 'Conducteur', 'Conducteur']",,"['Utilisation professionnelle', 'Courses – achats', 'Utilisation professionnelle']","['Avant', 'Avant', 'Arrière gauche']","['Dépassant A gauche', 'Sans changement de direction', 'Sans changement de direction']",,"['Véhicule', 'Véhicule', 'Véhicule']",,"['VL seul', 'VL seul', 'VU seul 1']",,Métropole,,2015,Le Val-d'Ajol,88,Vosges,248800435,CC des Vosges Méridionales,41,Lorraine,Le Val-d'Ajol,88487
201500006103,2015-09-20T16:30:00+00:00,Xonrupt-longemer,2015,09,20,18:30,Crépuscule ou aube,Hors agglomération,1,Normale,Deux véhicules – par le coté,88,531,88531,,4805470,0700512,88400,,"{'lon': 6.925517, 'lat': 48.080195}",44,normale,,Bidirectionnelle,Voie réservée,99,417,0.0,,0.0,3.0,Route Départementale,18.0,Partie rectiligne,Plat,Carrefour aménagé,Sur chaussée,"['1968', '1968']","['Masculin', 'Féminin']","['Se déplaçant', 'Se déplaçant']","['Blessé', 'Indemne']","['Casque', 'Ceinture']","['Oui', 'Oui']",,"B02,A01","['1', '1']","['Conducteur', 'Conducteur']",,"['Promenade – loisirs', 'Promenade – loisirs']","['Côté droit', 'Avant gauche']","['Sans changement de direction', 'Tournant A gauche']",,"['Véhicule', 'Véhicule']",,"['Motocyclette > 125 cm3', 'VL seul']",,Métropole,,2015,Xonrupt-Longemer,88,Vosges,248800658,CC de Gérardmer - Monts et Vallées,41,Lorraine,Xonrupt-Longemer,88531
201500022849,2015-09-24T17:20:00+00:00,Toulouse,2015,09,24,19:20,Crépuscule ou aube,En agglomération,1,Normale,Deux véhicules – par le coté,31,555,31555,"243, RTE DE BAYONNE",,,31000,243,"{'lon': 1.426837, 'lat': 43.608085}",,normale,,Bidirectionnelle,,00,0,0.0,,0.0,2.0,Voie Communale,,Partie rectiligne,Plat,,Sur chaussée,"['1977', '1978']","['Masculin', 'Masculin']","['Se déplaçant', 'Se déplaçant']","['Indemne', 'Blessé']","['Ceinture', 'Casque']","['Oui', 'Oui']",,"A01,B01","['1', '1']","['Conducteur', 'Conducteur']",,,"['Chocs multiples (tonneaux)', 'Avant gauche']",['Sans changement de direction'],,"['Véhicule', 'Véhicule']",,"['Scooter > 50 cm3 et <= 125 cm3', 'VL seul']",,,,2015,Toulouse,31,Haute-Garonne,243100518,Toulouse Métropole,73,Midi-Pyrénées,Toulouse,31555
201500023907,2015-10-23T11:00:00+00:00,Bordeaux,2015,10,23,13:00,Plein jour,En agglomération,1,Normale,Autre collision,33,063,33063,"16, QUAI DE LA MONNAIE",4483400,-056292,33100,16,"{'lon': -0.555838, 'lat': 44.852687}",,normale,,A chaussées séparées,Banque cyclable,00,0,0.0,,0.0,4.0,Voie Communale,,Partie rectiligne,Plat,,Sur chaussée,"['1971', '1993']","['Féminin', 'Masculin']","['Se déplaçant', 'Traversant']","['Indemne', 'Blessé']",['Ceinture'],['Non déterminable'],['Sur passage piéton - Avec signalisation lumineuse'],A01,['1'],"['Conducteur', 'Piéton']",['Seul'],,['Avant'],['Sans changement de direction'],,['Piéton'],,['VU seul 1'],,Métropole,2015-07-01,2015,Bordeaux,33,Gironde,243300316,Bordeaux Métropole,72,Aquitaine,Bordeaux,33063
201500003472,2015-05-07T16:45:00+00:00,Aureville,2015,05,07,18:45,Plein jour,Hors agglomération,1,Normale,Deux véhicules - frontale,31,025,31025,,4348700,0144700,31320,,"{'lon': 1.451772, 'lat': 43.481135}",,normale,,Bidirectionnelle,,99,24,64.0,,0.0,2.0,Route Départementale,,Partie rectiligne,Plat,,Sur chaussée,"['1990', '1968']","['Masculin', 'Masculin']","['Se déplaçant', 'Se déplaçant']","['Blessé', 'Blessé']","['Casque', 'Casque']","['Oui', 'Oui']",,"A01,B02","['1', '1']","['Conducteur', 'Conducteur']",,"['Promenade – loisirs', 'Domicile – travail']","['Avant', 'Arrière']","['Sans changement de direction', 'Déporté A gauche']",,"['Autre', 'Véhicule']",,"['Motocyclette > 125 cm3', 'Bicyclette']",,Métropole,,2015,Aureville,31,Haute-Garonne,243100633,CA du Sicoval,73,Midi-Pyrénées,Aureville,31025
201500003641,2015-06-27T12:15:00+00:00,Castelnau-durban,2015,06,27,14:15,Plein jour,Hors agglomération,1,Normale,Deux véhicules - frontale,09,082,09082,,4299732,0132932,09420,,"{'lon': 1.340821, 'lat': 43.000843}",67,normale,,Bidirectionnelle,,00,117,61.0,,0.0,2.0,Route Départementale,786.0,Partie rectiligne,,,Sur chaussée,"['1958', '1948', '1951', '1929']","['Féminin', 'Masculin', 'Féminin', 'Féminin']","['Se déplaçant', 'Se déplaçant', 'Se déplaçant', 'Se déplaçant']","['Blessé', 'Blessé', 'Blessé', 'Blessé']","['Ceinture', 'Ceinture', 'Ceinture', 'Ceinture']","['Oui', 'Oui', 'Oui', 'Oui']",,"A01,B02","['2', '1', '1', '4']","['Passager', 'Conducteur', 'Conducteur', 'Passager']",,['Promenade – loisirs'],"['Avant', 'Avant']","['Sans changement de direction', 'Sans changement de direction']",,"['Véhicule', 'Véhicule']",,"['VL seul', 'VL seul']",,Métropole,,2015,Castelnau-Durban,09,Ariège,240900423,CC du Seronnais 117,73,Midi-Pyrénées,Castelnau-Durban,09082