num_acc,datetime,nom_com,an,mois,jour,hrmn,lum,agg,int,atm,col,dep,com,insee,adr,lat,long,code_postal,num,coordonnees,pr,surf,v1,circ,vosp,env1,voie,larrout,v2,lartpc,nbv,catr,pr1,plan,prof,infra,situ,an_nais,sexe,actp,grav,secu,secu_utl,locp,num_veh,place,catu,etatp,trajet,choc,manv,senc,obsm,obs,catv,occutc,gps,date,year_georef,com_name,dep_code,dep_name,epci_code,epci_name,reg_code,reg_name,com_arm_name,com_code
201600025917,2016-08-18T15:45:00+00:00,Saint-pierre-des-corps,2016,08,18,17:45,Plein jour,En agglomération,1,Normale,Deux véhicules – par le coté,37,233,37233,RUE DES  ATELIERS,4738716,0070977,37700,,"{'lon': 0.715168, 'lat': 47.386337}",,normale,,,,00,0,0.0,,0.0,2.0,Voie Communale,,Partie rectiligne,Plat,,,"['1952', '1959']","['Masculin', 'Masculin']","['Se déplaçant', 'Se déplaçant']","['Indemne', 'Blessé']","['Ceinture', 'Autre']","['Oui', 'Oui']",,"A01,B01","['1', '1']","['Conducteur', 'Conducteur']",,['Promenade – loisirs'],"['Avant', 'Côté gauche']","['Tournant A gauche', 'Sans changement de direction']",,"['Véhicule', 'Véhicule']",,"['Bicyclette', 'VL seul']",,Métropole,,2016,Saint-Pierre-des-Corps,37,Indre-et-Loire,243700754,CA Tours (Plus),24,Centre-Val de Loire,Saint-Pierre-des-Corps,37233
201600028477,2016-11-16T14:30:00+00:00,Reims,2016,11,16,15:30,Plein jour,En agglomération,1,Pluie légère,Autre collision,51,454,51454,RUE DES BONS MALADES,4925071,0401544,51100,,"{'lon': 4.015175, 'lat': 49.250053}",,mouillée,,Bidirectionnelle,,99,0,66.0,,0.0,2.0,Voie Communale,0.0,Partie rectiligne,Plat,,Sur chaussée,"['1974', '2008']","['Masculin', 'Masculin']","['Se déplaçant', 'Jouant – courant']","['Indemne', 'Blessé']",['Ceinture'],['Oui'],['Sur chaussée - A + 50 m du passage piéton'],A01,['1'],"['Conducteur', 'Piéton']",['Seul'],['Promenade – loisirs'],['Avant gauche'],['Sans changement de direction'],,['Piéton'],,['VL seul'],,Métropole,,2016,Reims,51,Marne,200033686,CA Reims Métropole,44,Alsace-Champagne-Ardenne-Lorraine,Reims,51454
201600028589,2016-09-03T22:15:00+00:00,Varangeville,2016,09,04,00:15,Nuit avec éclairage public allumé,En agglomération,3,Normale,Deux véhicules – par le coté,54,549,54549,"04, PERI (RUE GABRIEL)",4863632,0631156,54110,04,"{'lon': 6.320196, 'lat': 48.634279}",11,normale,,Bidirectionnelle,,99,400,127.0,,16.0,2.0,Route Départementale,700.0,Partie rectiligne,Plat,,Sur chaussée,"['1997', '1959', '1997', '1961']","['Masculin', 'Masculin', 'Masculin', 'Féminin']","['Se déplaçant', 'Se déplaçant', 'Se déplaçant', 'Se déplaçant']","['Indemne', 'Indemne', 'Indemne', 'Blessé']","['Ceinture', 'Ceinture', 'Ceinture', 'Ceinture']","['Oui', 'Oui', 'Oui', 'Oui']",,"A01,B01","['2', '1', '1', '2']","['Passager', 'Conducteur', 'Conducteur', 'Passager']",,"['Promenade – loisirs', 'Promenade – loisirs', 'Promenade – loisirs', 'Promenade – loisirs']","['Avant', 'Avant gauche']","['Sans changement de direction', 'Tournant A gauche']","PK ou PR ou numéro d’adresse postale décroissant,PK ou PR ou numéro d’adresse postale croissant","['Véhicule', 'Véhicule']",,"['VL seul', 'VL seul']",,Métropole,,2016,Varangéville,54,Meurthe-et-Moselle,245400189,CC des Pays du Sel et du Vermois,44,Alsace-Champagne-Ardenne-Lorraine,Varangéville,54549
201600029202,2016-05-20T11:55:00+00:00,Lanester,2016,05,20,13:55,Plein jour,En agglomération,1,Normale,Sans collision,56,098,56098,"42, BILLOUX ( AV. FRANCO",4776276,-334885,56600,42,"{'lon': -3.349259, 'lat': 47.762534}",,normale,,A sens unique,,00,0,0.0,,0.0,0.0,autre,,,Plat,,Sur chaussée,['1963'],['Féminin'],['Se déplaçant'],['Blessé'],['Ceinture'],['Oui'],,A01,['1'],['Conducteur'],,,,,,,['Sortie de chaussée sans obstacle'],['VL seul'],,Métropole,2016-02-01,2016,Lanester,56,Morbihan,200042174,CA Lorient Agglomération,53,Bretagne,Lanester,56098
201600029365,2016-11-21T01:00:00+00:00,Lorient,2016,11,21,02:00,Nuit avec éclairage public allumé,En agglomération,1,Pluie légère,Autre collision,56,121,56121,"126, BLUM ( BD LEON )",4774615,-337939,56100,126,"{'lon': -3.3794, 'lat': 47.746067}",,mouillée,,Bidirectionnelle,,00,0,0.0,,0.0,2.0,Voie Communale,,Partie rectiligne,Plat,,Sur chaussée,"['1989', '1989']","['Masculin', 'Masculin']","['Se déplaçant', 'Se déplaçant']","['Indemne', 'Blessé']","['Ceinture', 'Ceinture']","['Oui', 'Oui']",,A01,"['1', '2']","['Conducteur', 'Passager']",,['Promenade – loisirs'],['Avant'],['Sans changement de direction'],PK ou PR ou numéro d’adresse postale croissant,,['Véhicule en stationnement'],['VL seul'],,Métropole,,2016,Lorient,56,Morbihan,200042174,CA Lorient Agglomération,53,Bretagne,Lorient,56121
201600029581,2016-11-17T14:55:00+00:00,Metz,2016,11,17,15:55,Crépuscule ou aube,En agglomération,3,Pluie légère,Deux véhicules - frontale,57,463,57463,"0, CLAUDE CHAPPE (RUE )",4910385,0622418,57000,0,,,mouillée,,Bidirectionnelle,,99,,69.0,,0.0,2.0,Voie Communale,,Partie rectiligne,Plat,,Sur chaussée,"['1987', '1964']","['Masculin', 'Masculin']","['Se déplaçant', 'Se déplaçant']","['Indemne', 'Blessé']","['Ceinture', 'Ceinture']","['Oui', 'Oui']",,"A01,B01","['1', '1']","['Conducteur', 'Conducteur']",,"['Utilisation professionnelle', 'Domicile – travail']","['Avant', 'Arrière']",['Même sens'],"PK ou PR ou numéro d’adresse postale croissant,PK ou PR ou numéro d’adresse postale croissant","['Véhicule', 'Véhicule']",,"['VU seul 1', 'VL seul']",,Métropole,,2016,Metz,57,Moselle,200039865,CA Metz Métropole,44,Alsace-Champagne-Ardenne-Lorraine,Metz,57463
201600023686,2016-02-25T18:27:00+00:00,Bordeaux,2016,02,25,19:27,Nuit avec éclairage public allumé,En agglomération,1,Normale,Autre collision,33,063,33063,Q.ML LYAUTEY=>PLBOURSE,4484230,-056999,33100,,,,normale,,Bidirectionnelle,,00,,0.0,,0.0,3.0,Voie Communale,,Partie rectiligne,Plat,Voie ferrée,Sur chaussée,"['1988', '1964']","['Féminin', 'Masculin']","['Jouant – courant', 'Se déplaçant']","['Blessé', 'Indemne']",['Autre'],['Non déterminable'],['Sur chaussée - A + 50 m du passage piéton'],A01,['1'],"['Piéton', 'Conducteur']",['Seul'],"['Autre', 'Utilisation professionnelle']",['Avant'],['Sans changement de direction'],PK ou PR ou numéro d’adresse postale croissant,['Piéton'],,['Tramway'],['1'],Métropole,,2016,Bordeaux,33,Gironde,243300316,Bordeaux Métropole,75,Aquitaine-Limousin-Poitou-Charentes,Bordeaux,33063
201600019854,2016-06-20T08:35:00+00:00,La Rochelle,2016,06,20,10:35,Plein jour,En agglomération,1,Normale,Deux véhicules – par l’arrière,17,300,17300,"20, LECLERC   AVENUE DU",4616284,-116237,17000,20,"{'lon': -1.162354, 'lat': 46.162875}",,normale,,Bidirectionnelle,,99,0,51.0,,0.0,2.0,Voie Communale,,Partie rectiligne,Plat,,Sur chaussée,"['1965', '1999', '1997']","['Masculin', 'Féminin', 'Féminin']","['Se déplaçant', 'Se déplaçant', 'Se déplaçant']","['Indemne', 'Blessé', 'Indemne']","['Ceinture', 'Casque', 'Ceinture']","['Oui', 'Oui', 'Oui']",,"A01,B01","['2', '1', '1']","['Passager', 'Conducteur', 'Conducteur']",,"['Autre', 'Promenade – loisirs', 'Autre']","['Avant', 'Arrière']","['Même sens', 'Même sens']","PK ou PR ou numéro d’adresse postale croissant,PK ou PR ou numéro d’adresse postale croissant","['Véhicule', 'Véhicule']",,"['Cyclomoteur <50cm3', 'VL seul']",,Métropole,,2016,La Rochelle,17,Charente-Maritime,241700434,CA de la Rochelle,75,Aquitaine-Limousin-Poitou-Charentes,La Rochelle,17300
201600020461,2016-02-21T19:15:00+00:00,Antrenas,2016,02,21,20:15,Nuit sans éclairage public,Hors agglomération,1,Normale,Deux véhicules - frontale,48,005,48005,,,,48100,,"{'lon': 3.264521, 'lat': 44.580866}",151,normale,,A chaussées séparées,,99,75,46.0,,11.0,2.0,Autoroute,320.0,Partie rectiligne,Bas de côte,,Sur chaussée,"['1990', '1970']","['Féminin', 'Masculin']","['Se déplaçant', 'Se déplaçant']","['Blessé', 'Indemne']","['Ceinture', 'Ceinture']","['Oui', 'Oui']",,"A01,B02","['1', '1']","['Conducteur', 'Conducteur']",,"['Promenade – loisirs', 'Promenade – loisirs']","['Avant gauche', 'Avant']","['Même sens', 'Même sens']","PK ou PR ou numéro d’adresse postale décroissant,PK ou PR ou numéro d’adresse postale décroissant",['Véhicule'],['Glissière métallique'],"['VL seul', 'VL seul']",,Métropole,,2016,Antrenas,48,Lozère,244800470,CC du Gévaudan,76,Languedoc-Roussillon-Midi-Pyrénées,Antrenas,48005
201600020919,2016-10-07T19:10:00+00:00,Plerin,2016,10,07,21:10,Nuit sans éclairage public,Hors agglomération,1,Normale,Autre collision,22,187,22187,RN12,4854631,-278094,22190,12,"{'lon': -2.771207, 'lat': 48.533663}",61,,,Bidirectionnelle,,99,12,70.0,,0.0,4.0,Route Nationale,0.0,Partie rectiligne,Plat,,Sur chaussée,"['1990', '1987']","['Masculin', 'Masculin']","['Traversant', 'Se déplaçant']","['Tué', 'Blessé']",['Ceinture'],['Oui'],['Sur chaussée - A + 50 m du passage piéton'],A01,['1'],"['Piéton', 'Conducteur']",['Seul'],"['Promenade – loisirs', 'Promenade – loisirs']",['Avant'],['Sans changement de direction'],PK ou PR ou numéro d’adresse postale croissant,['Piéton'],,['VU seul 1'],,Métropole,,2016,Plérin,22,Côtes-d'Armor,242200517,CA Saint-Brieuc Agglomération Baie d'Armor (Sbaba),53,Bretagne,Plérin,22187
201600019555,2016-08-10T19:15:00+00:00,Melesse,2016,08,10,21:15,Plein jour,En agglomération,1,Normale,Autre collision,35,173,35173,Rue de montreuil,4822918,-169996,35520,,"{'lon': -1.699509, 'lat': 48.224113}",,normale,,Bidirectionnelle,,99,0,0.0,,0.0,2.0,Voie Communale,,En courbe à gauche,Plat,,Sur accotement,['1972'],['Masculin'],['Se déplaçant'],['Blessé'],['Casque'],['Non déterminable'],,A01,['1'],['Conducteur'],,['Promenade – loisirs'],['Avant'],['Déporté A droite'],,,['Véhicule en stationnement'],['Scooter < 50 cm3'],,Métropole,,2016,Melesse,35,Ille-et-Vilaine,243500667,CC du Val d'Ille,53,Bretagne,Melesse,35173
201700058560,2017-11-27T05:30:00+00:00,Paris-16e-arrondissement,2017,11,27,06:30,Nuit avec éclairage public allumé,En agglomération,4,Normale,Trois véhicules et plus - collisions multiples,75,116,75116,PORTE D AUTEUIL,4885100,0225220,75016,,"{'lon': 2.244925, 'lat': 48.847978}",12,normale,,A sens unique,,99,0,35.0,,15.0,1.0,Voie Communale,600.0,Partie rectiligne,Plat,,Sur chaussée,"['1975', '1972', '1979', '1957']","['Masculin', 'Masculin', 'Masculin', 'Masculin']","['Se déplaçant', 'Se déplaçant', 'Se déplaçant', 'Se déplaçant']","['Indemne', 'Blessé', 'Indemne', 'Indemne']","['Ceinture', 'Casque', 'Ceinture', 'Ceinture']","['Oui', 'Oui', 'Oui', 'Oui']",,"D01,B01,A01,C01","['1', '1', '1', '1']","['Conducteur', 'Conducteur', 'Conducteur', 'Conducteur']",,"['Utilisation professionnelle', 'Domicile – travail', 'Domicile – travail', 'Utilisation professionnelle']","['Avant droit', 'Côté gauche', 'Avant gauche', 'Arrière gauche']","['Sans changement de direction', 'En s’insérant', 'Sans changement de direction', 'Sans changement de direction']","PK ou PR ou numéro d’adresse postale croissant,PK ou PR ou numéro d’adresse postale croissant,PK ou PR ou numéro d’adresse postale croissant,PK ou PR ou numéro d’adresse postale croissant","['Véhicule', 'Véhicule', 'Véhicule', 'Véhicule']",,"['Motocyclette > 125 cm3', 'VL seul', 'PL > 3', 'VL seul']",,Métropole,,2017,Paris,75,Paris,200054781,Métropole du Grand Paris,11,Île-de-France,Paris 16e Arrondissement,75116
201700058753,2017-02-10T12:45:00+00:00,Sainte-rose,2017,02,10,13:45,Plein jour,En agglomération,9,Normale,Deux véhicules – par l’arrière,97,129,97129,RN2 - bébel,,,97115,2,"{'lon': -61.690219, 'lat': 16.325947}",,normale,,Bidirectionnelle,,,2,10.0,,0.0,2.0,Route Nationale,,,Plat,,,"['1995', '1997']","['Féminin', 'Masculin']","['Se déplaçant', 'Se déplaçant']","['Blessé', 'Indemne']","['Ceinture', 'Ceinture']","['Non déterminable', 'Non déterminable']",,"B01,A01","['1', '1']","['Conducteur', 'Conducteur']",,"['Promenade – loisirs', 'Courses – achats']","['Arrière', 'Avant']","['Tournant A gauche', 'Même sens']","PK ou PR ou numéro d’adresse postale décroissant,PK ou PR ou numéro d’adresse postale décroissant",['Véhicule'],,"['VL seul', 'VL seul']",,Antilles (Martinique ou Guadeloupe),,2017,Sainte-Rose,971,Guadeloupe,249710062,CA du Nord Basse-Terre,01,Guadeloupe,Sainte-Rose,97129
201700054005,2017-03-08T22:25:00+00:00,Paris-9e-arrondissement,2017,03,08,23:25,Nuit avec éclairage public allumé,En agglomération,2,Pluie légère,Deux véhicules – par le coté,75,109,75109,", RUE DE MOGADOR",4887500,0233141,75009,,"{'lon': 2.331305, 'lat': 48.874704}",,mouillée,,A sens unique,Voie réservée,99,,0.0,,0.0,2.0,Voie Communale,,Partie rectiligne,Plat,Carrefour aménagé,Sur chaussée,"['1994', '1990', '1994']","['Féminin', 'Masculin', 'Masculin']","['Se déplaçant', 'Se déplaçant', 'Se déplaçant']","['Blessé', 'Indemne', 'Blessé']","['Casque', 'Ceinture', 'Casque']","['Oui', 'Non déterminable', 'Oui']",,"B01,A01","['2', '1', '1']","['Passager', 'Conducteur', 'Conducteur']",,"['Promenade – loisirs', 'Promenade – loisirs', 'Autre']","['Avant gauche', 'Avant']","['Sans changement de direction', 'Sans changement de direction']","PK ou PR ou numéro d’adresse postale croissant,PK ou PR ou numéro d’adresse postale croissant","['Véhicule', 'Véhicule']",,"['VL seul', 'Motocyclette > 125 cm3']",,Métropole,,2017,Paris,75,Paris,200054781,Métropole du Grand Paris,11,Île-de-France,Paris 9e Arrondissement,75109
201700055108,2017-04-15T02:45:00+00:00,Paris-13e-arrondissement,2017,04,15,04:45,Nuit avec éclairage public allumé,En agglomération,3,Normale,Autre collision,75,113,75113,"125, RUE DE TOLBIAC",4882630,0236146,75013,125,"{'lon': 2.361651, 'lat': 48.826263}",,normale,,Bidirectionnelle,,99,,0.0,,0.0,3.0,Voie Communale,,Partie rectiligne,Pente,,Sur chaussée,['1994'],['Masculin'],['Se déplaçant'],['Blessé'],['Casque'],['Non déterminable'],,A01,['1'],['Conducteur'],,['Promenade – loisirs'],['Avant'],['Déporté A droite'],PK ou PR ou numéro d’adresse postale croissant,,['Véhicule en stationnement'],['Bicyclette'],,Métropole,2017-08-01,2017,Paris,75,Paris,200054781,Métropole du Grand Paris,11,Île-de-France,Paris 13e Arrondissement,75113
201700057724,2017-11-07T19:20:00+00:00,Paris-20e-arrondissement,2017,11,07,20:20,Nuit avec éclairage public allumé,En agglomération,2,Normale,Autre collision,75,120,75120,RUE PELLEPORT,4887080,0239924,75020,,"{'lon': 2.400905, 'lat': 48.868963}",,normale,,Bidirectionnelle,,99,,40.0,,0.0,2.0,Voie Communale,,Partie rectiligne,Plat,,Sur chaussée,['1973'],['Féminin'],['Se déplaçant'],['Blessé'],['Casque'],['Oui'],,"Z01,A01",['1'],['Conducteur'],,['Promenade – loisirs'],,"['Tournant A gauche', 'Sans changement de direction']","PK ou PR ou numéro d’adresse postale croissant,PK ou PR ou numéro d’adresse postale décroissant","['Véhicule', 'Véhicule']",,"['VL seul', 'Motocyclette > 50 cm3 et <= 125 cm3']",,Métropole,,2017,Paris,75,Paris,200054781,Métropole du Grand Paris,11,Île-de-France,Paris 20e Arrondissement,75120
201700057878,2017-05-30T11:10:00+00:00,Paris-18e-arrondissement,2017,05,30,13:10,Plein jour,En agglomération,1,Normale,Sans collision,75,118,75118,"124, RUE DES POISSONNIER",4889530,0235291,75018,124,"{'lon': 2.353098, 'lat': 48.895258}",,normale,,Bidirectionnelle,,00,,79.0,,0.0,2.0,Voie Communale,,Partie rectiligne,Plat,,Sur chaussée,['1995'],['Masculin'],['Se déplaçant'],['Blessé'],['Casque'],['Oui'],,A01,['1'],['Conducteur'],,['Utilisation professionnelle'],['Avant'],['Sans changement de direction'],PK ou PR ou numéro d’adresse postale croissant,,,['Cyclomoteur <50cm3'],,Métropole,,2017,Paris,75,Paris,200054781,Métropole du Grand Paris,11,Île-de-France,Paris 18e Arrondissement,75118
201600030846,2016-02-20T19:45:00+00:00,Saint-georges-des-groseillers,2016,02,20,20:45,Nuit sans éclairage public,En agglomération,1,Normale,Autre collision,61,391,61391,,4876024,-057752,61100,,"{'lon': -0.574185, 'lat': 48.769502}",26,normale,,Bidirectionnelle,,00,18,,,,2.0,Route Départementale,485.0,En courbe à gauche,Plat,,Sur accotement,['1984'],['Masculin'],['Se déplaçant'],['Blessé'],['Ceinture'],['Non déterminable'],,A01,['1'],['Conducteur'],,['Promenade – loisirs'],['Avant droit'],['Déporté A droite'],PK ou PR ou numéro d’adresse postale croissant,,['Bâtiment'],['VL seul'],,Métropole,,2016,Saint-Georges-des-Groseillers,61,Orne,200035814,CA Flers,28,Normandie,Saint-Georges-des-Groseillers,61391
201600042829,2016-05-26T08:54:00+00:00,Villejuif,2016,05,26,10:54,Plein jour,En agglomération,2,Normale,Deux véhicules – par le coté,94,076,94076,PARIS / DAUPHIN,4880560,0236364,94800,,"{'lon': 2.364833, 'lat': 48.805927}",,normale,,Bidirectionnelle,,99,7,0.0,,0.0,4.0,Route Départementale,,Partie rectiligne,Plat,,Sur chaussée,"['1986', '1949']","['Masculin', 'Féminin']","['Se déplaçant', 'Se déplaçant']","['Blessé', 'Blessé']","['Casque', 'Ceinture']","['Oui', 'Oui']",,"B01,A01","['1', '1']","['Conducteur', 'Conducteur']",,"['Promenade – loisirs', 'Promenade – loisirs']","['Avant', 'Avant droit']","['Sans changement de direction', 'Tournant A gauche']","PK ou PR ou numéro d’adresse postale croissant,PK ou PR ou numéro d’adresse postale décroissant","['Véhicule', 'Véhicule']",,"['Motocyclette > 125 cm3', 'VL seul']",,Métropole,,2016,Villejuif,94,Val-de-Marne,200054781,Métropole du Grand Paris,11,Île-de-France,Villejuif,94076
201600043153,2016-11-23T01:27:00+00:00,Chevilly-larue,2016,11,23,02:27,Nuit avec éclairage public allumé,En agglomération,1,Pluie légère,Autre collision,94,021,94021,"194, STALINGRAD (AV DE)",,,94550,194,"{'lon': 2.367923, 'lat': 48.766925}",,mouillée,,A chaussées séparées,,00,0,60.0,,0.0,2.0,Route Départementale,,Partie rectiligne,Plat,,Sur chaussée,"['1972', '1957', '1992']","['Masculin', 'Masculin', 'Masculin']","['Se déplaçant', 'Se déplaçant', 'Se déplaçant']","['Indemne', 'Blessé', 'Blessé']","['Ceinture', 'Ceinture', 'Ceinture']","['Non déterminable', 'Non', 'Non']",,A01,"['1', '4', '4']","['Conducteur', 'Passager', 'Passager']",,['Utilisation professionnelle'],['Avant droit'],['Déporté A droite'],,,['Véhicule en stationnement'],['Autobus'],['5'],,,2016,Chevilly-Larue,94,Val-de-Marne,200054781,Métropole du Grand Paris,11,Île-de-France,Chevilly-Larue,94021
201600044535,2016-06-08T16:45:00+00:00,,2016,06,08,18:45,Plein jour,Hors agglomération,1,Normale,Deux véhicules – par le coté,20,004,20004,NATIONALE 193,4193109,0880199,,193,"{'lon': 9.438245, 'lat': 42.606061}",6,normale,,A sens unique,,00,,0.0,,0.0,2.0,Route Nationale,0.0,En courbe à gauche,Plat,,Sur chaussée,"['1964', '1967', '1962']","['Masculin', 'Féminin', 'Masculin']","['Se déplaçant', 'Se déplaçant', 'Se déplaçant']","['Blessé', 'Blessé', 'Indemne']","['Casque', 'Casque', 'Ceinture']","['Oui', 'Oui', 'Oui']",,"A01,B01","['1', '2', '1']","['Conducteur', 'Passager', 'Conducteur']",,"['Promenade – loisirs', 'Promenade – loisirs']","['Arrière droit', 'Côté gauche']","['Changeant de file A droite', 'Sans changement de direction']","PK ou PR ou numéro d’adresse postale décroissant,PK ou PR ou numéro d’adresse postale décroissant","['Véhicule', 'Véhicule']",,"['VL seul', 'Motocyclette > 125 cm3']",,Métropole,,2016,,,,,,,,,20004
201600044867,2016-06-18T23:00:00+00:00,Emerainville,2016,06,19,01:00,Nuit sans éclairage public,Hors agglomération,1,Normale,Autre collision,77,169,77169,RN104,,,77184,104,"{'lon': 2.621457, 'lat': 48.809772}",0,mouillée,,A sens unique,,99,104,35.0,,0.0,2.0,Route Nationale,890.0,En courbe à gauche,Plat,Bretelle d’échangeur ou de raccordement,Sur chaussée,['1969'],['Masculin'],['Se déplaçant'],['Blessé'],['Ceinture'],['Oui'],,A01,['1'],['Conducteur'],,['Promenade – loisirs'],['Avant'],['Sans changement de direction'],PK ou PR ou numéro d’adresse postale croissant,,['Glissière métallique'],['VL seul'],,,,2016,Émerainville,77,Seine-et-Marne,200057958,CA Paris - Vallée de la Marne,11,Île-de-France,Émerainville,77169
201600044943,2016-07-31T18:30:00+00:00,Fontenay-sous-bois,2016,07,31,20:30,Plein jour,Hors agglomération,1,Normale,Trois véhicules et plus - collisions multiples,94,033,94033,A86.EXT,4885320,0248994,94120,86,"{'lon': 2.476699, 'lat': 48.851496}",0,normale,,A chaussées séparées,,99,86,105.0,,200.0,6.0,Autoroute,971.0,Partie rectiligne,Plat,,Sur chaussée,"['1967', '1992', '1990', '1992']","['Masculin', 'Féminin', 'Masculin', 'Masculin']","['Se déplaçant', 'Se déplaçant', 'Se déplaçant', 'Se déplaçant']","['Indemne', 'Blessé', 'Indemne', 'Blessé']","['Ceinture', 'Ceinture', 'Ceinture', 'Ceinture']","['Oui', 'Oui', 'Oui', 'Oui']",,"A01,B01,C01","['1', '2', '1', '1']","['Conducteur', 'Passager', 'Conducteur', 'Conducteur']",,"['Promenade – loisirs', 'Promenade – loisirs', 'Promenade – loisirs', 'Promenade – loisirs']","['Chocs multiples (tonneaux)', 'Arrière droit', 'Arrière']","['Même sens', 'Arrêté (hors stationnement)', 'Arrêté (hors stationnement)']","PK ou PR ou numéro d’adresse postale décroissant,PK ou PR ou numéro d’adresse postale décroissant,PK ou PR ou numéro d’adresse postale décroissant","['Véhicule', 'Véhicule', 'Véhicule']",['Glissière béton'],"['VL seul', 'VL seul', 'VL seul']",,Métropole,,2016,Fontenay-sous-Bois,94,Val-de-Marne,200054781,Métropole du Grand Paris,11,Île-de-France,Fontenay-sous-Bois,94033
201600044301,2016-05-19T06:20:00+00:00,Eaubonne,2016,05,19,08:20,Plein jour,En agglomération,1,Pluie légère,Deux véhicules - frontale,95,203,95203,RTE DE MONTMORENCY,4900420,0227930,95600,,"{'lon': 2.278563, 'lat': 49.004497}",2,mouillée,,Bidirectionnelle,,99,144,,,,2.0,Route Départementale,250.0,Partie rectiligne,Pente,,Sur chaussée,['1999'],['Masculin'],['Se déplaçant'],['Blessé'],['Casque'],['Oui'],,"A01,Z01",['1'],['Conducteur'],,['Domicile – école'],"['Avant gauche', 'Avant']","['Sans changement de direction', 'Déporté A gauche']","PK ou PR ou numéro d’adresse postale décroissant,PK ou PR ou numéro d’adresse postale croissant","['Véhicule', 'Véhicule']",,"['Cyclomoteur <50cm3', 'VL seul']",,Métropole,,2016,Eaubonne,95,Val-d'Oise,200058485,CA Val Parisis,11,Île-de-France,Eaubonne,95203
201700051842,2017-05-17T16:12:00+00:00,Villeurbanne,2017,05,17,18:12,Plein jour,Hors agglomération,1,Normale,Deux véhicules – par le coté,69,266,69266,RD383   3.750 A 7.640,,,69100,383,"{'lon': 4.890035, 'lat': 45.768975}",6,normale,,A sens unique,,00,383,105.0,,10.0,3.0,Route Départementale,600.0,Partie rectiligne,Plat,,Sur chaussée,"['1971', '1959']","['Masculin', 'Masculin']","['Se déplaçant', 'Se déplaçant']","['Indemne', 'Blessé']","['Ceinture', 'Casque']","['Oui', 'Oui']",,"A01,B01","['1', '1']","['Conducteur', 'Conducteur']",,['Domicile – travail'],"['Arrière', 'Avant']",,"PK ou PR ou numéro d’adresse postale décroissant,PK ou PR ou numéro d’adresse postale décroissant","['Véhicule', 'Véhicule']",,"['VL seul', 'Scooter > 125 cm3']",,,,2017,Villeurbanne,69,Rhône,200046977,Métropole de LYON,84,Auvergne-Rhône-Alpes,Villeurbanne,69266
201600012755,2016-10-22T15:30:00+00:00,Montsoult,2016,10,22,17:30,Plein jour,Hors agglomération,1,Normale,Deux véhicules – par l’arrière,95,430,95430,RN1,4907190,0232420,95560,1,"{'lon': 2.310259, 'lat': 49.070973}",11,normale,,A chaussées séparées,,99,1,,,,4.0,Route Nationale,700.0,Partie rectiligne,Plat,Carrefour aménagé,Sur chaussée,"['1958', '1961', '1971']","['Masculin', 'Féminin', 'Masculin']","['Se déplaçant', 'Se déplaçant', 'Se déplaçant']","['Indemne', 'Blessé', 'Blessé']","['Ceinture', 'Ceinture', 'Ceinture']","['Oui', 'Oui', 'Oui']",,"A01,B02","['1', '2', '1']","['Conducteur', 'Passager', 'Conducteur']",,"['Courses – achats', 'Courses – achats', 'Domicile – travail']","['Arrière', 'Avant']","['Même sens', 'Sans changement de direction']","PK ou PR ou numéro d’adresse postale croissant,PK ou PR ou numéro d’adresse postale croissant","['Véhicule', 'Véhicule']",,"['VL seul', 'VL seul']",,Métropole,,2016,Montsoult,95,Val-d'Oise,249500471,CC Carnelle - Pays de France,11,Île-de-France,Montsoult,95430
201600012867,2016-05-01T13:15:00+00:00,Mouans-sartoux,2016,05,01,15:15,Plein jour,Hors agglomération,1,Normale,Autre collision,06,084,06084,,4361444,0696146,06370,,"{'lon': 6.971116, 'lat': 43.619402}",2,normale,,Bidirectionnelle,Banque cyclable,99,209,0.0,,90.0,2.0,Route Départementale,500.0,Partie rectiligne,Pente,,Sur accotement,"['1990', '1996']","['Masculin', 'Féminin']","['Se déplaçant', 'Se déplaçant']","['Blessé', 'Blessé']","['Ceinture', 'Ceinture']","['Oui', 'Oui']",,A01,"['2', '1']","['Passager', 'Conducteur']",,['Promenade – loisirs'],['Avant gauche'],['Sans changement de direction'],PK ou PR ou numéro d’adresse postale décroissant,,['Arbre'],['VL seul'],,Métropole,,2016,Mouans-Sartoux,06,Alpes-Maritimes,200039857,CA du Pays de Grasse,93,Provence-Alpes-Côte d'Azur,Mouans-Sartoux,06084