num_acc,datetime,nom_com,an,mois,jour,hrmn,lum,agg,int,atm,col,dep,com,insee,adr,lat,long,code_postal,num,coordonnees,pr,surf,v1,circ,vosp,env1,voie,larrout,v2,lartpc,nbv,catr,pr1,plan,prof,infra,situ,an_nais,sexe,actp,grav,secu,secu_utl,locp,num_veh,place,catu,etatp,trajet,choc,manv,senc,obsm,obs,catv,occutc,gps,date,year_georef,com_name,dep_code,dep_name,epci_code,epci_name,reg_code,reg_name,com_arm_name,com_code
201600010452,2016-09-30T14:10:00+00:00,Saint-laurent-du-var,2016,09,30,16:10,Plein jour,En agglomération,1,Normale,Deux véhicules – par le coté,06,123,06123,CURIE PIERRE ET MARIE AV,4341420,0711050,06700,,"{'lon': 7.18532, 'lat': 43.692337}",,normale,,Bidirectionnelle,,00,0,90.0,,0.0,2.0,Voie Communale,,Partie rectiligne,Plat,,Sur chaussée,"['1992', '1990']","['Masculin', 'Masculin']","['Se déplaçant', 'Se déplaçant']","['Indemne', 'Blessé']","['Ceinture', 'Ceinture']","['Oui', 'Oui']",,"B01,A01","['1', '1']","['Conducteur', 'Conducteur']",,"['Utilisation professionnelle', 'Autre']","['Avant', 'Côté gauche']","['Sans changement de direction', 'Manœuvre de stationnement']",PK ou PR ou numéro d’adresse postale croissant,"['Véhicule', 'Véhicule']",,"['PL seul > 7', 'VL seul']",,Métropole,,2016,Saint-Laurent-du-Var,06,Alpes-Maritimes,200030195,Métropole Nice Côte d'Azur,93,Provence-Alpes-Côte d'Azur,Saint-Laurent-du-Var,06123
201600010599,2016-11-03T17:40:00+00:00,Cannes,2016,11,03,18:40,Nuit avec éclairage public allumé,En agglomération,1,Normale,Deux véhicules – par le coté,06,029,06029,GOULD (ROND POINT),4354734,0704658,06150,,,,normale,,A chaussées séparées,,00,0,100.0,,0.0,2.0,Voie Communale,,En courbe à gauche,Plat,,Sur chaussée,"['1987', '1995']","['Masculin', 'Masculin']","['Se déplaçant', 'Se déplaçant']","['Indemne', 'Blessé']","['Ceinture', 'Casque']","['Oui', 'Oui']",,"B01,A01","['1', '1']","['Conducteur', 'Conducteur']",,,"['Avant', 'Avant']",['Sans changement de direction'],"PK ou PR ou numéro d’adresse postale croissant,PK ou PR ou numéro d’adresse postale croissant","['Véhicule', 'Véhicule']",,"['Scooter < 50 cm3', 'VL seul']",,Métropole,,2016,Cannes,06,Alpes-Maritimes,200039915,CA des Pays de Lérins,93,Provence-Alpes-Côte d'Azur,Cannes,06029
201700035945,2017-10-15T03:30:00+00:00,Le Havre,2017,10,15,05:30,Nuit avec éclairage public allumé,En agglomération,2,Normale,Deux véhicules – par l’arrière,76,351,76351,"18, EUGENE MOPIN (RUE)",4951722,0015695,76610,18,"{'lon': 0.157003, 'lat': 49.517198}",8,normale,,Bidirectionnelle,,00,32,132.0,,23.0,5.0,Route Départementale,345.0,Partie rectiligne,Plat,,Sur chaussée,"['1994', '1997']","['Masculin', 'Masculin']","['Se déplaçant', 'Se déplaçant']","['Indemne', 'Blessé']","['Ceinture', 'Casque']","['Oui', 'Oui']",,"A01,B01","['1', '1']","['Conducteur', 'Conducteur']",,"['Promenade – loisirs', 'Promenade – loisirs']","['Avant', 'Arrière']","['Sans changement de direction', 'Sans changement de direction']","PK ou PR ou numéro d’adresse postale croissant,PK ou PR ou numéro d’adresse postale croissant","['Véhicule', 'Véhicule']",,"['Scooter > 125 cm3', 'VL seul']",,Métropole,,2017,Le Havre,76,Seine-Maritime,247600596,CA Havraise (Co.D.A.H.),28,Normandie,Le Havre,76351
201700034781,2017-07-14T13:30:00+00:00,Vaulx-en-velin,2017,07,14,15:30,Plein jour,En agglomération,8,Normale,Deux véhicules – par le coté,69,256,69256,"32, FRANKLIN ROOSEVELT",4576483,0493687,69120,32,"{'lon': 4.93561, 'lat': 45.756338}",,normale,,Bidirectionnelle,Piste cyclable,99,0,100.0,,0.0,2.0,Voie Communale,,Partie rectiligne,Plat,Voie ferrée,Sur chaussée,"['1986', '1997']","['Féminin', 'Masculin']","['Se déplaçant', 'Se déplaçant']","['Indemne', 'Blessé']","['Ceinture', 'Casque']","['Oui', 'Oui']",,"B01,A01","['1', '1']","['Conducteur', 'Conducteur']",,"['Promenade – loisirs', 'Autre']","['Avant droit', 'Côté gauche']","['Sans changement de direction', 'Sans changement de direction']","PK ou PR ou numéro d’adresse postale croissant,PK ou PR ou numéro d’adresse postale croissant","['Véhicule', 'Véhicule']",,"['VL seul', 'Scooter > 125 cm3']",,Métropole,,2017,Vaulx-en-Velin,69,Rhône,200046977,Métropole de LYON,84,Auvergne-Rhône-Alpes,Vaulx-en-Velin,69256
201700037968,2017-10-09T09:00:00+00:00,Poitiers,2017,10,09,11:00,Plein jour,En agglomération,1,Pluie légère,Deux véhicules - frontale,86,194,86194,"6, PROVIDENCE (RUE DE LA",4656354,0036724,86000,6,"{'lon': 0.367831, 'lat': 46.563353}",,mouillée,,Bidirectionnelle,,99,0,70.0,,0.0,2.0,Voie Communale,,En courbe à droite,Plat,,Sur chaussée,"['1983', '1963']","['Féminin', 'Féminin']","['Se déplaçant', 'Se déplaçant']","['Blessé', 'Indemne']","['Casque', 'Ceinture']","['Oui', 'Oui']",,"B01,A01","['1', '1']","['Conducteur', 'Conducteur']",,"['Promenade – loisirs', 'Autre']","['Avant', 'Avant']","['Sans changement de direction', 'Sans changement de direction']","PK ou PR ou numéro d’adresse postale décroissant,PK ou PR ou numéro d’adresse postale croissant",['Véhicule'],['Autre obstacle fixe sur chaussée'],"['VL seul', 'Scooter < 50 cm3']",,Métropole,,2017,Poitiers,86,Vienne,200069854,CA Grand-Poitiers,75,Nouvelle-Aquitaine,Poitiers,86194
201700052693,2017-12-22T12:15:00+00:00,Aubagne,2017,12,22,13:15,Plein jour,Hors agglomération,1,Normale,Trois véhicules et plus – en chaîne,13,005,13005,A50-Sens Aubagne vers Ma,,,13400,50,,13,normale,,A sens unique,,00,50,105.0,,25.0,0.0,Autoroute,500.0,Partie rectiligne,Plat,,,"['1962', '1979', '1985', '1985', '1996']","['Féminin', 'Masculin', 'Féminin', 'Masculin', 'Masculin']","['Se déplaçant', 'Se déplaçant', 'Se déplaçant', 'Se déplaçant', 'Se déplaçant']","['Indemne', 'Indemne', 'Indemne', 'Blessé', 'Blessé']","['Ceinture', 'Ceinture', 'Ceinture', 'Ceinture', 'Ceinture']","['Oui', 'Oui', 'Oui', 'Oui', 'Oui']",,"E01,C01,A01,B01,D01","['1', '1', '1', '1', '1']","['Conducteur', 'Conducteur', 'Conducteur', 'Conducteur', 'Conducteur']",,"['Domicile – travail', 'Domicile – travail', 'Domicile – travail', 'Domicile – travail', 'Domicile – travail']",['Arrière'],"['Même sens', 'Même sens', 'Même sens', 'Même sens', 'Même sens']","PK ou PR ou numéro d’adresse postale décroissant,PK ou PR ou numéro d’adresse postale décroissant,PK ou PR ou numéro d’adresse postale décroissant,PK ou PR ou numéro d’adresse postale décroissant,PK ou PR ou numéro d’adresse postale décroissant","['Véhicule', 'Véhicule', 'Véhicule', 'Véhicule']",,"['VL seul', 'VL seul', 'VL seul', 'VL seul', 'VL seul']",,Métropole,,2017,Aubagne,13,Bouches-du-Rhône,200054807,Métropole d'Aix-Marseille-Provence,93,Provence-Alpes-Côte d'Azur,Aubagne,13005
201700037053,2017-10-21T18:45:00+00:00,Glisy,2017,10,21,20:45,Nuit sans éclairage public,En agglomération,1,Pluie légère,Autre collision,80,379,80379,AV PHILEAS FOGG,4986495,0237880,80440,,"{'lon': 2.379516, 'lat': 49.866248}",,mouillée,,A chaussées séparées,,00,0,0.0,,0.0,2.0,Voie Communale,,Partie rectiligne,Plat,,Sur chaussée,"['1983', '1953']","['Masculin', 'Masculin']","['Se déplaçant', 'Traversant']","['Indemne', 'Blessé']",['Ceinture'],['Oui'],['Sur chaussée - A + 50 m du passage piéton'],A01,['1'],"['Conducteur', 'Piéton']",['Seul'],"['Autre', 'Autre']",['Avant gauche'],['Sans changement de direction'],,['Piéton'],,['VL seul'],,Métropole,,2017,Glisy,80,Somme,248000531,CA Amiens Métropole,32,Hauts-de-France,Glisy,80379
201700037084,2017-12-11T16:19:00+00:00,Amiens,2017,12,11,17:19,Nuit avec éclairage public allumé,En agglomération,1,Pluie légère,Autre collision,80,021,80021,R DE CAGNY,4987621,0232809,80090,,"{'lon': 2.324384, 'lat': 49.878541}",,mouillée,,Bidirectionnelle,,00,0,0.0,,0.0,2.0,Voie Communale,,Partie rectiligne,Plat,,Sur chaussée,"['1958', '1940']","['Masculin', 'Masculin']","['Se déplaçant', 'Traversant']","['Indemne', 'Blessé']",['Ceinture'],['Oui'],['Sur chaussée - A – 50 m du passage piéton'],A01,['1'],"['Conducteur', 'Piéton']",['Seul'],"['Promenade – loisirs', 'Promenade – loisirs']",['Avant'],['Sans changement de direction'],,['Piéton'],,['VL seul'],,Métropole,,2017,Amiens,80,Somme,248000531,CA Amiens Métropole,32,Hauts-de-France,Amiens,80021
201700037138,2017-01-10T17:35:00+00:00,Montauban,2017,01,10,18:35,Nuit avec éclairage public allumé,En agglomération,1,Normale,Autre collision,82,121,82121,"116, MONTAURIOL (bd)",4401008,0136070,82000,116,"{'lon': 1.360819, 'lat': 44.009976}",,normale,,Bidirectionnelle,,03,0,0.0,,0.0,4.0,Voie Communale,,En courbe à droite,Plat,,Sur chaussée,"['1946', '1997']","['Masculin', 'Féminin']","['Se déplaçant', 'Traversant']","['Indemne', 'Blessé']",['Ceinture'],['Oui'],,A01,['1'],"['Conducteur', 'Piéton']",['Accompagné'],"['Promenade – loisirs', 'Domicile – école']",['Avant gauche'],['Sans changement de direction'],,['Piéton'],,['VL seul'],,Métropole,,2017,Montauban,82,Tarn-et-Garonne,248200099,CA Grand Montauban,76,Occitanie,Montauban,82121
201700044958,2017-11-11T20:00:00+00:00,Ivry-sur-seine,2017,11,11,21:00,Nuit avec éclairage public allumé,En agglomération,3,Pluie légère,Deux véhicules – par le coté,94,041,94041,"16, MICHELET (R)",,,94200,16,"{'lon': 2.377433, 'lat': 48.807735}",,mouillée,,Bidirectionnelle,,00,0,0.0,,0.0,2.0,Voie Communale,,,Plat,,Sur chaussée,"['1991', '1988']","['Masculin', 'Masculin']","['Se déplaçant', 'Se déplaçant']","['Indemne', 'Blessé']","['Ceinture', 'Casque']","['Oui', 'Oui']",,"B01,A01","['1', '1']","['Conducteur', 'Conducteur']",,,"['Côté gauche', 'Avant']","['Tournant A gauche', 'Traversant la chaussée']","PK ou PR ou numéro d’adresse postale croissant,PK ou PR ou numéro d’adresse postale croissant","['Véhicule', 'Véhicule']",,"['VL seul', 'Motocyclette > 50 cm3 et <= 125 cm3']",,,,2017,Ivry-sur-Seine,94,Val-de-Marne,200054781,Métropole du Grand Paris,11,Île-de-France,Ivry-sur-Seine,94041
201400015803,2014-10-28T05:30:00+00:00,,2014,10,28,06:30,Nuit avec éclairage public allumé,En agglomération,1,Normale,Autre collision,13,055,13055,"55, RTE DES CAMOINS",4329705,0549404,,55,"{'lon': 5.493014, 'lat': 43.29689}",,normale,,A chaussées séparées,,00,4,0.0,A,0.0,0.0,Route Départementale,,Partie rectiligne,Plat,,Sur chaussée,"['1955', '1983']","['Masculin', 'Masculin']","['Se déplaçant', 'Se déplaçant']","['Indemne', 'Blessé']","['Ceinture', 'Ceinture']","['Oui', 'Oui']",,"B01,A01","['1', '1']","['Conducteur', 'Conducteur']",,"['Utilisation professionnelle', 'Autre']",['Avant droit'],"['Sans changement de direction', 'En s’insérant']",,"['Véhicule', 'Véhicule']",,"['VL seul', 'PL seul > 7']",,Métropole,,2015,Marseille,13,Bouches-du-Rhône,241300391,CU de Marseille Provence Métropole (Mpm),93,Provence-Alpes-Côte d'Azur,,13055
201400016274,2014-07-19T08:10:00+00:00,Port-de-bouc,2014,07,19,10:10,Plein jour,En agglomération,3,Normale,Deux véhicules – par le coté,13,077,13077,RN 568,4342181,0497736,13110,568,"{'lon': 4.989936, 'lat': 43.423326}",,normale,,A chaussées séparées,,00,568,0.0,,0.0,2.0,Route Départementale,,Partie rectiligne,Plat,,Sur chaussée,['1966'],['Féminin'],['Se déplaçant'],['Blessé'],['Ceinture'],['Oui'],,"Z01,A01",['1'],['Conducteur'],,['Promenade – loisirs'],"['Avant', 'Avant gauche']","['Sans changement de direction', 'Traversant la chaussée']",PK ou PR ou numéro d’adresse postale croissant,"['Véhicule', 'Véhicule']",,"['VL seul', 'VL seul']",,Métropole,,2015,Port-de-Bouc,13,Bouches-du-Rhône,241300409,CA du Pays de Martigues,93,Provence-Alpes-Côte d'Azur,Port-de-Bouc,13077
201400008468,2014-06-25T13:45:00+00:00,Mauguio,2014,06,25,15:45,Plein jour,Hors agglomération,1,Normale,Deux véhicules – par le coté,34,154,34154,,,,34280,,"{'lon': 4.006884, 'lat': 43.616185}",0,normale,,Bidirectionnelle,,99,172,60.0,E,0.0,0.0,Route Départementale,0.0,Partie rectiligne,Plat,,Sur chaussée,"['1981', '1935']","['Masculin', 'Masculin']","['Se déplaçant', 'Se déplaçant']","['Blessé', 'Indemne']","['Casque', 'Ceinture']","['Oui', 'Oui']",,"B02,A01","['1', '1']","['Conducteur', 'Conducteur']",,"['Domicile – travail', 'Courses – achats']","['Avant', 'Arrière droit']","['Sans changement de direction', 'Tournant A gauche']",,,['Support de signalisation verticale ou poste d’appel d’urgence'],"['Motocyclette > 125 cm3', 'VL seul']",,Métropole,,2015,Mauguio,34,Hérault,243400470,CA du Pays de l'Or,91,Languedoc-Roussillon,Mauguio,34154
201400018944,2014-03-09T13:45:00+00:00,Ramburelles,2014,03,09,14:45,Plein jour,En agglomération,1,Normale,Deux véhicules – par le coté,80,662,80662,,,,80140,,"{'lon': 1.70903, 'lat': 49.966651}",33,normale,,Bidirectionnelle,,99,936,60.0,,0.0,2.0,Route Départementale,800.0,Partie rectiligne,Plat,,Sur chaussée,"['1993', '1951', '1994', '1956']","['Masculin', 'Masculin', 'Féminin', 'Féminin']","['Se déplaçant', 'Se déplaçant', 'Se déplaçant', 'Se déplaçant']","['Blessé', 'Indemne', 'Indemne', 'Indemne']","['Casque', 'Ceinture', 'Casque', 'Ceinture']","['Oui', 'Oui', 'Oui', 'Oui']",,"B02,A01","['1', '1', '2', '2']","['Conducteur', 'Conducteur', 'Passager', 'Passager']",,"['Promenade – loisirs', 'Promenade – loisirs']","['Arrière gauche', 'Avant']","['Tournant A gauche', 'Dépassant A gauche']",,"['Véhicule', 'Véhicule']",,"['VL seul', 'Motocyclette > 125 cm3']",,Métropole,,2015,Ramburelles,80,Somme,247600216,CC de Blangy-Sur-Bresle,22,Picardie,Ramburelles,80662
201400019127,2014-12-22T03:45:00+00:00,Viennay,2014,12,22,04:45,Nuit avec éclairage public allumé,En agglomération,1,Normale,Deux véhicules - frontale,79,347,79347,ROUTE DE THOUARS,,,79200,,"{'lon': -0.244346, 'lat': 46.689823}",57,normale,,Bidirectionnelle,,00,938,0.0,,0.0,2.0,Route Départementale,696.0,Partie rectiligne,Plat,,Sur chaussée,"['1987', '1963']","['Masculin', 'Féminin']","['Se déplaçant', 'Se déplaçant']","['Indemne', 'Tué']","['Ceinture', 'Ceinture']","['Oui', 'Oui']",,"A01,B02","['1', '1']","['Conducteur', 'Conducteur']",,"['Utilisation professionnelle', 'Promenade – loisirs']","['Avant', 'Avant gauche']","['Déporté A gauche', 'Sans changement de direction']",,"['Véhicule', 'Véhicule']",['Arbre'],"['VL seul', 'Tracteur routier + semi-remorque']",,Métropole,,2015,Viennay,79,Deux-Sèvres,200041333,CC de Parthenay-Gâtine,54,Poitou-Charentes,Viennay,79347
201600006432,2016-02-04T16:45:00+00:00,Cornimont,2016,02,04,17:45,Nuit avec éclairage public allumé,En agglomération,1,Pluie légère,Autre collision,88,116,88116,"20, rue de la 3Ã¿me DIA",4796317,0683694,88310,20,"{'lon': 6.836946, 'lat': 47.963045}",16,mouillée,,Bidirectionnelle,,99,486,0.0,,0.0,2.0,Route Départementale,151.0,Partie rectiligne,Plat,,Sur chaussée,"['1928', '1996']","['Féminin', 'Masculin']","['Traversant', 'Se déplaçant']","['Tué', 'Indemne']",['Ceinture'],['Oui'],['Sur chaussée - A – 50 m du passage piéton'],A01,['1'],"['Piéton', 'Conducteur']",['Seul'],"['Promenade – loisirs', 'Promenade – loisirs']",['Avant'],['Sans changement de direction'],PK ou PR ou numéro d’adresse postale croissant,['Piéton'],,['VL seul'],,Métropole,,2016,Cornimont,88,Vosges,248800617,CC de la Haute Moselotte,44,Alsace-Champagne-Ardenne-Lorraine,Cornimont,88116
201600006977,2016-10-06T13:15:00+00:00,Pleurs,2016,10,06,15:15,Plein jour,Hors agglomération,1,Vent fort - tempête,Deux véhicules – par le coté,51,432,51432,D53,4869196,0384042,51230,53,"{'lon': 3.869489, 'lat': 48.690279}",10,normale,,Bidirectionnelle,,99,53,56.0,,0.0,2.0,Route Départementale,190.0,Partie rectiligne,Plat,,Sur chaussée,"['1995', '1996', '1994']","['Masculin', 'Féminin', 'Masculin']","['Se déplaçant', 'Se déplaçant', 'Se déplaçant']","['Tué', 'Indemne', 'Indemne']","['Casque', 'Ceinture', 'Ceinture']","['Non', 'Oui', 'Oui']",,"B02,A01","['1', '1', '2']","['Conducteur', 'Conducteur', 'Passager']",,"['Promenade – loisirs', 'Promenade – loisirs', 'Promenade – loisirs']","['Avant gauche', 'Avant droit']","['Déporté A gauche', 'Même sens']","PK ou PR ou numéro d’adresse postale croissant,PK ou PR ou numéro d’adresse postale croissant","['Véhicule', 'Véhicule']",,"['Bicyclette', 'VL seul']",,Métropole,,2016,Pleurs,51,Marne,245100979,CC du Sud Marnais,44,Alsace-Champagne-Ardenne-Lorraine,Pleurs,51432
201600004955,2016-07-03T15:00:00+00:00,Pommiers-la-placette,2016,07,03,17:00,Plein jour,Hors agglomération,1,Normale,Deux véhicules - frontale,38,312,38312,,4533774,0566169,38340,,"{'lon': 5.665382, 'lat': 45.335227}",3,normale,,Bidirectionnelle,,99,520,0.0,A,0.0,2.0,Route Départementale,150.0,En courbe à droite,Pente,,Sur chaussée,"['1971', '1971', '1996', '1989', '1998', '1996', '1997', '1978', '2003']","['Masculin', 'Féminin', 'Masculin', 'Masculin', 'Féminin', 'Féminin', 'Féminin', 'Féminin', 'Féminin']","['Se déplaçant', 'Se déplaçant', 'Se déplaçant', 'Se déplaçant', 'Se déplaçant', 'Se déplaçant', 'Se déplaçant', 'Se déplaçant', 'Se déplaçant']","['Indemne', 'Blessé', 'Indemne', 'Blessé', 'Blessé', 'Blessé', 'Blessé', 'Indemne', 'Indemne']","['Ceinture', 'Ceinture', 'Ceinture', 'Ceinture', 'Ceinture', 'Ceinture', 'Ceinture', 'Ceinture', 'Ceinture']","['Oui', 'Oui', 'Oui', 'Oui', 'Oui', 'Oui', 'Oui', 'Oui', 'Oui']",,"B02,A01","['1', '2', '1', '2', '3', '5', '4', '5', '4']","['Conducteur', 'Passager', 'Conducteur', 'Passager', 'Passager', 'Passager', 'Passager', 'Passager', 'Passager']",,"['Promenade – loisirs', 'Promenade – loisirs']","['Avant', 'Avant droit']","['Déporté A gauche', 'Sans changement de direction']","PK ou PR ou numéro d’adresse postale décroissant,PK ou PR ou numéro d’adresse postale croissant","['Véhicule', 'Véhicule']",,"['VL seul', 'VL seul']",,Métropole,,2016,Pommiers-la-Placette,38,Isère,243800984,CA du Pays Voironnais,84,Auvergne-Rhône-Alpes,Pommiers-la-Placette,38312
201600005432,2016-05-21T15:00:00+00:00,Cons-sainte-colombe,2016,05,21,17:00,Plein jour,Hors agglomération,1,Normale,Deux véhicules - frontale,74,084,74084,,,,,,"{'lon': 6.330048, 'lat': 45.750564}",71,normale,,,,00,1508,0.0,,0.0,0.0,Route Départementale,453.0,Partie rectiligne,Plat,,Sur chaussée,"['1996', '1974']","['Masculin', 'Masculin']","['Se déplaçant', 'Se déplaçant']","['Blessé', 'Blessé']","['Ceinture', 'Ceinture']","['Oui', 'Oui']",,"A01,B02","['1', '1']","['Conducteur', 'Conducteur']",,"['Promenade – loisirs', 'Promenade – loisirs']","['Avant', 'Avant']",['A contresens'],,"['Véhicule', 'Véhicule']",,"['VL seul', 'VL seul']",,Métropole,,2016,,,,,,,,,74084
201600005703,2016-02-09T23:15:00+00:00,Aigueperse,2016,02,10,00:15,Nuit sans éclairage public,Hors agglomération,6,Temps couvert,Autre collision,63,001,63001,,4600960,0319750,63260,,"{'lon': 3.201648, 'lat': 46.021668}",,normale,,Bidirectionnelle,,00,2009,0.0,,0.0,2.0,Route Départementale,,Partie rectiligne,Plat,Carrefour aménagé,Sur accotement,"['1992', '1996', '1988']","['Masculin', 'Masculin', 'Masculin']","['Se déplaçant', 'Se déplaçant', 'Se déplaçant']","['Tué', 'Blessé', 'Tué']","['Ceinture', 'Ceinture', 'Ceinture']","['Non', 'Non', 'Non']",,A01,"['2', '5', '1']","['Passager', 'Passager', 'Conducteur']",,['Autre'],['Chocs multiples (tonneaux)'],['Traversant la chaussée'],PK ou PR ou numéro d’adresse postale décroissant,,['Ilot'],['VL seul'],,Métropole,2016-03-01,2016,Aigueperse,63,Puy-de-Dôme,246301006,CC de Nord Limagne,84,Auvergne-Rhône-Alpes,Aigueperse,63001
201600006013,2016-06-21T06:20:00+00:00,Moulins,2016,06,21,08:20,Plein jour,En agglomération,1,Normale,Deux véhicules – par le coté,03,190,03190,"47, PARIS (ROUTE ET RUE)",,,03000,47,"{'lon': 3.328454, 'lat': 46.570237}",,normale,,Bidirectionnelle,,99,0,52.0,,0.0,2.0,Voie Communale,,Partie rectiligne,Plat,,Sur chaussée,"['1966', '1988', '1961']","['Masculin', 'Féminin', 'Féminin']","['Traversant', 'Se déplaçant', 'Se déplaçant']","['Blessé', 'Indemne', 'Indemne']","['Ceinture', 'Ceinture']","['Oui', 'Oui']",['Sur passage piéton - Sans signalisation lumineuse'],"B01,A01","['1', '1']","['Piéton', 'Conducteur', 'Conducteur']",['Seul'],,"['Avant', 'Arrière']","['Sans changement de direction', 'Même sens']","PK ou PR ou numéro d’adresse postale croissant,PK ou PR ou numéro d’adresse postale croissant","['Piéton', 'Véhicule']",,"['VL seul', 'VL seul']",,,,2016,Moulins,03,Allier,240300616,CA de Moulins,84,Auvergne-Rhône-Alpes,Moulins,03190
201600007773,2016-08-07T23:00:00+00:00,Bouhans-les-lure,2016,08,08,01:00,Nuit sans éclairage public,Hors agglomération,1,Normale,Deux véhicules - frontale,70,081,70081,,4768567,0645764,70200,,"{'lon': 6.421949, 'lat': 47.694141}",67,normale,,Bidirectionnelle,,99,19,74.0,,0.0,2.0,Route Nationale,900.0,En courbe à droite,Plat,,Sur chaussée,"['2003', '1966', '1967', '1990', '1979']","['Féminin', 'Masculin', 'Féminin', 'Féminin', 'Masculin']","['Se déplaçant', 'Se déplaçant', 'Se déplaçant', 'Se déplaçant', 'Se déplaçant']","['Blessé', 'Indemne', 'Blessé', 'Blessé', 'Blessé']","['Ceinture', 'Ceinture', 'Ceinture', 'Ceinture', 'Ceinture']","['Oui', 'Oui', 'Oui', 'Oui', 'Oui']",,"A01,B02","['3', '1', '2', '2', '1']","['Passager', 'Conducteur', 'Passager', 'Passager', 'Conducteur']",,"['Promenade – loisirs', 'Promenade – loisirs']","['Avant', 'Avant']","['Déporté A gauche', 'Sans changement de direction']","PK ou PR ou numéro d’adresse postale croissant,PK ou PR ou numéro d’adresse postale décroissant","['Véhicule', 'Véhicule']",,"['VL seul', 'VL seul']",,Métropole,,2016,Bouhans-lès-Lure,70,Haute-Saône,200041861,CC du Triangle Vert,27,Bourgogne-Franche-Comté,Bouhans-lès-Lure,70081
201400026700,2014-08-12T16:05:00+00:00,Tours,2014,08,12,18:05,Plein jour,En agglomération,1,Temps couvert,Sans collision,37,261,37261,27bis RUE DES BORDIERS,,,37000,27,"{'lon': 0.683888, 'lat': 47.384296}",,normale,,A sens unique,,00,0,35.0,,0.0,1.0,Voie Communale,,Partie rectiligne,Plat,,Sur chaussée,['1961'],['Masculin'],['Se déplaçant'],['Blessé'],['Ceinture'],['Oui'],,A01,['1'],['Conducteur'],,['Promenade – loisirs'],['Avant droit'],['Sans changement de direction'],,,['Véhicule en stationnement'],['VL seul'],,,,2015,Tours,37,Indre-et-Loire,243700754,CA Tours (Plus),24,Centre,Tours,37261
201400027142,2014-02-10T18:00:00+00:00,Riorges,2014,02,10,19:00,Nuit avec éclairage public allumé,En agglomération,1,Normale,Sans collision,42,184,42184,"0, OUCHES (  RT D')",4602714,0402621,42153,0,"{'lon': 4.043847, 'lat': 46.027508}",,normale,,Bidirectionnelle,,00,0,60.0,,0.0,2.0,Voie Communale,,Partie rectiligne,Plat,,Sur chaussée,['1995'],['Féminin'],['Se déplaçant'],['Blessé'],['Ceinture'],['Oui'],,A01,['1'],['Conducteur'],,['Promenade – loisirs'],['Côté droit'],['Sans changement de direction'],,,['Sortie de chaussée sans obstacle'],['VL seul'],,Métropole,,2015,Riorges,42,Loire,200035731,CA Roannais Agglomération,82,Rhône-Alpes,Riorges,42184
201400013747,2014-09-22T14:50:00+00:00,La Ciotat,2014,09,22,16:50,Plein jour,En agglomération,1,Normale,Deux véhicules – par l’arrière,13,028,13028,"501, ROUMANILLE (AVENUE",4319687,0562104,13600,501,"{'lon': 5.621274, 'lat': 43.198522}",,normale,,Bidirectionnelle,,99,0,0.0,,0.0,0.0,Voie Communale,,Partie rectiligne,Plat,,Sur chaussée,"['1981', '1931']","['Masculin', 'Masculin']","['Se déplaçant', 'Se déplaçant']","['Blessé', 'Indemne']","['Casque', 'Ceinture']","['Oui', 'Oui']",,"B01,A01","['1', '1']","['Conducteur', 'Conducteur']",,,"['Avant', 'Arrière gauche']","['Entre 2 files', 'Traversant la chaussée']",,['Véhicule'],,"['Motocyclette > 125 cm3', 'VL seul']",,Métropole,,2015,La Ciotat,13,Bouches-du-Rhône,241300391,CU de Marseille Provence Métropole (Mpm),93,Provence-Alpes-Côte d'Azur,La Ciotat,13028
201400014509,2014-04-12T13:50:00+00:00,,2014,04,12,15:50,Plein jour,En agglomération,1,Normale,Deux véhicules – par l’arrière,13,055,13055,"214, AVE DE LA CAPELETTE",4327963,0541056,,214,"{'lon': 5.408204, 'lat': 43.280517}",,normale,,Bidirectionnelle,,00,0,0.0,,0.0,0.0,Voie Communale,,Partie rectiligne,Plat,,Sur chaussée,"['1997', '1988', '1994']","['Féminin', 'Masculin', 'Masculin']","['Se déplaçant', 'Se déplaçant', 'Se déplaçant']","['Blessé', 'Indemne', 'Blessé']","['Casque', 'Ceinture', 'Casque']","['Oui', 'Non déterminable', 'Oui']",,"A01,B01","['2', '1', '1']","['Passager', 'Conducteur', 'Conducteur']",,"['Promenade – loisirs', 'Promenade – loisirs', 'Promenade – loisirs']","['Avant', 'Arrière']","['Sans changement de direction', 'Sans changement de direction']",,"['Véhicule', 'Véhicule']",,"['Scooter < 50 cm3', 'VL seul']",,Métropole,,2015,Marseille,13,Bouches-du-Rhône,241300391,CU de Marseille Provence Métropole (Mpm),93,Provence-Alpes-Côte d'Azur,,13055
201400006026,2014-02-05T09:25:00+00:00,Cusset,2014,02,05,10:25,Plein jour,En agglomération,1,Pluie légère,Sans collision,03,095,03095,"38, DARCIN (RUE DE)",,,03300,38,"{'lon': 3.442956, 'lat': 46.13638}",,mouillée,,A sens unique,,99,0,60.0,,0.0,1.0,Voie Communale,,En courbe à droite,Plat,,Sur chaussée,['1950'],['Masculin'],['Se déplaçant'],['Blessé'],['Casque'],['Oui'],,A01,['1'],['Conducteur'],,['Courses – achats'],['Côté droit'],['Déporté A gauche'],,,,['Cyclomoteur <50cm3'],,,,2015,Cusset,03,Allier,240300426,CA Vichy Val d'Allier,83,Auvergne,Cusset,03095