num_acc,datetime,nom_com,an,mois,jour,hrmn,lum,agg,int,atm,col,dep,com,insee,adr,lat,long,code_postal,num,coordonnees,pr,surf,v1,circ,vosp,env1,voie,larrout,v2,lartpc,nbv,catr,pr1,plan,prof,infra,situ,an_nais,sexe,actp,grav,secu,secu_utl,locp,num_veh,place,catu,etatp,trajet,choc,manv,senc,obsm,obs,catv,occutc,gps,date,year_georef,com_name,dep_code,dep_name,epci_code,epci_name,reg_code,reg_name,com_arm_name,com_code
201400006931,2014-10-27T20:30:00+00:00,Meursault,2014,10,27,21:30,Nuit avec éclairage public allumé,En agglomération,1,Normale,Autre collision,21,412,21412,RD 974,4695800,0476600,21190,974,"{'lon': 4.769481, 'lat': 46.97805}",0,,,Bidirectionnelle,,00,974,0.0,,0.0,0.0,Route Départementale,0.0,Partie rectiligne,Plat,,Sur chaussée,['1972'],['Féminin'],['Se déplaçant'],['Blessé'],['Ceinture'],['Oui'],,A01,['1'],['Conducteur'],,['Promenade – loisirs'],['Chocs multiples (tonneaux)'],['Sans changement de direction'],,,,['VL seul'],,Métropole,,2015,Meursault,21,Côte-d'Or,200006682,"CA Beaune,Côte et Sud - Communauté Beaune-Chagny-Nolay",26,Bourgogne,Meursault,21412
201400007915,2014-09-30T05:00:00+00:00,Villemus,2014,09,30,07:00,Crépuscule ou aube,Hors agglomération,1,Pluie légère,Deux véhicules - frontale,04,241,04241,lieu-dit La Bajoulle,,,04110,,"{'lon': 5.700753, 'lat': 43.859132}",0,mouillée,,Bidirectionnelle,,99,907,63.0,,0.0,2.0,Route Départementale,0.0,En courbe à gauche,Pente,,Sur chaussée,"['1972', '1982']","['Féminin', 'Masculin']","['Se déplaçant', 'Se déplaçant']","['Blessé', 'Indemne']","['Ceinture', 'Ceinture']","['Oui', 'Oui']",,"A01,B02","['1', '1']","['Conducteur', 'Conducteur']",,"['Domicile – travail', 'Domicile – travail']","['Avant', 'Avant droit']","['Sans changement de direction', 'Sans changement de direction']",,"['Véhicule', 'Véhicule']",['Poteau'],"['VL seul', 'VL seul']",,Métropole,,2015,Villemus,04,Alpes-de-Haute-Provence,240400366,CC de Haute-Provence,93,Provence-Alpes-Côte d'Azur,Villemus,04241
201400011767,2014-03-15T18:45:00+00:00,Senas,2014,03,15,19:45,Nuit sans éclairage public,Hors agglomération,1,Vent fort - tempête,Deux véhicules – par l’arrière,13,105,13105,,,,13560,,"{'lon': 5.078031, 'lat': 43.744098}",221,normale,,A chaussées séparées,,00,7,140.0,,15.0,0.0,Autoroute,0.0,Partie rectiligne,Plat,,Sur chaussée,"['1980', '1978']","['Féminin', 'Masculin']","['Se déplaçant', 'Se déplaçant']","['Blessé', 'Indemne']","['Ceinture', 'Ceinture']","['Oui', 'Oui']",,"A01,B02","['1', '1']","['Conducteur', 'Conducteur']",,"['Promenade – loisirs', 'Promenade – loisirs']","['Avant', 'Arrière']",['Sans changement de direction'],,"['Véhicule', 'Véhicule']",,"['VU seul 1', 'VL seul']",,Métropole,,2015,Sénas,13,Bouches-du-Rhône,241300201,CA Salon Etang de Berre Durance (Agglopole Provence),93,Provence-Alpes-Côte d'Azur,Sénas,13105
201400011523,2014-12-24T13:30:00+00:00,Nice,2014,12,24,14:30,Plein jour,En agglomération,1,Normale,Autre collision,06,088,06088,"22, ANGLETERRE (RUE D')",,,06200,22,"{'lon': 7.240611, 'lat': 43.695417}",,normale,,A sens unique,,99,0,40.0,,0.0,1.0,Voie Communale,,Partie rectiligne,Plat,,Sur chaussée,"['1962', '1979']","['Féminin', 'Masculin']","['Traversant', 'Se déplaçant']","['Blessé', 'Indemne']","['Autre', 'Ceinture']","['Non déterminable', 'Oui']",['Sur passage piéton - Sans signalisation lumineuse'],A01,['1'],"['Piéton', 'Conducteur']",['Seul'],"['Courses – achats', 'Promenade – loisirs']",['Arrière'],['En marche arrière'],,['Piéton'],,['VL seul'],,,,2015,Nice,06,Alpes-Maritimes,200030195,Métropole Nice Côte d'Azur,93,Provence-Alpes-Côte d'Azur,Nice,06088
201400025458,2014-06-02T11:15:00+00:00,Sete,2014,06,02,13:15,Plein jour,En agglomération,1,Normale,Trois véhicules et plus – en chaîne,34,301,34301,"0, LECLERC PHILIPPE MARE",4339377,0368035,34200,0,,,normale,,Bidirectionnelle,,00,0,0.0,,0.0,2.0,Voie Communale,,Partie rectiligne,Plat,,Sur chaussée,"['1994', '1960', '1993', '1971']","['Masculin', 'Masculin', 'Féminin', 'Féminin']","['Se déplaçant', 'Se déplaçant', 'Se déplaçant', 'Se déplaçant']","['Indemne', 'Indemne', 'Blessé', 'Indemne']","['Casque', 'Ceinture', 'Casque', 'Ceinture']","['Oui', 'Non déterminable', 'Oui', 'Oui']",,"A01,C01,B01","['1', '1', '2', '1']","['Conducteur', 'Conducteur', 'Passager', 'Conducteur']",,,['Avant gauche'],['Changeant de file A gauche'],,"['Véhicule', 'Véhicule', 'Véhicule']",['Véhicule en stationnement'],"['VL seul', 'VL seul', 'Motocyclette > 125 cm3']",,Métropole,,2015,Sète,34,Hérault,243400827,CA du Bassin de Thau,91,Languedoc-Roussillon,Sète,34301
201500020992,2015-10-23T06:30:00+00:00,Rives,2015,10,23,08:30,Plein jour,Hors agglomération,1,Normale,Autre collision,38,337,38337,,,,38140,,"{'lon': 5.50211, 'lat': 45.350053}",3,normale,,Bidirectionnelle,,99,12,60.0,C,0.0,2.0,Route Départementale,150.0,En courbe à droite,Plat,,Sur accotement,['1969'],['Masculin'],['Se déplaçant'],['Blessé'],['Ceinture'],['Non'],,A01,['1'],['Conducteur'],,,['Avant'],['Déporté A gauche'],,,['Bâtiment'],['VL seul'],,Métropole,,2015,Rives,38,Isère,243800984,CA du Pays Voironnais,82,Rhône-Alpes,Rives,38337
201500021561,2015-05-11T09:10:00+00:00,Brest,2015,05,11,11:10,Plein jour,En agglomération,1,Normale,Deux véhicules – par le coté,29,019,29019,DESFOSSES ROMAIN (AMIRAL,4842559,-448009,29200,,"{'lon': -4.474674, 'lat': 48.4272}",,normale,,,,00,0,0.0,,0.0,0.0,Voie Communale,,Partie rectiligne,Plat,,Sur chaussée,"['1949', '1938']","['Masculin', 'Masculin']","['Se déplaçant', 'Se déplaçant']","['Blessé', 'Indemne']","['Casque', 'Ceinture']","['Oui', 'Oui']",,"B01,A01","['1', '1']","['Conducteur', 'Conducteur']",,"['Promenade – loisirs', 'Promenade – loisirs']","['Avant droit', 'Avant gauche']",,,"['Véhicule', 'Véhicule']",,"['VL seul', 'Bicyclette']",,Métropole,,2015,Brest,29,Finistère,242900314,Brest Métropole,53,Bretagne,Brest,29019
201500025071,2015-10-31T11:05:00+00:00,Rennes,2015,10,31,12:05,Plein jour,En agglomération,3,Normale,Deux véhicules – par le coté,35,238,35238,"130, VERDUN (BD DE)",4812102,-168690,35000,130,"{'lon': -1.686844, 'lat': 48.120905}",,,,Bidirectionnelle,,00,0,0.0,,0.0,2.0,Voie Communale,,,,,Sur chaussée,"['1988', '1970']","['Masculin', 'Masculin']","['Se déplaçant', 'Se déplaçant']","['Indemne', 'Blessé']","['Ceinture', 'Casque']","['Oui', 'Oui']",,"A01,B01","['1', '1']","['Conducteur', 'Conducteur']",,['Promenade – loisirs'],['Avant'],['Tournant A gauche'],,['Véhicule'],,"['VL seul', 'Scooter > 125 cm3']",,Métropole,,2015,Rennes,35,Ille-et-Vilaine,243500139,Rennes Métropole,53,Bretagne,Rennes,35238
201500009023,2015-10-06T13:30:00+00:00,Mere,2015,10,06,15:30,Plein jour,Hors agglomération,1,Normale,Deux véhicules - frontale,78,389,78389,,4880500,0184100,78490,,"{'lon': 1.817219, 'lat': 48.785631}",,normale,,Bidirectionnelle,,00,12,66.0,,33.0,4.0,Route Nationale,,Partie rectiligne,Plat,,Sur bande d’arrêt d’urgence,"['1943', '1989', '1937']","['Masculin', 'Féminin', 'Féminin']","['Se déplaçant', 'Se déplaçant', 'Se déplaçant']","['Blessé', 'Indemne', 'Blessé']","['Ceinture', 'Ceinture', 'Ceinture']","['Oui', 'Oui', 'Oui']",,"B02,A01","['1', '1', '2']","['Conducteur', 'Conducteur', 'Passager']",,"['Promenade – loisirs', 'Domicile – travail']","['Avant', 'Arrière']",,,,['Véhicule en stationnement'],"['VL seul', 'VL seul']",,Métropole,,2015,Méré,78,Yvelines,247800618,CC Coeur d'Yvelines,11,Île-de-France,Méré,78389
201500010257,2015-01-06T15:40:00+00:00,Grasse,2015,01,06,16:40,Plein jour,En agglomération,1,Normale,Autre collision,06,069,06069,"137, CHEVREFEUILLES (CHE",4362990,0692529,06520,137,"{'lon': 6.962783, 'lat': 43.67436}",,normale,,Bidirectionnelle,,99,0,0.0,,0.0,1.0,Voie Communale,,En courbe à droite,Pente,,Sur chaussée,"['1976', '1956']","['Féminin', 'Masculin']","['Se déplaçant', 'Se déplaçant']","['Blessé', 'Indemne']","['Ceinture', 'Ceinture']","['Non déterminable', 'Non déterminable']",,"B01,A01","['1', '1']","['Conducteur', 'Conducteur']",,['Utilisation professionnelle'],"['Avant gauche', 'Avant gauche']","['Sans changement de direction', 'Déporté A gauche']",,"['Véhicule', 'Véhicule']",,"['Autobus', 'VL seul']",['1'],Métropole,,2015,Grasse,06,Alpes-Maritimes,200039857,CA du Pays de Grasse,93,Provence-Alpes-Côte d'Azur,Grasse,06069
201500010380,2015-08-17T13:35:00+00:00,Grasse,2015,08,17,15:35,Plein jour,En agglomération,6,Normale,Deux véhicules – par le coté,06,069,06069,"X, SANTON (CHEMIN DU)",,,06520,,"{'lon': 6.965855, 'lat': 43.684571}",,normale,,Bidirectionnelle,,00,0,40.0,,0.0,1.0,Voie Communale,,,Plat,,Sur chaussée,"['1970', '1974']","['Féminin', 'Féminin']","['Se déplaçant', 'Se déplaçant']","['Blessé', 'Indemne']","['Casque', 'Ceinture']","['Oui', 'Oui']",,"A01,B01","['1', '1']","['Conducteur', 'Conducteur']",,"['Autre', 'Courses – achats']","['Avant', 'Côté droit']","['Tournant A droite', 'Sans changement de direction']",,"['Véhicule', 'Véhicule']",,"['VL seul', 'Scooter < 50 cm3']",,,,2015,Grasse,06,Alpes-Maritimes,200039857,CA du Pays de Grasse,93,Provence-Alpes-Côte d'Azur,Grasse,06069
201500011982,2015-12-09T11:15:00+00:00,Le Tallud,2015,12,09,12:15,Plein jour,Hors agglomération,1,Normale,Deux véhicules – par l’arrière,79,322,79322,,4661710,-028291,79200,,"{'lon': -0.29739, 'lat': 46.629964}",2,normale,,Bidirectionnelle,,00,743,0.0,,0.0,3.0,Route Départementale,750.0,En courbe à droite,Plat,,Sur chaussée,"['1991', '1964']","['Masculin', 'Masculin']","['Se déplaçant', 'Se déplaçant']","['Blessé', 'Indemne']","['Ceinture', 'Autre']","['Oui', 'Oui']",,"A01,B02","['1', '1']","['Conducteur', 'Conducteur']",,"['Utilisation professionnelle', 'Utilisation professionnelle']","['Avant droit', 'Arrière gauche']","['Sans changement de direction', 'Sans changement de direction']",,"['Véhicule', 'Véhicule']",,"['PL > 3', 'Tracteur agricole']",,Métropole,,2015,Le Tallud,79,Deux-Sèvres,200041333,CC de Parthenay-Gâtine,54,Poitou-Charentes,Le Tallud,79322
201500007693,2015-09-23T09:45:00+00:00,Moustiers-sainte-marie,2015,09,23,11:45,Plein jour,Hors agglomération,1,Normale,Sans collision,04,135,04135,,4380690,0625445,04360,,"{'lon': 6.220175, 'lat': 43.846892}",37,normale,,,,99,952,65.0,,0.0,0.0,Route Départementale,150.0,En « S »,Plat,,Sur chaussée,['1980'],['Masculin'],['Se déplaçant'],['Blessé'],['Casque'],['Oui'],,A01,['1'],['Conducteur'],,['Promenade – loisirs'],['Avant gauche'],['Sans changement de direction'],,,,['Motocyclette > 125 cm3'],,Métropole,,2015,Moustiers-Sainte-Marie,04,Alpes-de-Haute-Provence,200034916,CC Asse-Bléone-Verdon,93,Provence-Alpes-Côte d'Azur,Moustiers-Sainte-Marie,04135
201500024307,2015-07-27T09:30:00+00:00,Villeneuve-loubet,2015,07,27,11:30,Plein jour,En agglomération,1,Normale,Deux véhicules - frontale,06,161,06161,boulevard des groules,,,06270,,"{'lon': 7.125163, 'lat': 43.619638}",,normale,,Bidirectionnelle,,00,0,0.0,,0.0,2.0,Voie Communale,,,,,Sur chaussée,"['1942', '1983']","['Masculin', 'Masculin']","['Se déplaçant', 'Se déplaçant']","['Indemne', 'Blessé']","['Ceinture', 'Casque']","['Oui', 'Oui']",,"A01,B02","['1', '1']","['Conducteur', 'Conducteur']",,['Promenade – loisirs'],"['Avant droit', 'Avant']",['Tournant A gauche'],,"['Véhicule', 'Véhicule']",,"['VU seul 1', 'Motocyclette > 125 cm3']",,Métropole,,2015,Villeneuve-Loubet,06,Alpes-Maritimes,240600585,CA de Sophia Antipolis,93,Provence-Alpes-Côte d'Azur,Villeneuve-Loubet,06161
201500012622,2015-02-14T16:56:00+00:00,Troyes,2015,02,14,17:56,Plein jour,En agglomération,1,Normale,Deux véhicules – par l’arrière,10,387,10387,ROBERT SCHUMANN (RUE),,,10000,,"{'lon': 4.095336, 'lat': 48.306999}",,normale,,Bidirectionnelle,,00,0,0.0,,0.0,2.0,Voie Communale,,Partie rectiligne,Plat,,Sur chaussée,"['1979', '2001', '1988']","['Féminin', 'Masculin', 'Masculin']","['Se déplaçant', 'Se déplaçant', 'Se déplaçant']","['Blessé', 'Indemne', 'Indemne']","['Ceinture', 'Ceinture', 'Ceinture']","['Oui', 'Oui', 'Oui']",,"B01,A01","['1', '2', '1']","['Conducteur', 'Passager', 'Conducteur']",,['Domicile – travail'],"['Arrière', 'Avant']","['Même sens', 'Sans changement de direction']",,"['Véhicule', 'Véhicule']",,"['VL seul', 'VL seul']",,,,2015,Troyes,10,Aube,241000397,CA Grand Troyes,21,Champagne-Ardenne,Troyes,10387
201500013550,2015-10-13T14:55:00+00:00,Saint-victoret,2015,10,13,16:55,Plein jour,En agglomération,1,Normale,Deux véhicules – par le coté,13,102,13102,RAUMARTIN  AVENUE DU,,,13700,,"{'lon': 5.233034, 'lat': 43.420591}",,normale,,,,99,0,0.0,,0.0,2.0,Voie Communale,,En courbe à gauche,Plat,,Sur chaussée,"['1952', '1995']","['Masculin', 'Masculin']","['Se déplaçant', 'Se déplaçant']","['Blessé', 'Blessé']","['Ceinture', 'Ceinture']","['Oui', 'Oui']",,"A01,B01","['1', '1']","['Conducteur', 'Conducteur']",,"['Domicile – travail', 'Domicile – travail']","['Avant gauche', 'Avant gauche']",['Sans changement de direction'],,"['Véhicule', 'Véhicule']",,"['VL seul', 'VL seul']",,,,2015,Saint-Victoret,13,Bouches-du-Rhône,241300391,CU de Marseille Provence Métropole (Mpm),93,Provence-Alpes-Côte d'Azur,Saint-Victoret,13102
201500014008,2015-02-03T04:40:00+00:00,,2015,02,03,05:40,Nuit avec éclairage public allumé,En agglomération,1,Normale,Deux véhicules – par l’arrière,13,055,13055,"04, BD DU MARECHAL JUIN",4331266,0540485,,04,"{'lon': 5.434292, 'lat': 43.520162}",,,,A sens unique,,00,0,100.0,,0.0,3.0,Voie Communale,,Partie rectiligne,Plat,,Sur chaussée,"['1979', '1955']","['Masculin', 'Masculin']","['Se déplaçant', 'Se déplaçant']","['Blessé', 'Indemne']","['Ceinture', 'Ceinture']","['Oui', 'Oui']",,"B01,A01","['1', '1']","['Conducteur', 'Conducteur']",,"['Autre', 'Utilisation professionnelle']","['Avant', 'Arrière gauche']","['Changeant de file A droite', 'Arrêté (hors stationnement)']",,"['Véhicule', 'Véhicule']",,"['VL seul', 'Autobus']",['6'],Métropole,,2015,Marseille,13,Bouches-du-Rhône,241300391,CU de Marseille Provence Métropole (Mpm),93,Provence-Alpes-Côte d'Azur,,13055
201500014800,2015-03-01T22:30:00+00:00,,2015,03,01,23:30,Nuit avec éclairage public allumé,Hors agglomération,1,Pluie légère,Autre collision,13,055,13055,"60, AVE DE LA CROIX ROUG",4333182,0543399,,60,"{'lon': 5.434006, 'lat': 43.331766}",,mouillée,,Bidirectionnelle,,00,908,80.0,,0.0,2.0,Route Départementale,,Partie rectiligne,Plat,,Sur chaussée,"['1995', '1998']","['Féminin', 'Masculin']","['Se déplaçant', 'Se déplaçant']","['Indemne', 'Blessé']","['Ceinture', 'Casque']","['Non déterminable', 'Oui']",,"B01,A01","['1', '1']","['Conducteur', 'Conducteur']",,"['Autre', 'Promenade – loisirs']","['Avant', 'Arrière']","['Sans changement de direction', 'Sans changement de direction']",,"['Véhicule', 'Véhicule']",,"['Cyclomoteur <50cm3', 'VL seul']",,Métropole,,2015,Marseille,13,Bouches-du-Rhône,241300391,CU de Marseille Provence Métropole (Mpm),93,Provence-Alpes-Côte d'Azur,,13055
201500014987,2015-08-21T23:00:00+00:00,,2015,08,22,01:00,Nuit avec éclairage public allumé,En agglomération,1,Normale,Autre collision,13,055,13055,"337, CORNICHE KENNEDY",4327346,0536267,,337,"{'lon': 5.365825, 'lat': 43.270199}",,normale,,Bidirectionnelle,,00,0,120.0,,0.0,4.0,Voie Communale,,En « S »,,,Sur chaussée,['1968'],['Masculin'],['Se déplaçant'],['Blessé'],['Ceinture'],['Non déterminable'],,A01,['1'],['Conducteur'],,,['Avant droit'],,,,['Poteau'],['VL seul'],,Métropole,,2015,Marseille,13,Bouches-du-Rhône,241300391,CU de Marseille Provence Métropole (Mpm),93,Provence-Alpes-Côte d'Azur,,13055
201500014988,2015-08-21T15:35:00+00:00,,2015,08,21,17:35,Plein jour,En agglomération,1,Normale,Deux véhicules – par l’arrière,13,055,13055,"00, CORNICHE KENNEDY",4327381,0536234,,00,"{'lon': 5.365825, 'lat': 43.270199}",,normale,,Bidirectionnelle,,99,0,180.0,,0.0,4.0,Voie Communale,,En courbe à droite,Plat,,Sur chaussée,"['1953', '1981']","['Masculin', 'Féminin']","['Se déplaçant', 'Se déplaçant']","['Indemne', 'Blessé']","['Ceinture', 'Casque']","['Oui', 'Oui']",,"A01,B01","['1', '1']","['Conducteur', 'Conducteur']",,"['Autre', 'Autre']","['Avant', 'Arrière droit']","['Sans changement de direction', 'Sans changement de direction']",,"['Véhicule', 'Véhicule']",,"['Motocyclette > 50 cm3 et <= 125 cm3', 'VL seul']",,Métropole,,2015,Marseille,13,Bouches-du-Rhône,241300391,CU de Marseille Provence Métropole (Mpm),93,Provence-Alpes-Côte d'Azur,,13055
201500016323,2015-12-15T00:45:00+00:00,Neuvillalais,2015,12,15,01:45,Nuit sans éclairage public,Hors agglomération,1,Pluie légère,Sans collision,72,216,72216,,,,72240,,"{'lon': -0.00099, 'lat': 48.156003}",2,mouillée,,,,99,75,47.0,,0.0,2.0,Route Départementale,5.0,Partie rectiligne,Plat,,Sur accotement,['1980'],['Masculin'],['Se déplaçant'],['Tué'],['Ceinture'],['Oui'],,A01,['1'],['Conducteur'],,['Autre'],['Côté droit'],['Sans changement de direction'],,,['Fossé'],['VL seul'],,Métropole,,2015,Neuvillalais,72,Sarthe,247200579,CC de la Champagne Conlinoise,52,Pays de la Loire,Neuvillalais,72216
201500016873,2015-10-05T13:45:00+00:00,Serrieres,2015,10,05,15:45,Plein jour,Hors agglomération,1,Normale,Deux véhicules – par le coté,07,313,07313,,,,07340,,"{'lon': 4.762681, 'lat': 45.3173}",16,mouillée,,Bidirectionnelle,,99,820,108.0,,0.0,0.0,Route Départementale,450.0,Partie rectiligne,,,Sur chaussée,"['1987', '1989', '1966', '2015']","['Féminin', 'Masculin', 'Masculin', 'Masculin']","['Se déplaçant', 'Se déplaçant', 'Se déplaçant', 'Se déplaçant']","['Blessé', 'Blessé', 'Tué', 'Indemne']","['Ceinture', 'Ceinture', 'Ceinture', 'Dispositif enfants']","['Oui', 'Oui', 'Oui', 'Oui']",,"B02,A01","['4', '1', '1', '3']","['Passager', 'Conducteur', 'Conducteur', 'Passager']",,"['Promenade – loisirs', 'Domicile – travail']","['Avant', 'Côté droit']","['Sans changement de direction', 'Déporté A gauche']",,"['Véhicule', 'Véhicule']",,"['VL seul', 'VL seul']",,Métropole,,2015,Serrières,07,Ardèche,240700757,CC Vivarhône,82,Rhône-Alpes,Serrières,07313
201500017405,2015-07-17T10:30:00+00:00,La Chartre-sur-le-loir,2015,07,17,12:30,Plein jour,En agglomération,1,Normale,Deux véhicules - frontale,72,068,72068,64 avenue des déportés,,,72340,64,"{'lon': 0.578721, 'lat': 47.738393}",,normale,,Bidirectionnelle,,99,305,0.0,,0.0,2.0,Route Départementale,,,,,Sur chaussée,"['1941', '1968']","['Féminin', 'Masculin']","['Se déplaçant', 'Se déplaçant']","['Indemne', 'Blessé']","['Ceinture', 'Casque']","['Non déterminable', 'Oui']",,"A01,B02","['1', '1']","['Conducteur', 'Conducteur']",,"['Courses – achats', 'Domicile – travail']",,"['Tournant A gauche', 'Sans changement de direction']",,['Véhicule'],,"['VL seul', 'Motocyclette > 125 cm3']",,Métropole,,2015,La Chartre-sur-le-Loir,72,Sarthe,247200512,CC du Val du Loir,52,Pays de la Loire,La Chartre-sur-le-Loir,72068
201500017622,2015-07-05T20:15:00+00:00,Saint-martin-sous-vigouroux,2015,07,05,22:15,Nuit sans éclairage public,Hors agglomération,1,Normale,Sans collision,15,201,15201,,4493500,0279600,15230,,"{'lon': 2.802303, 'lat': 44.922222}",3,normale,,Bidirectionnelle,,99,354,0.0,,0.0,2.0,Route Départementale,500.0,Partie rectiligne,Pente,,Sur chaussée,['1987'],['Masculin'],['Se déplaçant'],['Blessé'],['Casque'],['Non déterminable'],,A01,['1'],['Conducteur'],,['Promenade – loisirs'],['Côté gauche'],['Sans changement de direction'],,,,['Motocyclette > 50 cm3 et <= 125 cm3'],,Métropole,,2015,Saint-Martin-sous-Vigouroux,15,Cantal,241501014,CC du Pays de Pierrefort-Neuvéglise,83,Auvergne,Saint-Martin-sous-Vigouroux,15201
201500018178,2015-05-14T16:00:00+00:00,Salles-la-source,2015,05,14,18:00,Plein jour,Hors agglomération,1,Temps couvert,Sans collision,12,254,12254,COUGOUSSE,4445080,0247618,12330,,"{'lon': 2.47225, 'lat': 44.452645}",28,normale,,Bidirectionnelle,,00,901,60.0,,0.0,2.0,Route Départementale,800.0,En courbe à gauche,Plat,,Sur chaussée,['1962'],['Masculin'],['Se déplaçant'],['Blessé'],['Casque'],['Oui'],,A01,['1'],['Conducteur'],,['Promenade – loisirs'],,['Sans changement de direction'],,,,['Motocyclette > 125 cm3'],,Métropole,,2015,Salles-la-Source,12,Aveyron,241200641,CC Conques-Marcillac,73,Midi-Pyrénées,Salles-la-Source,12254
201500018453,2015-08-06T14:15:00+00:00,Saint-vivien-de-medoc,2015,08,06,16:15,Plein jour,Hors agglomération,2,Normale,Deux véhicules – par le coté,33,490,33490,,4542016,-103833,33590,,"{'lon': -1.036538, 'lat': 45.429637}",78,normale,,Bidirectionnelle,,00,1215,80.0,,0.0,2.0,Route Départementale,766.0,Partie rectiligne,Plat,,Sur chaussée,"['1981', '1950', '1947']","['Masculin', 'Féminin', 'Masculin']","['Se déplaçant', 'Se déplaçant', 'Se déplaçant']","['Blessé', 'Blessé', 'Indemne']","['Casque', 'Ceinture', 'Ceinture']","['Oui', 'Oui', 'Oui']",,"A01,B02","['1', '1', '2']","['Conducteur', 'Conducteur', 'Passager']",,['Courses – achats'],"['Avant gauche', 'Avant']","['Tournant A gauche', 'Même sens']",,"['Véhicule', 'Véhicule']",,"['VL seul', 'Motocyclette > 125 cm3']",,Métropole,,2015,Saint-Vivien-de-Médoc,33,Gironde,243300738,CC de la Pointe du Médoc,72,Aquitaine,Saint-Vivien-de-Médoc,33490
201500019014,2015-08-25T08:45:00+00:00,Menneville,2015,08,25,10:45,Plein jour,En agglomération,1,Temps couvert,Deux véhicules - frontale,62,566,62566,RD215,5067378,0186253,62240,215,"{'lon': 1.861736, 'lat': 50.673926}",,mouillée,,Bidirectionnelle,,00,215,0.0,,0.0,2.0,Route Départementale,,Partie rectiligne,Pente,,Sur chaussée,"['1992', '1967']","['Masculin', 'Masculin']","['Se déplaçant', 'Se déplaçant']","['Indemne', 'Blessé']","['Ceinture', 'Casque']","['Oui', 'Oui']",,"A01,B02","['1', '1']","['Conducteur', 'Conducteur']",,['Promenade – loisirs'],['Avant'],"['Traversant la chaussée', 'Sans changement de direction']",,['Véhicule'],,"['VL seul', 'Bicyclette']",,Métropole,,2015,Menneville,62,Pas-de-Calais,200018083,CC de Desvres-Samer,31,Nord-Pas-de-Calais,Menneville,62566
201500022446,2015-04-02T06:35:00+00:00,Toulouse,2015,04,02,08:35,Plein jour,En agglomération,1,Normale,Deux véhicules - frontale,31,555,31555,"999, RUE LUDWIG VAN BEET",,,31000,999,,,,,,,00,0,0.0,,0.0,2.0,Voie Communale,,,,,Sur chaussée,"['1998', '1968']","['Masculin', 'Masculin']","['Se déplaçant', 'Se déplaçant']","['Blessé', 'Indemne']","['Casque', 'Ceinture']","['Oui', 'Oui']",,"A01,B01","['1', '1']","['Conducteur', 'Conducteur']",,,['Avant'],,,"['Autre', 'Véhicule']",,"['VL seul', 'Bicyclette']",,,,2015,Toulouse,31,Haute-Garonne,243100518,Toulouse Métropole,73,Midi-Pyrénées,Toulouse,31555
201500030107,2015-06-22T18:15:00+00:00,Roubaix,2015,06,22,20:15,Plein jour,En agglomération,2,Normale,Trois véhicules et plus - collisions multiples,59,512,59512,NATIONS UNIES (AVENUE DE,,,59100,,"{'lon': 3.176521, 'lat': 50.6943}",,normale,,Bidirectionnelle,,00,0,0.0,,0.0,2.0,Voie Communale,,Partie rectiligne,Plat,,Sur chaussée,"['2000', '1980', '1984', '1975']","['Masculin', 'Masculin', 'Masculin', 'Masculin']","['Se déplaçant', 'Se déplaçant', 'Se déplaçant', 'Se déplaçant']","['Blessé', 'Blessé', 'Indemne', 'Blessé']","['Ceinture', 'Ceinture', 'Ceinture', 'Ceinture']","['Oui', 'Non', 'Oui', 'Oui']",,"B01,A01,C01","['2', '1', '1', '1']","['Passager', 'Conducteur', 'Conducteur', 'Conducteur']",,"['Domicile – travail', 'Utilisation professionnelle']","['Côté gauche', 'Côté droit', 'Avant gauche']","['Sans changement de direction', 'Tournant A gauche', 'Arrêté (hors stationnement)']",,"['Véhicule', 'Véhicule', 'Véhicule']",,"['VL seul', 'VL seul', 'VL seul']",,,,2015,Roubaix,59,Nord,245900410,Métropole Européenne de Lille,31,Nord-Pas-de-Calais,Roubaix,59512
201500030708,2015-01-13T12:30:00+00:00,Flers,2015,01,13,13:30,Plein jour,En agglomération,1,Pluie légère,Autre collision,61,169,61169,"33, BELFORT (RUE DE)",4874538,-056640,61100,33,"{'lon': -0.566327, 'lat': 48.745389}",,mouillée,,Bidirectionnelle,,03,0,0.0,,0.0,2.0,Voie Communale,,Partie rectiligne,Pente,,Sur chaussée,"['2003', '1986']","['Masculin', 'Féminin']","['Traversant', 'Se déplaçant']","['Blessé', 'Indemne']","['Autre', 'Ceinture']","['Non', 'Oui']",['Sur chaussée - A + 50 m du passage piéton'],A01,['1'],"['Piéton', 'Conducteur']",['Seul'],"['Domicile – école', 'Domicile – travail']",['Avant droit'],['Sans changement de direction'],,['Piéton'],,['VL seul'],,Métropole,2015-08-01,2015,Flers,61,Orne,200035814,CA du Pays de Flers,25,Basse-Normandie,Flers,61169
201500030982,2015-06-27T17:25:00+00:00,Carvin,2015,06,27,19:25,Plein jour,Hors agglomération,1,Normale,Trois véhicules et plus - collisions multiples,62,215,62215,"8, LENS (RTE DE)",5047561,0292442,62220,8,"{'lon': 2.92456, 'lat': 50.475569}",,normale,,Bidirectionnelle,Piste cyclable,99,917,90.0,,0.0,0.0,Route Départementale,,Partie rectiligne,Plat,,Sur chaussée,"['1966', '1953', '1984', '1956', '1959', '2012']","['Féminin', 'Masculin', 'Féminin', 'Masculin', 'Féminin', 'Féminin']","['Se déplaçant', 'Se déplaçant', 'Se déplaçant', 'Se déplaçant', 'Se déplaçant', 'Se déplaçant']","['Indemne', 'Blessé', 'Blessé', 'Blessé', 'Blessé', 'Indemne']","['Ceinture', 'Ceinture', 'Ceinture', 'Ceinture', 'Ceinture', 'Ceinture']","['Oui', 'Oui', 'Oui', 'Oui', 'Oui', 'Oui']",,"A01,C01,B01,D01","['1', '1', '1', '1', '2', '4']","['Conducteur', 'Conducteur', 'Conducteur', 'Conducteur', 'Passager', 'Passager']",,"['Promenade – loisirs', 'Promenade – loisirs', 'Promenade – loisirs', 'Promenade – loisirs', 'Promenade – loisirs']",,,,"['Véhicule', 'Véhicule', 'Véhicule', 'Véhicule']",,"['VL seul', 'VL seul', 'VU seul 1', 'VL seul']",,Métropole,,2015,Carvin,62,Pas-de-Calais,246200299,CA d'hénin-Carvin,31,Nord-Pas-de-Calais,Carvin,62215