num_acc,datetime,nom_com,an,mois,jour,hrmn,lum,agg,int,atm,col,dep,com,insee,adr,lat,long,code_postal,num,coordonnees,pr,surf,v1,circ,vosp,env1,voie,larrout,v2,lartpc,nbv,catr,pr1,plan,prof,infra,situ,an_nais,sexe,actp,grav,secu,secu_utl,locp,num_veh,place,catu,etatp,trajet,choc,manv,senc,obsm,obs,catv,occutc,gps,date,year_georef,com_name,dep_code,dep_name,epci_code,epci_name,reg_code,reg_name,com_arm_name,com_code
201900044451,2019-01-13T13:55:00+00:00,Paris-18e-arrondissement,2019,01,13,14:55,Plein jour,En agglomération,3,Normale,Autre collision,75,75118,75118,RUE DAMREMONT,"48,8893040","2,3335550",75018,,"{'lon': 2.335431, 'lat': 48.892145}",0,normale,0,A sens unique,Piste cyclable,,RUE DAMREMONT,,,,1.0,Voie Communale,0.0,Partie rectiligne,Plat,,Sur chaussée,"['1972', '1972']","['Masculin', 'Masculin']","['Se déplaçant', 'Se déplaçant']","['Blessé', 'Indemne']",,,,"B01,A01","['1', '1']","['Conducteur', 'Conducteur']","['-1', '-1']","['Promenade – loisirs', 'Utilisation professionnelle']",['Avant'],"['Dépassant A gauche', 'Ouverture de porte']","PK ou PR ou numéro d’adresse postale décroissant,PK ou PR ou numéro d’adresse postale décroissant","['Véhicule', 'Véhicule']",['Bordure de trottoir'],"['Bicyclette', 'VL seul']",,,,2019,Paris,75,Paris,200054781,Métropole du Grand Paris,11,Île-de-France,Paris 18e Arrondissement,75118
201900044453,2019-01-13T15:30:00+00:00,Paris-10e-arrondissement,2019,01,13,16:30,Plein jour,En agglomération,3,Normale,Deux véhicules – par le coté,75,75110,75110,BOULEVARD DE STRASBOURG,"48,8706060","2,3549670",75010,,"{'lon': 2.356089, 'lat': 48.872448}",0,normale,0,A sens unique,,,BOULEVARD DE STRASBOURG,,,,4.0,Voie Communale,0.0,Partie rectiligne,Pente,,Sur chaussée,"['2002', '1983', '2000']","['Féminin', 'Masculin', 'Masculin']","['Se déplaçant', 'Se déplaçant', 'Se déplaçant']","['Blessé', 'Indemne', 'Blessé']",,,,"B01,A01","['2', '1', '1']","['Passager', 'Conducteur', 'Conducteur']","['-1', '-1', '-1']","['Promenade – loisirs', 'Promenade – loisirs', 'Utilisation professionnelle']","['Côté gauche', 'Avant']","['Tournant A gauche', 'Sans changement de direction']","PK ou PR ou numéro d’adresse postale croissant,PK ou PR ou numéro d’adresse postale croissant","['Véhicule', 'Véhicule']",,"['VL seul', 'Cyclomoteur <50cm3']",,,,2019,Paris,75,Paris,200054781,Métropole du Grand Paris,11,Île-de-France,Paris 10e Arrondissement,75110
201900044534,2019-01-12T06:30:00+00:00,Cayenne,2019,01,12,07:30,Plein jour,En agglomération,6,Normale,Deux véhicules – par le coté,97,97302,97302,GALMOT (AVENUE),"4,9313800","-52,3299000",97300,,"{'lon': -52.329297, 'lat': 4.931662}",0,normale,0,Bidirectionnelle,,,0001,,,,2.0,Route Nationale,1.0,Partie rectiligne,Plat,,Sur chaussée,"['1951', '1951']","['Masculin', 'Masculin']","['Se déplaçant', 'Se déplaçant']","['Indemne', 'Blessé']",,,"['-1', '-1']","B01,A01","['1', '1']","['Conducteur', 'Conducteur']","['-1', '-1']",['Domicile – travail'],"['Côté droit', 'Avant gauche']","['Sans changement de direction', 'Sans changement de direction']","PK ou PR ou numéro d’adresse postale décroissant,PK ou PR ou numéro d’adresse postale décroissant","['Véhicule', 'Véhicule']",,"['Bicyclette', 'VU seul 1']",,,,2019,Cayenne,973,Guyane,249730045,CA du Centre Littoral,03,Guyane,Cayenne,97302
201200015129,2012-03-31T00:20:00+00:00,,2012,03,31,02:20,Nuit avec éclairage public allumé,En agglomération,1,Normale,Deux véhicules – par l’arrière,13,055,13055,"00, AVE DU PRADO",,,,00,"{'lon': 5.387137, 'lat': 43.270229}",,normale,,Bidirectionnelle,,00,,0.0,,0.0,0.0,Voie Communale,,Partie rectiligne,Pente,,Sur chaussée,['1987'],['Féminin'],['Se déplaçant'],['Blessé'],['Ceinture'],['Oui'],,"B01,Z01",['1'],['Conducteur'],,['Promenade – loisirs'],"['Arrière', 'Avant']","['Arrêté (hors stationnement)', 'Même sens']",PK ou PR ou numéro d’adresse postale croissant,"['Véhicule', 'Véhicule']",,"['VL seul', 'VL seul']",,,,2015,Marseille,13,Bouches-du-Rhône,241300391,CU de Marseille Provence Métropole (Mpm),93,Provence-Alpes-Côte d'Azur,,13055
201200015376,2012-05-22T17:15:00+00:00,,2012,05,22,19:15,Plein jour,En agglomération,1,Normale,Deux véhicules – par le coté,13,055,13055,"155, BD BAILLE",,,,155,"{'lon': 5.397477, 'lat': 43.289742}",,normale,,Bidirectionnelle,,00,,168.0,,0.0,6.0,Voie Communale,,Partie rectiligne,Plat,,Sur chaussée,"['1991', '1987', '1966']","['Féminin', 'Masculin', 'Masculin']","['Se déplaçant', 'Se déplaçant', 'Se déplaçant']","['Blessé', 'Indemne', 'Indemne']","['Ceinture', 'Ceinture', 'Ceinture']","['Oui', 'Oui', 'Oui']",,"A01,B01","['2', '1', '1']","['Passager', 'Conducteur', 'Conducteur']",,"['Promenade – loisirs', 'Promenade – loisirs', 'Promenade – loisirs']","['Avant gauche', 'Avant droit']",['En faisant demi-tour sur la chaussée'],,"['Véhicule', 'Véhicule']",,"['VL seul', 'VL seul']",,Métropole,,2015,Marseille,13,Bouches-du-Rhône,241300391,CU de Marseille Provence Métropole (Mpm),93,Provence-Alpes-Côte d'Azur,,13055
201200016153,2012-10-06T16:50:00+00:00,,2012,10,06,18:50,Crépuscule ou aube,En agglomération,1,Normale,Autre collision,13,055,13055,"25, AVE DE TARASCON",,,,25,"{'lon': 4.809426, 'lat': 43.929161}",,,,Bidirectionnelle,,00,,0.0,,0.0,2.0,Voie Communale,,En courbe à droite,Sommet de côte,,Sur chaussée,"['1984', '1977']","['Masculin', 'Masculin']","['Se déplaçant', 'Se déplaçant']","['Blessé', 'Indemne']","['Casque', 'Ceinture']","['Non déterminable', 'Non déterminable']",,"B01,A01","['1', '1']","['Conducteur', 'Conducteur']",,"['Autre', 'Promenade – loisirs']",['Côté gauche'],"['Manœuvre d’évitement', 'Sans changement de direction']",,"['Véhicule', 'Véhicule']",,"['Motocyclette > 125 cm3', 'VL seul']",,Métropole,,2015,Marseille,13,Bouches-du-Rhône,241300391,CU de Marseille Provence Métropole (Mpm),93,Provence-Alpes-Côte d'Azur,,13055
201900007054,2019-06-30T16:00:00+00:00,Saint-fons,2019,06,30,18:00,Plein jour,Hors agglomération,1,Normale,Deux véhicules – par le coté,69,69199,69199,A7   7.000 A 8.630,"45,6836000","4,8472400",69190,7,"{'lon': 4.852288, 'lat': 45.708565}",8,normale,0,A chaussées séparées,,,7,,,,3.0,Autoroute,300.0,Partie rectiligne,Plat,,Sur chaussée,"['1969', '1958', '1963']","['Masculin', 'Masculin', 'Féminin']","['Se déplaçant', '-1', 'Se déplaçant']","['Indemne', 'Blessé', 'Blessé']",,,"['-1', '-1']","A01,B01","['1', '1', '2']","['Conducteur', 'Conducteur', 'Passager']","['-1', '-1', '-1']","['Promenade – loisirs', 'Promenade – loisirs', 'Promenade – loisirs']","['Côté droit', 'Avant gauche']","['Sans changement de direction', 'Sans changement de direction']","PK ou PR ou numéro d’adresse postale décroissant,PK ou PR ou numéro d’adresse postale décroissant","['Véhicule', 'Véhicule']",,"['VL seul', 'VL seul']",,,,2019,Saint-Fons,69,Rhône,200046977,Métropole de Lyon,84,Auvergne-Rhône-Alpes,Saint-Fons,69199
201900007904,2019-02-13T09:25:00+00:00,Valmont,2019,02,13,10:25,Plein jour,En agglomération,1,Temps éblouissant,Autre collision,76,76719,76719,rue André FIQUET,"49,7438780","0,5114340",76540,,"{'lon': 0.48725, 'lat': 49.745413}",10,normale,,Bidirectionnelle,,,150,,,,2.0,Route Départementale,980.0,Partie rectiligne,Plat,,Sur chaussée,"['1953', '1967']","['Masculin', 'Masculin']","['Se déplaçant', 'Autre']","['Indemne', 'Blessé']",,,['Sur chaussée - A – 50 m du passage piéton'],A01,"['1', '10']","['Conducteur', 'Piéton']","['-1', 'Seul']","['Promenade – loisirs', 'Utilisation professionnelle']",['Avant droit'],['Sans changement de direction'],PK ou PR ou numéro d’adresse postale croissant,['Piéton'],,['VL seul'],,,2019-04-01,2019,Valmont,76,Seine-Maritime,200069821,CA Fécamp Caux Littoral Agglomération,28,Normandie,Valmont,76719
201900009826,2019-03-25T13:20:00+00:00,La Ferte-sur-chiers,2019,03,25,14:20,Plein jour,Hors agglomération,1,Pluie légère,Sans collision,8,08168,8168,Route départementale 52,"49,5796480","5,2350200",08370,52,"{'lon': 5.245524, 'lat': 49.575291}",6,mouillée,0,Bidirectionnelle,,,52,,,,2.0,Route Départementale,34.0,Partie rectiligne,Plat,,Sur chaussée,['2000'],['Masculin'],['Se déplaçant'],['Tué'],,,,A01,['1'],['Conducteur'],['-1'],['Promenade – loisirs'],['Avant'],['Sans changement de direction'],PK ou PR ou numéro d’adresse postale croissant,,['17'],['VL seul'],,,,2019,La Ferté-sur-Chiers,08,Ardennes,240800847,CC des Portes du Luxembourg,44,Grand Est,La Ferté-sur-Chiers,8168
201900010965,2019-07-02T05:50:00+00:00,Clamart,2019,07,02,07:50,Plein jour,En agglomération,6,Normale,Deux véhicules – par le coté,92,92023,92023,EUGENE BEAUJARD (CARREFOUR),"48,7897300","2,2527300",92140,,"{'lon': 2.25475, 'lat': 48.796102}",0,normale,0,A sens unique,,,80,,,,2.0,Route Départementale,0.0,Partie rectiligne,Plat,Carrefour aménagé,Sur chaussée,"['1962', '1953']","['Masculin', 'Féminin']","['Se déplaçant', 'Se déplaçant']","['Indemne', 'Blessé']",,,"['-1', '-1']","A01,B01","['1', '1']","['Conducteur', 'Conducteur']","['-1', '-1']","['Utilisation professionnelle', 'Promenade – loisirs']","['Avant gauche', 'Avant']","['Tournant A gauche', 'Sans changement de direction']","PK ou PR ou numéro d’adresse postale croissant,PK ou PR ou numéro d’adresse postale décroissant","['Véhicule', 'Véhicule']",,"['PL seul 3', '80']",,,,2019,Clamart,92,Hauts-de-Seine,200054781,Métropole du Grand Paris,11,Île-de-France,Clamart,92023
201900011350,2019-12-18T08:00:00+00:00,Fontenay-sous-bois,2019,12,18,09:00,Plein jour,En agglomération,2,Normale,Deux véhicules – par le coté,94,94033,94033,PEPINIERE (AV DE LA),"48,8444700","2,4507800",94120,,"{'lon': 2.45098, 'lat': 48.845129}",1,normale,0,Bidirectionnelle,Piste cyclable,,PEPINIERE (AV DE LA),,,,2.0,Voie Communale,0.0,Partie rectiligne,Plat,,Sur chaussée,"['1989', '1980']","['Masculin', 'Féminin']","['-1', '-1']","['Indemne', 'Blessé']",,,"['-1', '-1']","B01,A01","['1', '1']","['Conducteur', 'Conducteur']","['-1', '-1']","['Utilisation professionnelle', 'Domicile – travail']","['Avant', 'Côté droit']","['Sans changement de direction', 'Manœuvre d’évitement']","3,PK ou PR ou numéro d’adresse postale croissant","['Véhicule', 'Véhicule']",,"['VU seul 1', 'Bicyclette']",,,,2019,Fontenay-sous-Bois,94,Val-de-Marne,200054781,Métropole du Grand Paris,11,Île-de-France,Fontenay-sous-Bois,94033
201900012086,2019-10-16T05:55:00+00:00,Draveil,2019,10,16,07:55,Crépuscule ou aube,En agglomération,1,Pluie légère,Trois véhicules et plus – en chaîne,91,91201,91201,HENRI BARBUSSE(BOULEVARD),"48,6703620","2,4142610",91210,,"{'lon': 2.410059, 'lat': 48.68089}",0,mouillée,0,Bidirectionnelle,,,448,,,,2.0,Route Départementale,100.0,Partie rectiligne,Plat,,Sur chaussée,"['1973', '1986', '1987', '1988']","['Masculin', 'Masculin', 'Masculin', 'Masculin']","['Se déplaçant', 'Se déplaçant', 'Se déplaçant', 'Se déplaçant']","['Indemne', 'Indemne', 'Blessé', 'Blessé']",,,,"C01,A01,B01,D01","['1', '1', '1', '1']","['Conducteur', 'Conducteur', 'Conducteur', 'Conducteur']","['-1', '-1', '-1', '-1']",['Domicile – travail'],"['Arrière', 'Avant', 'Arrière', 'Arrière']","['Même sens', 'Sans changement de direction', 'Sans changement de direction', 'Sans changement de direction']","PK ou PR ou numéro d’adresse postale croissant,PK ou PR ou numéro d’adresse postale croissant,PK ou PR ou numéro d’adresse postale croissant,PK ou PR ou numéro d’adresse postale croissant","['Véhicule', 'Véhicule', 'Véhicule', 'Véhicule']",,"['VL seul', 'VU seul 1', 'VL seul', 'VU seul 1']",,,,2019,Draveil,91,Essonne,200058477,CA Val d'Yerres Val de Seine,11,Île-de-France,Draveil,91201
201900000017,2019-11-29T05:50:00+00:00,Fort-de-france,2019,11,29,06:50,Plein jour,En agglomération,1,Normale,Autre collision,97,97209,97209,GABARES (RUE DES),"14,6030300","-61,0726400",97200,,"{'lon': -61.072746, 'lat': 14.602994}",(1),normale,0,A sens unique,,,GABARES (RUE DES),,,,1.0,Voie Communale,,Partie rectiligne,Plat,,Sur chaussée,['2002'],['Masculin'],['Traversant'],['Blessé'],,,['Sur chaussée - A – 50 m du passage piéton'],A01,['10'],['Piéton'],['Seul'],['Domicile – école'],['Avant'],['Sans changement de direction'],3,['Piéton'],,['VL seul'],,,,2019,Fort-de-France,972,Martinique,249720061,CA du Centre de la Martinique,02,Martinique,Fort-de-France,97209
201900000345,2019-08-16T13:55:00+00:00,Reims,2019,08,16,15:55,Plein jour,En agglomération,1,Normale,Deux véhicules – par le coté,51,51454,51454,RUE DU RUISSELET,"49,2439100","4,0353200",51100,,"{'lon': 4.038355, 'lat': 49.244888}",0,normale,0,Bidirectionnelle,,,RUE DU RUISSELET,,,,0.0,Voie Communale,0.0,Partie rectiligne,Plat,Carrefour aménagé,Sur chaussée,['1965'],['Féminin'],['Se déplaçant'],['Blessé'],,,['-1'],"A01,B01",['1'],['Conducteur'],['-1'],['Autre'],"['Côté droit', 'Côté gauche']","['Dépassant A gauche', 'Sans changement de direction']","3,3","['Véhicule', 'Véhicule']",,"['VL seul', 'Bicyclette']",,,,2019,Reims,51,Marne,200067213,CU du Grand Reims,44,Grand Est,Reims,51454
201900000964,2019-09-06T14:00:00+00:00,La Queue-en-brie,2019,09,06,16:00,Plein jour,En agglomération,1,Normale,Autre collision,94,94060,94060,MARMOUSETS (CHE DES),"48,7722100","2,5860700",94510,,"{'lon': 2.566798, 'lat': 48.795698}",0,normale,0,A sens unique,,,MARMOUSETS (CHE DES),,,,1.0,Parc de stationnement ouvert à la circulation publique,0.0,Partie rectiligne,Plat,,8,['1996'],['Masculin'],['-1'],['Blessé'],,,['-1'],A01,['2'],['Conducteur'],['-1'],['Autre'],['Avant'],['Manœuvre d’évitement'],3,,['Arbre'],['Motocyclette > 125 cm3'],,,,2019,La Queue-en-Brie,94,Val-de-Marne,200054781,Métropole du Grand Paris,11,Île-de-France,La Queue-en-Brie,94060
201900001153,2019-02-13T06:36:00+00:00,Poitiers,2019,02,13,07:36,Plein jour,En agglomération,2,Normale,Deux véhicules – par le coté,86,86194,86194,JOHN KENNEDY (AVENUE),"46,5846704","0,3665189",86000,,"{'lon': 0.361079, 'lat': 46.589674}",2,normale,0,Bidirectionnelle,,,162,,,,2.0,Route Départementale,357.0,Partie rectiligne,Plat,,Sur chaussée,"['1974', '2003', '1999']","['Féminin', 'Masculin', 'Féminin']","['Se déplaçant', 'Se déplaçant', 'Se déplaçant']","['Blessé', 'Blessé', 'Indemne']",,,"['-1', '-1', '-1']","B01,A01","['1', '2', '1']","['Conducteur', 'Passager', 'Conducteur']","['-1', '-1', '-1']","['Domicile – travail', 'Domicile – école']","['Côté droit', 'Avant']","['En s’insérant', 'En s’insérant']","3,3","['Véhicule', 'Véhicule']",,"['VL seul', 'VL seul']",,,,2019,Poitiers,86,Vienne,200069854,CU du Grand Poitiers,75,Nouvelle-Aquitaine,Poitiers,86194
201900001341,2019-05-11T03:35:00+00:00,Villebon-sur-yvette,2019,05,11,05:35,Nuit sans éclairage public,Hors agglomération,1,Pluie forte,Sans collision,91,91661,91661,RD 188 CHEVREUSE,"48,7049000","2,2498000",91140,188,"{'lon': 2.216588, 'lat': 48.70106}",4,mouillée,0,A sens unique,,,188,,,,1.0,Route Nationale,10.0,Partie rectiligne,Bas de côte,Bretelle d’échangeur ou de raccordement,Sur chaussée,['1990'],['Masculin'],['Se déplaçant'],['Blessé'],,,,A01,['1'],['Conducteur'],['-1'],,['Avant'],['Sans changement de direction'],PK ou PR ou numéro d’adresse postale décroissant,,['Glissière métallique'],['VL seul'],,,,2019,Villebon-sur-Yvette,91,Essonne,200056232,CA Communauté Paris-Saclay,11,Île-de-France,Villebon-sur-Yvette,91661
201900001755,2019-10-24T16:50:00+00:00,Curienne,2019,10,24,18:50,Nuit sans éclairage public,Hors agglomération,1,Normale,Sans collision,73,73097,73097,D11,"45,5631958","6,0192204",73190,11,"{'lon': 6.020018, 'lat': 45.558641}",(1),normale,,-1,,,11,,,,2.0,Route Départementale,,En courbe à gauche,Pente,,Sur chaussée,['1982'],['Masculin'],['Se déplaçant'],['Blessé'],,,,A01,['1'],['Conducteur'],['-1'],['Promenade – loisirs'],,,,,,['Motocyclette > 50 cm3 et <= 125 cm3'],,,,2019,Curienne,73,Savoie,200069110,CA du Grand Chambéry,84,Auvergne-Rhône-Alpes,Curienne,73097
201900002640,2019-07-09T09:20:00+00:00,Epinay-sous-senart,2019,07,09,11:20,Plein jour,En agglomération,6,Normale,Deux véhicules - frontale,91,91215,91215,ANATOLE FRANCE (RUE),"48,6962000","2,5258600",91860,,"{'lon': 2.52598, 'lat': 48.697163}",0,normale,0,Bidirectionnelle,,,ANATOLE FRANCE (RUE),,,,2.0,Voie Communale,0.0,Partie rectiligne,Plat,,Sur accotement,"['1962', '1946']","['Masculin', 'Féminin']","['Traversant', 'Se déplaçant']","['Blessé', 'Indemne']",,,['Sur passage piéton - Sans signalisation lumineuse'],"A01,A01","['10', '1']","['Piéton', 'Conducteur']","['Seul', '-1']",['Courses – achats'],"['-1', 'Avant']","['-1', 'Sans changement de direction']","-1,PK ou PR ou numéro d’adresse postale décroissant","['-1', 'Piéton']",['-1'],"['0', 'VL seul']",,,,2019,Épinay-sous-Sénart,91,Essonne,200058477,CA Val d'Yerres Val de Seine,11,Île-de-France,Épinay-sous-Sénart,91215
201900004172,2019-07-09T16:50:00+00:00,La Londe-les-maures,2019,07,09,18:50,Plein jour,En agglomération,1,Normale,Deux véhicules - frontale,83,83071,83071,Avenue des Collines Bleues,"43,1751170","6,2834820",83250,,"{'lon': 6.283482, 'lat': 43.175117}",(1),normale,,Bidirectionnelle,,,,,,,2.0,Voie Communale,,En courbe à gauche,Pente,,Sur chaussée,"['1947', '1990']","['Masculin', 'Masculin']","['Se déplaçant', 'Se déplaçant']","['Indemne', 'Blessé']",,,,"A01,B01","['1', '1']","['Conducteur', 'Conducteur']","['-1', '-1']","['Promenade – loisirs', 'Autre']",['Avant gauche'],"['Sans changement de direction', 'Sans changement de direction']","3,3","['Véhicule', 'Véhicule']",,"['Scooter > 125 cm3', 'VL seul']",,,,2019,La Londe-les-Maures,83,Var,200027100,CC Méditerranée Porte des Maures,93,Provence-Alpes-Côte d'Azur,La Londe-les-Maures,83071
201900004735,2019-03-25T07:00:00+00:00,Clermont-ferrand,2019,03,25,08:00,Plein jour,En agglomération,1,Normale,Deux véhicules – par le coté,63,63113,63113,CRISTAL (AVENUE ERNEST),"45,7602864","3,1368338",63100,,"{'lon': 3.077658, 'lat': 45.7859}",1,normale,0,Bidirectionnelle,,,765,,,,2.0,7,150.0,Partie rectiligne,Plat,,Sur bande d’arrêt d’urgence,"['1966', '1975']","['Masculin', 'Féminin']","['Se déplaçant', '-1']","['Indemne', 'Tué']",,,"['-1', '-1']","A01,B01","['1', '1']","['Conducteur', 'Conducteur']","['-1', '-1']","['Utilisation professionnelle', 'Domicile – travail']","['Côté gauche', 'Avant']","['En faisant demi-tour sur la chaussée', 'Dépassant A gauche']","PK ou PR ou numéro d’adresse postale décroissant,PK ou PR ou numéro d’adresse postale décroissant","['Véhicule', 'Véhicule']",,"['PL seul > 7', '43']",,,,2019,Clermont-Ferrand,63,Puy-de-Dôme,246300701,Clermont Auvergne Métropole,84,Auvergne-Rhône-Alpes,Clermont-Ferrand,63113
201900004843,2019-10-20T11:20:00+00:00,Besancon,2019,10,20,13:20,Plein jour,Hors agglomération,1,Temps couvert,Deux véhicules - frontale,25,25056,25056,MORRE ROUTE DE,"47,2258900","6,0494000",25000,,"{'lon': 5.98349, 'lat': 47.22902}",1,mouillée,0,Bidirectionnelle,,,571,,,,2.0,Route Départementale,550.0,En « S »,Pente,,Sur chaussée,"['1997', '1987', '1987', '1987', '1987']","['Masculin', 'Masculin', 'Masculin', 'Masculin', 'Féminin']","['Se déplaçant', 'Se déplaçant', 'Se déplaçant', 'Se déplaçant', 'Se déplaçant']","['Blessé', 'Indemne', 'Indemne', 'Indemne', 'Blessé']",,,"['-1', '-1', '-1', '-1', '-1']","B01,A01","['1', '1', '2', '4', '3']","['Conducteur', 'Conducteur', 'Passager', 'Passager', 'Passager']","['-1', '-1', '-1', '-1', '-1']","['Promenade – loisirs', 'Promenade – loisirs', 'Promenade – loisirs']","['Avant', 'Côté gauche']","['Même sens', 'Même sens']","PK ou PR ou numéro d’adresse postale décroissant,PK ou PR ou numéro d’adresse postale croissant","['Véhicule', 'Véhicule']",,"['VL seul', 'VL seul']",,,,2019,Besançon,25,Doubs,242500361,CA du Grand Besançon,27,Bourgogne-Franche-Comté,Besançon,25056
201900005274,2019-07-11T00:30:00+00:00,Boulogne-billancourt,2019,07,11,02:30,Nuit avec éclairage public allumé,En agglomération,1,Normale,Autre collision,92,92012,92012,ILE DE FRANCE (PASSAGE),"48,8308400","2,2347400",92100,,"{'lon': 2.245935, 'lat': 48.833668}",0,normale,0,Bidirectionnelle,,,ILE DE FRANCE (PASSAGE),,,,1.0,Voie Communale,0.0,Partie rectiligne,Plat,,Sur chaussée,['2006'],['Féminin'],['Se déplaçant'],['Blessé'],,,['-1'],A01,['1'],['Conducteur'],['-1'],['Promenade – loisirs'],['Avant'],['Sans changement de direction'],PK ou PR ou numéro d’adresse postale croissant,,['Glissière métallique'],['Scooter < 50 cm3'],,,,2019,Boulogne-Billancourt,92,Hauts-de-Seine,200054781,Métropole du Grand Paris,11,Île-de-France,Boulogne-Billancourt,92012
201900013542,2019-02-01T06:10:00+00:00,Gaillard,2019,02,01,07:10,Nuit avec éclairage public allumé,En agglomération,1,Pluie forte,Deux véhicules – par le coté,74,74133,74133,CHATELET (RUE DU),"46,1902800","6,2119300",74240,,"{'lon': 6.213631, 'lat': 46.189565}",0,mouillée,0,Bidirectionnelle,,,CHATELET (RUE DU),,,,2.0,Voie Communale,1.0,Partie rectiligne,Plat,,Sur bande d’arrêt d’urgence,"['1990', '1994']","['Masculin', 'Masculin']","['Se déplaçant', 'Se déplaçant']","['Indemne', 'Blessé']",,,,"B01,A01","['1', '1']","['Conducteur', 'Conducteur']","['-1', '-1']","['Domicile – travail', 'Promenade – loisirs']","['Arrière gauche', 'Avant gauche']","['26', 'Déporté A gauche']","PK ou PR ou numéro d’adresse postale décroissant,PK ou PR ou numéro d’adresse postale décroissant","['Véhicule', 'Véhicule']",['Véhicule en stationnement'],"['VL seul', 'VL seul']",,,,2019,Gaillard,74,Haute-Savoie,200011773,CA Annemasse-les Voirons-Agglomération,84,Auvergne-Rhône-Alpes,Gaillard,74133
201900014958,2019-12-19T14:00:00+00:00,Le Moule,2019,12,19,15:00,Plein jour,Hors agglomération,4,Normale,Deux véhicules – par le coté,97,97117,97117,Durival,"16,3502430","-61,4203580",97160,,"{'lon': -61.416001, 'lat': 16.347212}",(1),normale,0,Bidirectionnelle,,,123,,D,,2.0,Route Départementale,,Partie rectiligne,Plat,,Sur chaussée,"['1968', '2000', '1997']","['Masculin', 'Féminin', 'Masculin']","['Se déplaçant', 'Se déplaçant', 'Se déplaçant']","['Blessé', 'Indemne', 'Indemne']",,,,"A01,B01","['1', '2', '1']","['Conducteur', 'Passager', 'Conducteur']","['-1', '-1', '-1']",,"['Arrière gauche', 'Avant']","['Tournant A gauche', 'Sans changement de direction']",,"['Véhicule', 'Véhicule']",,"['VL seul', 'Cyclomoteur <50cm3']",,,,2019,Le Moule,971,Guadeloupe,200044691,CA du Nord Grande Terre,01,Guadeloupe,Le Moule,97117
201900015857,2019-04-27T14:25:00+00:00,Belleau,2019,04,27,16:25,Plein jour,Hors agglomération,2,Normale,Deux véhicules – par le coté,54,54059,54059,Rue de Nomeny,"48,8395900","6,1640750",54610,,"{'lon': 6.197748, 'lat': 48.876882}",4,normale,0,Bidirectionnelle,,,44,,,,2.0,Route Départementale,400.0,Partie rectiligne,Bas de côte,,Sur chaussée,"['1962', '1977']","['Masculin', 'Féminin']","['Se déplaçant', 'Se déplaçant']","['Blessé', 'Indemne']",,,,"A01,B01","['1', '1']","['Conducteur', 'Conducteur']","['-1', '-1']","['Promenade – loisirs', 'Promenade – loisirs']","['Avant gauche', 'Avant']","['Tournant A gauche', 'Dépassant A gauche']","PK ou PR ou numéro d’adresse postale croissant,PK ou PR ou numéro d’adresse postale croissant",['Véhicule'],,"['VL seul', 'Motocyclette > 125 cm3']",,,,2019,Belleau,54,Meurthe-et-Moselle,200070589,CC de Seille et Grand Couronné,44,Grand Est,Belleau,54059
201200032276,2012-06-11T15:30:00+00:00,Wambrechies,2012,06,11,17:30,Plein jour,En agglomération,1,Normale,Autre collision,59,636,59636,"525, BLEU BORDEAU CHEMIN",,,59118,525,"{'lon': 3.023123, 'lat': 50.68493}",,flaques,,Bidirectionnelle,,00,0,0.0,,0.0,2.0,Voie Communale,,En courbe à droite,Plat,,Sur chaussée,"['1991', '1991', '1991']","['Féminin', 'Masculin', 'Masculin']","['Se déplaçant', 'Se déplaçant', 'Se déplaçant']","['Blessé', 'Blessé', 'Blessé']","['Ceinture', 'Ceinture', 'Ceinture']","['Oui', 'Oui', 'Oui']",,A01,"['1', '2', '3']","['Conducteur', 'Passager', 'Passager']",,,['Avant'],['Sans changement de direction'],,,['Bâtiment'],['VL seul'],,,,2015,Wambrechies,59,Nord,245900410,Métropole Européenne de Lille,31,Nord-Pas-de-Calais,Wambrechies,59636
201800006209,2018-09-26T11:00:00+00:00,Succieu,2018,09,26,13:00,Plein jour,Hors agglomération,1,Normale,Deux véhicules - frontale,38,498,38498,Lieu dit le Javet,4552965,0534396,38300,,"{'lon': 5.346587, 'lat': 45.529027}",,normale,,Bidirectionnelle,,00,,,,,2.0,autre,,En courbe à droite,Sommet de côte,,Sur chaussée,"['1963', '1997']","['Féminin', 'Masculin']","['Se déplaçant', 'Se déplaçant']","['Indemne', 'Blessé']","['Ceinture', 'Ceinture']","['Oui', 'Oui']",,"A01,B01","['1', '1']","['Conducteur', 'Conducteur']",,"['Utilisation professionnelle', 'Utilisation professionnelle']","['Avant gauche', 'Avant gauche']","['Sans changement de direction', 'Sans changement de direction']",,"['Véhicule', 'Véhicule']",,"['VU seul 1', 'Autocar']",['7'],Métropole,,2018,Succieu,38,Isère,243800604,CA Porte de l'Isère (C.A.P.I),84,Auvergne-Rhône-Alpes,Succieu,38498